slug,name,role,file,width,height,orientation,subject,depicts,tags,authorName,authorUrl,uploadedByBusiness,creditLine,license,photoUrl,mapUrl
tokyo-here-shinjuku,&Here SHINJUKU,hero,tokyo/photos/tokyo-here-shinjuku/hero.webp,1600,1066,landscape,space-exterior,place,rooftop|golden-hour|skyline,&Here SHINJUKU,https://maps.google.com/maps/contrib/109346197852393325392,true,Photo: &Here SHINJUKU via Google Maps,google-maps-contributor,https://lh3.googleusercontent.com/gps-cs-s/AHRPTWmB8m8EMtaO7GlBY1BmKngXlynGTlw4Wr7EGWR4KU_noOuwD_bN_S7stsqLvJS3ONwab1HWE83A5Mz5khqcL-GHTbWMmbIvlgPoYjZgjyrfEm33NMQwNO0TH6h5WFiuMXyh1Jm2S54IQc35=s2048,https://www.google.com/maps?cid=15414129259335587673
tokyo-here-shinjuku,&Here SHINJUKU,alt-1,tokyo/photos/tokyo-here-shinjuku/alt-1.webp,1600,1066,landscape,space-interior,place,design|retro|moody,&Here SHINJUKU,https://maps.google.com/maps/contrib/109346197852393325392,true,Photo: &Here SHINJUKU via Google Maps,google-maps-contributor,https://lh3.googleusercontent.com/gps-cs-s/AHRPTWlN6zdUJos9r29a6Y41Bt1lfjOs2WJju_5X4cTmdSALVNijpocCLLp1Iu4QielD9dN00WIek23jdrc2Wrf_5H-eQNtxbkQxwyjVTaIEf7-Nnv4nbKJ1rTg6gb3rXa7XN2TonuU_oS55Um0P=s2048,https://www.google.com/maps?cid=15414129259335587673
tokyo-here-shinjuku,&Here SHINJUKU,alt-2,tokyo/photos/tokyo-here-shinjuku/alt-2.webp,1600,1066,landscape,space-exterior,place,night|street|green,&Here SHINJUKU,https://maps.google.com/maps/contrib/109346197852393325392,true,Photo: &Here SHINJUKU via Google Maps,google-maps-contributor,https://lh3.googleusercontent.com/gps-cs-s/AHRPTWmjYtgoTSFn8in0Dedb8MlKAiXpe-XZeDS7aM12BAak5i0Ad7vZMPp55t72fm2NI72b2HXVS9xEWvMyelAxfDjuu0SVvM63zB9EK-SnwOPn1T6pyyxkv8yDU4dEu5ZattlWa6ZcZGqJurw9=s2048,https://www.google.com/maps?cid=15414129259335587673
tokyo-here-shinjuku,&Here SHINJUKU,alt-3,tokyo/photos/tokyo-here-shinjuku/alt-3.webp,1600,1067,landscape,space-interior,place,minimal|cozy,&Here SHINJUKU,https://maps.google.com/maps/contrib/109346197852393325392,true,Photo: &Here SHINJUKU via Google Maps,google-maps-contributor,https://lh3.googleusercontent.com/gps-cs-s/AHRPTWky5N4SpmbsCyuSTRFObA3VYK6wYE6SKWtizsMJyLKYTbAidKOWzQDTJpxDGs_sm2djTSSFDWzSX-TWxYufeaNWp0wK_tbaO0YtKhYsWef0r8RIIWygTVzcC1jY7d7i6TzQERj6wINCXUs=s2048,https://www.google.com/maps?cid=15414129259335587673
tokyo-here-tokyo-ueno,&Here TOKYO UENO,hero,tokyo/photos/tokyo-here-tokyo-ueno/hero.webp,1600,1067,landscape,space-interior,place,green|design|night,&Here TOKYO UENO,https://maps.google.com/maps/contrib/112024608658954493573,true,Photo: &Here TOKYO UENO via Google Maps,google-maps-contributor,https://lh3.googleusercontent.com/gps-cs-s/ANWiy9SlQqxnwyWsWWfMEHgo7x8dXMFtkJh1_R3WP7b02n9jVj78zlryx-xusROYx3l7_GHjHX_mkBRycQxF1D7A-lrjUPlBisYpgjlEALrbFQX9dQUPaDryJeqLIzv9cx63s8F0uNGtlQ=s2048,https://www.google.com/maps?cid=9893200600166641858
tokyo-here-tokyo-ueno,&Here TOKYO UENO,alt-1,tokyo/photos/tokyo-here-tokyo-ueno/alt-1.webp,1600,1068,landscape,space-interior,place,night|skyline|serene,&Here TOKYO UENO,https://maps.google.com/maps/contrib/112024608658954493573,true,Photo: &Here TOKYO UENO via Google Maps,google-maps-contributor,https://lh3.googleusercontent.com/gps-cs-s/AHRPTWlGCD4ezpPtKTBr-18d1rTRhPGfOZ_YTA9f2pIg_9685n5t4n-A9nTd_IL37oXDrrE5FPVRL121F0q3lfgylwQDkFE8mmMpIzMr3qDTPUsGK5-gvRcmvTRDeOitPhhzTuqGQ3e8Wg=s2048,https://www.google.com/maps?cid=9893200600166641858
tokyo-here-tokyo-ueno,&Here TOKYO UENO,alt-2,tokyo/photos/tokyo-here-tokyo-ueno/alt-2.webp,1600,1066,landscape,space-interior,place,bright|daytime|skyline,&Here TOKYO UENO,https://maps.google.com/maps/contrib/112024608658954493573,true,Photo: &Here TOKYO UENO via Google Maps,google-maps-contributor,https://lh3.googleusercontent.com/gps-cs-s/AHRPTWl1HnnrWJ6upIya5jnbfWiYFK1qp902jiLOmbECGD72jyInj3PVM196bZUEuGchcwxYq44_n_oQa0ovdu7wiodtm1mbtZIEhbU2isSNSSijzgVPFr-g6lqEMfdGujfoUD4IW-3h=s2048,https://www.google.com/maps?cid=9893200600166641858
tokyo-here-tokyo-ueno,&Here TOKYO UENO,alt-3,tokyo/photos/tokyo-here-tokyo-ueno/alt-3.webp,1600,1067,landscape,space-interior,place,design|cozy,&Here TOKYO UENO,https://maps.google.com/maps/contrib/112024608658954493573,true,Photo: &Here TOKYO UENO via Google Maps,google-maps-contributor,https://lh3.googleusercontent.com/gps-cs-s/AHRPTWkN4v6DO1sGFUa7SrvZwpxyoOAeLpE7ek1J3TX4xEzv-FhiuZ-IiqqhgHggQP-s8zNgIBEqJgavl3Uu1doj-zmryiUolOAJNfiLX09e__we0rZTtBvYU_zJwRNKXtRzS9GjGXbA=s2048,https://www.google.com/maps?cid=9893200600166641858
tokyo-106-0031-tokyo-minato-city-nishiazabu-2-ch-me-15-12,"〒106-0031 Tokyo, Minato City, Nishiazabu, 2-chōme−15−12 Ｔｈｅｓｅ",hero,tokyo/photos/tokyo-106-0031-tokyo-minato-city-nishiazabu-2-ch-me-15-12/hero.webp,1600,1200,landscape,space-interior,place,moody|cozy|night,K孫,https://maps.google.com/maps/contrib/115089051690766474744,false,Photo: K孫 via Google Maps,google-maps-contributor,https://lh3.googleusercontent.com/grass-cs/ACvplmMyBgwwiew5PPRKLsNaJItX1D2Bk0TnNWbYCykZE22uCQxC8Xk1owI5_lx8i9Ru4K-bfQguDXqU8eSfCozZ3Rr4IbrOhwJt5ZatgJR5Vv7InWlqx1Bb5t-qo-oy0gRJnH-u94h0PQ=s2048,https://www.google.com/maps?cid=5340327927707956561
tokyo-106-0031-tokyo-minato-city-nishiazabu-2-ch-me-15-12,"〒106-0031 Tokyo, Minato City, Nishiazabu, 2-chōme−15−12 Ｔｈｅｓｅ",alt-1,tokyo/photos/tokyo-106-0031-tokyo-minato-city-nishiazabu-2-ch-me-15-12/alt-1.webp,1600,1066,landscape,drink,place,moody|intimate,Midori Hirose,https://maps.google.com/maps/contrib/110700631498963240390,false,Photo: Midori Hirose via Google Maps,google-maps-contributor,https://lh3.googleusercontent.com/gps-cs-s/ANWiy9QXxepmdEDZR4juKAwkfSwvxQp25ZIvW1MqSxxjYVH5yqK5d3kMJdR2pyJVNXCWpIeZHiYOxpNLbnERW43NWROXohx7ituGmOHhS9wVAdu4OFRo0XMijtbCs7q0xF9SKui8FEP4hQ=s2048,https://www.google.com/maps?cid=5340327927707956561
tokyo-106-0031-tokyo-minato-city-nishiazabu-2-ch-me-15-12,"〒106-0031 Tokyo, Minato City, Nishiazabu, 2-chōme−15−12 Ｔｈｅｓｅ",alt-2,tokyo/photos/tokyo-106-0031-tokyo-minato-city-nishiazabu-2-ch-me-15-12/alt-2.webp,1201,1600,portrait,detail,place,cozy|moody,happy,https://maps.google.com/maps/contrib/112642553882935547130,false,Photo: happy via Google Maps,google-maps-contributor,https://lh3.googleusercontent.com/gps-cs-s/ANWiy9SaKZ0bDRpUdg8PUDK07mXvglMpnKCITNGgIzKapXausK4R82t6Yfl26dh_yNj0wJmiGhUNdxaDuI40yPFpa00EkU-QKj4vM9klgWxRTWLu_mBS24v3nN3wFnWkgTlOVfvbPgmyhZxcI676=s2048,https://www.google.com/maps?cid=5340327927707956561
tokyo-106-0031-tokyo-minato-city-nishiazabu-2-ch-me-15-12,"〒106-0031 Tokyo, Minato City, Nishiazabu, 2-chōme−15−12 Ｔｈｅｓｅ",alt-3,tokyo/photos/tokyo-106-0031-tokyo-minato-city-nishiazabu-2-ch-me-15-12/alt-3.webp,900,1600,portrait,drink,place,intimate|moody,Cherry Chan,https://maps.google.com/maps/contrib/101627862679436490967,false,Photo: Cherry Chan via Google Maps,google-maps-contributor,https://lh3.googleusercontent.com/gps-cs-s/ANWiy9R0fzWiN0ofeqA1RJgHHr2v1q6xjTjHUdaWkGn-8a4QnapiGBQrbcTkJ40ghbuSgl0d-A5BZrq0mn_zypDHFZzdjfcWb4NVs5llRrJHTEmk-PlYJ-NsY66dfaDc4NSc2WKsZOIGSsTFbjQ=s2048,https://www.google.com/maps?cid=5340327927707956561
tokyo-0-second-lemon-sour-sendai-horumon-yakiniku-barbecue-tokiwatei-shibuya,0-second lemon sour Sendai Horumon Yakiniku Barbecue Tokiwatei Shibuya,hero,tokyo/photos/tokyo-0-second-lemon-sour-sendai-horumon-yakiniku-barbecue-tokiwatei-shibuya/hero.webp,1600,900,landscape,drink,place,moody|lively,0秒レモンサワー 仙台ホルモン焼肉酒場 ときわ亭 渋谷店,https://maps.google.com/maps/contrib/115093611585427494993,false,Photo: 0秒レモンサワー 仙台ホルモン焼肉酒場 ときわ亭 渋谷店 via Google Maps,google-maps-contributor,https://lh3.googleusercontent.com/gps-cs-s/AHRPTWkC04GYAZL1-oL_Vu6r7A8iLRHtfkFBeXRd7Cn6ng077WX4r6Wk9Q-GKVUklrj8oLRgbOnd3V963AvlFpUV0XQ3Gy9ue0hcOoeO4t2t1VJ_Octl2-QQdaNhVzRKGAOjgz3dvL7Z=s2048,https://www.google.com/maps?cid=7918878844055903087
tokyo-0-second-lemon-sour-sendai-horumon-yakiniku-barbecue-tokiwatei-shibuya,0-second lemon sour Sendai Horumon Yakiniku Barbecue Tokiwatei Shibuya,alt-1,tokyo/photos/tokyo-0-second-lemon-sour-sendai-horumon-yakiniku-barbecue-tokiwatei-shibuya/alt-1.webp,1200,1200,square,space-interior,place,counter-seating|bright,0秒レモンサワー 仙台ホルモン焼肉酒場 ときわ亭 渋谷店,https://maps.google.com/maps/contrib/115093611585427494993,false,Photo: 0秒レモンサワー 仙台ホルモン焼肉酒場 ときわ亭 渋谷店 via Google Maps,google-maps-contributor,https://lh3.googleusercontent.com/grass-cs/AABkmLfLN51OivoI3_8NY5Hu-inN-eKpn3yX9cE2rahg4dYfJlahBT_Bj2liSjgwpkdY3nFCJA06x5gS2o0CSC4OZvHE9kMzaWEjnO1EkgNX8rvhVLdh1V6Zk9BDBNuGwfhwhCvLXeD6=s2048,https://www.google.com/maps?cid=7918878844055903087
tokyo-0-second-lemon-sour-sendai-horumon-yakiniku-barbecue-tokiwatei-shibuya,0-second lemon sour Sendai Horumon Yakiniku Barbecue Tokiwatei Shibuya,alt-2,tokyo/photos/tokyo-0-second-lemon-sour-sendai-horumon-yakiniku-barbecue-tokiwatei-shibuya/alt-2.webp,1600,900,landscape,food,place,cozy|lively,0秒レモンサワー 仙台ホルモン焼肉酒場 ときわ亭 渋谷店,https://maps.google.com/maps/contrib/115093611585427494993,false,Photo: 0秒レモンサワー 仙台ホルモン焼肉酒場 ときわ亭 渋谷店 via Google Maps,google-maps-contributor,https://lh3.googleusercontent.com/gps-cs-s/AHRPTWlvljobv4z5u9zl-HjADalzUjhVMrPjx9bSpdXN63-D0sNUGvW6VT-d27Bu4iGlvxWLg7A409vPaP00P2Sprx0E2HJ1OFNxwzX2ycZQSauxVvzxrTueFbThOdCqGl8OLDH7Kvs=s2048,https://www.google.com/maps?cid=7918878844055903087
tokyo-0-second-lemon-sour-sendai-horumon-yakiniku-barbecue-tokiwatei-shibuya,0-second lemon sour Sendai Horumon Yakiniku Barbecue Tokiwatei Shibuya,alt-3,tokyo/photos/tokyo-0-second-lemon-sour-sendai-horumon-yakiniku-barbecue-tokiwatei-shibuya/alt-3.webp,1200,1200,square,drink,place,bright,0秒レモンサワー 仙台ホルモン焼肉酒場 ときわ亭 渋谷店,https://maps.google.com/maps/contrib/115093611585427494993,false,Photo: 0秒レモンサワー 仙台ホルモン焼肉酒場 ときわ亭 渋谷店 via Google Maps,google-maps-contributor,https://lh3.googleusercontent.com/gps-cs-s/AHRPTWmW8qPfciV5w8rm62uNhet0smg-LHjk7H2UAsM5mWQPsud35hn4mkf0HyvkFbwKozdX4y6EX9CArzuUbrFK1ImsjzvNiMxxODxzVsRDEyjzQkfmwqWp64N_GK6C4NY6_3rg_hbK=s2048,https://www.google.com/maps?cid=7918878844055903087
tokyo-1-oak-tokyo,1 OAK TOKYO,hero,tokyo/photos/tokyo-1-oak-tokyo/hero.webp,1600,1066,landscape,activity,place,crowd|night|lively,1 OAK TOKYO,https://maps.google.com/maps/contrib/114428562659804454861,true,Photo: 1 OAK TOKYO via Google Maps,google-maps-contributor,https://lh3.googleusercontent.com/gps-cs-s/ANWiy9Rqx3ALVt8mietYvXK9EtLyjacN4V3MZHzqc0sb1Hc4ypWtFyY0YC-BavsV0RYJmN61dYf2kb2441x-SBq0-qv1lNYYd7RKMBRkgaV81E2SK4ay-cSnJhim_nQszMPBOMYL2YK61ZSBbqNY=s2048,https://www.google.com/maps?cid=9609673975813411848
tokyo-1-oak-tokyo,1 OAK TOKYO,alt-1,tokyo/photos/tokyo-1-oak-tokyo/alt-1.webp,1205,1600,portrait,space-interior,place,neon|moody|design,Manabu Komada,https://maps.google.com/maps/contrib/104396033292445868711,false,Photo: Manabu Komada via Google Maps,google-maps-contributor,https://lh3.googleusercontent.com/gps-cs-s/ANWiy9TxYLfvZad71aKjmfQJ1g1VhD8_mUjnjU0XWZQjS0--NK1-_Pz35ZU38XF2IzrvMaTU872WMHnxUwE9PbX9GQwcdEa5pgmbNmZJ8PLoKnZSaU_0jBjLnU83QnJ6C_SvGpGxIPt8KA=s2048,https://www.google.com/maps?cid=9609673975813411848
tokyo-1-oak-tokyo,1 OAK TOKYO,alt-2,tokyo/photos/tokyo-1-oak-tokyo/alt-2.webp,1600,1200,landscape,space-exterior,place,night|street|minimal,Liz,https://maps.google.com/maps/contrib/114773154834440097930,false,Photo: Liz via Google Maps,google-maps-contributor,https://lh3.googleusercontent.com/gps-cs-s/ANWiy9RflptN-xci3_NX1bh6dXvf1mN9rkCRI_tNChuW6tlsUyZ4edac6gvYXusakU0F8kLIGJaCXyuHaAP7LMmW9gcAyEuu797vnJcBcfh4p_beALx-oK60w18RxgX6o7wNc49QIaf6=s2048,https://www.google.com/maps?cid=9609673975813411848
tokyo-1-oak-tokyo,1 OAK TOKYO,alt-3,tokyo/photos/tokyo-1-oak-tokyo/alt-3.webp,900,1600,portrait,drink,place,night|moody,Liz,https://maps.google.com/maps/contrib/114773154834440097930,false,Photo: Liz via Google Maps,google-maps-contributor,https://lh3.googleusercontent.com/gps-cs-s/ANWiy9Qkg7tRQwNgmam0ud-XTZE0bfqUZ5dCZMhtiQ2DJmP85-suvqzglmXL8MsFW95EfcY6DEqI7KaZxtkRx9SuCvdxmI7YXFBI9hUD9Av-YkJXsZZpbpgqUAGkBN-SfimOu5RGtcy5=s2048,https://www.google.com/maps?cid=9609673975813411848
tokyo-1-ch-me-2-1-sotokanda,1-chōme-2-1 Sotokanda,hero,tokyo/photos/tokyo-1-ch-me-2-1-sotokanda/hero.webp,1600,1200,landscape,space-exterior,surroundings,street|crowd|lively,AmetDj at Italian Wikipedia,,,Photo: AmetDj at Italian Wikipedia via Wikimedia Commons,CC BY-SA 4.0,https://thumb.wikimedia.org/wikipedia/commons/thumb/5/55/Club_Sega_Akihabara_1.jpeg/3840px-Club_Sega_Akihabara_1.jpeg,https://www.google.com/maps?cid=8134889038086684388
tokyo-1-ch-me-2-1-sotokanda,1-chōme-2-1 Sotokanda,alt-1,tokyo/photos/tokyo-1-ch-me-2-1-sotokanda/alt-1.webp,1600,1071,landscape,space-exterior,surroundings,street|golden-hour,おいしい水（濃縮還元）,,,Photo: おいしい水（濃縮還元） via Wikimedia Commons,CC BY-SA 3.0,https://thumb.wikimedia.org/wikipedia/commons/thumb/0/01/Akihabara_-_panoramio_-_%E3%81%8A%E3%81%84%E3%81%97%E3%81%84%E6%B0%B4%EF%BC%88%E6%BF%83%E7%B8%AE%E9%82%84%E5%85%83%EF%BC%89.jpg/3840px-Akihabara_-_panoramio_-_%E3%81%8A%E3%81%84%E3%81%97%E3%81%84%E6%B0%B4%EF%BC%88%E6%BF%83%E7%B8%AE%E9%82%84%E5%85%83%EF%BC%89.jpg,https://www.google.com/maps?cid=8134889038086684388
tokyo-1-ch-me-2-1-sotokanda,1-chōme-2-1 Sotokanda,alt-2,tokyo/photos/tokyo-1-ch-me-2-1-sotokanda/alt-2.webp,1600,776,landscape,space-exterior,surroundings,street|daytime|bright,Laika ac from USA,,,Photo: Laika ac from USA via Wikimedia Commons,CC BY-SA 2.0,https://thumb.wikimedia.org/wikipedia/commons/thumb/6/60/Laika_ac_Akihabara_%287627437164%29.jpg/3840px-Laika_ac_Akihabara_%287627437164%29.jpg,https://www.google.com/maps?cid=8134889038086684388
tokyo-1-ch-me-2-1-sotokanda,1-chōme-2-1 Sotokanda,alt-3,tokyo/photos/tokyo-1-ch-me-2-1-sotokanda/alt-3.webp,1600,1200,landscape,space-exterior,surroundings,street|daytime|skyline,"William J Sisti from Morristown, NJ, USA",,,"Photo: William J Sisti from Morristown, NJ, USA via Wikimedia Commons",CC BY-SA 2.0,https://thumb.wikimedia.org/wikipedia/commons/thumb/e/e4/India_Adventure_-_Tokyo_IMG_1215_%2813002402184%29.jpg/3840px-India_Adventure_-_Tokyo_IMG_1215_%2813002402184%29.jpg,https://www.google.com/maps?cid=8134889038086684388
tokyo-1ldk,1LDK,hero,tokyo/photos/tokyo-1ldk/hero.webp,1600,1200,landscape,space-interior,place,night|green|design,MU,https://maps.google.com/maps/contrib/108298460996746437434,false,Photo: MU via Google Maps,google-maps-contributor,https://lh3.googleusercontent.com/gps-cs-s/ANWiy9Q7wf9AMQbng_mFgWB2XQeLKA5KY056168x1HfEpVVFxPH6MwPOVBF_qIzk4VDQ85ARfpLjkkM_kSKmm5NrPxpkL8xzEtzDXT-gMAlGKuU9BR-tCdeS792hvjn1r3uf-nJErICI=s2048,https://www.google.com/maps?cid=13383543050598851629
tokyo-1ldk,1LDK,alt-1,tokyo/photos/tokyo-1ldk/alt-1.webp,1600,1200,landscape,space-exterior,place,daytime|minimal|street,Stanley Tseng,https://maps.google.com/maps/contrib/116521418058374774794,false,Photo: Stanley Tseng via Google Maps,google-maps-contributor,https://lh3.googleusercontent.com/gps-cs-s/ANWiy9Qk_Nj_RQqno8-LPtfm-JmYE116fcXMZNZAupWQOsYXLoMeNycSC320emP33R7kKN9H87oxq409lgB1KT8WSC6GDmvlrHnXxl_iXivvXZMaP4VSlxd7zumahGAg2FTB6IU7zwmG=s2048,https://www.google.com/maps?cid=13383543050598851629
tokyo-1ldk,1LDK,alt-2,tokyo/photos/tokyo-1ldk/alt-2.webp,1593,1600,square,space-exterior,place,street|daytime|green,Barbara Jacops,https://maps.google.com/maps/contrib/108092160084753513612,false,Photo: Barbara Jacops via Google Maps,google-maps-contributor,https://lh3.googleusercontent.com/gps-cs-s/ANWiy9Txyamm76gYFW81NxacYePs3zItf7bBOSAFIHluecf9IbmBFaYYurbMA5j1aKDY-lSI6P_qNCz5Vem1EdkJ6GEIW2ELBfuCZLpddxJ5QWrYvoM27djGHsl9QqkCJanF2hwF5kNr=s2048,https://www.google.com/maps?cid=13383543050598851629
tokyo-1ldk,1LDK,alt-3,tokyo/photos/tokyo-1ldk/alt-3.webp,1600,1116,landscape,detail,place,bright|minimal,Cheng-Ming Chao (Kein),https://maps.google.com/maps/contrib/105416488877397102331,false,Photo: Cheng-Ming Chao (Kein) via Google Maps,google-maps-contributor,https://lh3.googleusercontent.com/gps-cs-s/ANWiy9R4Q_4xpW7qXCzgBg0AmM3AvAiYUIbiA0UOaptsM7fM5v3Tn6d0fRHN142T-TWJqTwsoxtC_wY4Sfg4OldcqhADFKSwUsGBrjt1Ayalnl5y1rCGPLvWdKVxj1SDbPwQwiWUDqve=s2048,https://www.google.com/maps?cid=13383543050598851629
tokyo-21-21-design-sight,21_21 DESIGN SIGHT,hero,tokyo/photos/tokyo-21-21-design-sight/hero.webp,1600,900,landscape,space-exterior,place,daytime|design|green|bright,21_21 DESIGN SIGHT,https://maps.google.com/maps/contrib/108918157469507268780,true,Photo: 21_21 DESIGN SIGHT via Google Maps,google-maps-contributor,https://lh3.googleusercontent.com/grass-cs/ACvplmMiBXsBsE9x1Doi33z_eq98blOpr-2_vISreHWT_4r3CxtA5q9hhu50yHfOUOjT_pXdHOUCuvwRi2qIL3XLW9_h7s3uYXRq6y5Lw4HSKqc0aN9jUjuTuUW9b08TdI6jYlr3V9o=s2048,https://www.google.com/maps?cid=18351375368394313434
tokyo-21-21-design-sight,21_21 DESIGN SIGHT,alt-1,tokyo/photos/tokyo-21-21-design-sight/alt-1.webp,1600,1200,landscape,space-interior,place,minimal|design|serene,megane c,https://maps.google.com/maps/contrib/110942456634447653564,false,Photo: megane c via Google Maps,google-maps-contributor,https://lh3.googleusercontent.com/gps-cs-s/AHRPTWkRt2tiE4lhJ1xzdARZ2kWrKRfMTMI8n0zdDgToVAoRd956v6LVzZy3t4N5InLjWkYjB1deD-zszMWi6YHTiYxztDxKWEtaULfln5CKYvzjGOTO_qa0lZbdrxIkSS7pE_NNghBBhg=s2048,https://www.google.com/maps?cid=18351375368394313434
tokyo-21-21-design-sight,21_21 DESIGN SIGHT,alt-2,tokyo/photos/tokyo-21-21-design-sight/alt-2.webp,1600,1600,square,detail,place,design|moody|minimal,_ loney,https://maps.google.com/maps/contrib/115083893788586410921,false,Photo: _ loney via Google Maps,google-maps-contributor,https://lh3.googleusercontent.com/gps-cs-s/AHRPTWme5pZ61TNAFo5zdodGQHmW6CokCeDJNeEx83LqezKnOwww7IXVMuF7Jucn9UqRruWSiInv1mgMfYsZH-umdS1FutQJbYih9c7BliS5HYdwjsURuees9eoPHO1GxQ_O5oey8JQe=s2048,https://www.google.com/maps?cid=18351375368394313434
tokyo-21-21-design-sight,21_21 DESIGN SIGHT,alt-3,tokyo/photos/tokyo-21-21-design-sight/alt-3.webp,1600,1200,landscape,art,place,design|bright,DAVID,https://maps.google.com/maps/contrib/108633888401148530610,false,Photo: DAVID via Google Maps,google-maps-contributor,https://lh3.googleusercontent.com/gps-cs-s/AHRPTWnJAzmoN32Sl4fB1VH3zP0tYnskp9AkvFwqX6wVKihLILeCFks49tXsvnzcbWZdnnnnN4pTHpRpfE8P_vK3QHlNXxXCgPZ38ZtfY8fSDXRwd33rOPJUIdCxOEUS3Jc9tqdlVAx4Wg=s2048,https://www.google.com/maps?cid=18351375368394313434
tokyo-2ndbase-by-sanpoucamera,2ndBASE by sanpoucamera,hero,tokyo/photos/tokyo-2ndbase-by-sanpoucamera/hero.webp,1012,677,landscape,space-interior,place,design|retro|bright,2ndBASE by sanpoucamera,https://maps.google.com/maps/contrib/100588950142365603340,true,Photo: 2ndBASE by sanpoucamera via Google Maps,google-maps-contributor,https://lh3.googleusercontent.com/gps-cs-s/ANWiy9Tev4CS2DJZ_f9iW20fZ1HtDBN3069avQ1lN6DDZnIgOyhTvNx0YuvqIMDItCwtwTsnAL7jzRRxMgtZuioXpK9ct4iPYMSUPMe2qYd7h29cDxPAubq0PbElhh3JJ7IeRoR7KyQ=s2048,https://www.google.com/maps?cid=5027532377201157068
tokyo-2ndbase-by-sanpoucamera,2ndBASE by sanpoucamera,alt-1,tokyo/photos/tokyo-2ndbase-by-sanpoucamera/alt-1.webp,1600,1200,landscape,detail,place,retro|cozy,Михаил Рамкин,https://maps.google.com/maps/contrib/107411731238564965157,false,Photo: Михаил Рамкин via Google Maps,google-maps-contributor,https://lh3.googleusercontent.com/gps-cs-s/ANWiy9QcoXn1JtShKkvQ9uyx-vfkMDLsffN_u_Vty4RXFsMG1eRfHJHOwfcT96yOyVXHbMqvPCF2EddtbWPj9xvxvZBV4smmefFJ_ZUfJplZtdGlNJRKbHqCld-7-TDA1JHmT7iSB2b0=s2048,https://www.google.com/maps?cid=5027532377201157068
tokyo-2ndbase-by-sanpoucamera,2ndBASE by sanpoucamera,alt-2,tokyo/photos/tokyo-2ndbase-by-sanpoucamera/alt-2.webp,1600,900,landscape,detail,place,retro,Andy C.,https://maps.google.com/maps/contrib/112700549603534371768,false,Photo: Andy C. via Google Maps,google-maps-contributor,https://lh3.googleusercontent.com/gps-cs-s/ANWiy9S2DJhwscCD4Zitc2u0rik8xo_o8qoQdA4UQQ5mu6T--90uRExFZOBno6Oc7640keIjnSLrGpIJuggzzOcDaFPN7KPQ-LDtz4enxyAfN4O1hBdUaMaRMtPWSKhIG5lgChZfctE9KdT_wNtY=s2048,https://www.google.com/maps?cid=5027532377201157068
tokyo-2ndbase-by-sanpoucamera,2ndBASE by sanpoucamera,alt-3,tokyo/photos/tokyo-2ndbase-by-sanpoucamera/alt-3.webp,1600,1200,landscape,detail,place,retro|design,m m (Antares),https://maps.google.com/maps/contrib/114668765806954570340,false,Photo: m m (Antares) via Google Maps,google-maps-contributor,https://lh3.googleusercontent.com/gps-cs-s/ANWiy9QcTl3ha2DacLfnwWF3gHhvstuZ8mAER-7EZXSedv6gw4FkDGNt6FkflPptbbjW_sKrJRzN2umhEGjFD6vPyJuhGaiQpafXFDRvGweMM0sjwf80taW7c2hXNKa0jFaSSmqImWMlAc3zXxeH=s2048,https://www.google.com/maps?cid=5027532377201157068
tokyo-35-41-13-4-n-139-44-42-9-e,"35°41'13.4""N 139°44'42.9""E",hero,tokyo/photos/tokyo-35-41-13-4-n-139-44-42-9-e/hero.webp,1600,1063,landscape,nature,place,waterfront|skyline|daytime,yisris,,,Photo: yisris via Wikimedia Commons,CC BY 2.0,https://thumb.wikimedia.org/wikipedia/commons/thumb/e/ec/Spring_season_at_the_Imperial_Palace%2C_Tokyo%3B_March_2013_%2805%29.jpg/3840px-Spring_season_at_the_Imperial_Palace%2C_Tokyo%3B_March_2013_%2805%29.jpg,"https://www.google.com/maps?q=35.687068,139.745254"
tokyo-35-41-13-4-n-139-44-42-9-e,"35°41'13.4""N 139°44'42.9""E",alt-1,tokyo/photos/tokyo-35-41-13-4-n-139-44-42-9-e/alt-1.webp,1600,1063,landscape,nature,place,waterfront|serene|green,yisris,,,Photo: yisris via Wikimedia Commons,CC BY 2.0,https://thumb.wikimedia.org/wikipedia/commons/thumb/2/22/Spring_season_at_the_Imperial_Palace%2C_Tokyo%3B_March_2013_%2807%29.jpg/3840px-Spring_season_at_the_Imperial_Palace%2C_Tokyo%3B_March_2013_%2807%29.jpg,"https://www.google.com/maps?q=35.687068,139.745254"
tokyo-35-41-13-4-n-139-44-42-9-e,"35°41'13.4""N 139°44'42.9""E",alt-2,tokyo/photos/tokyo-35-41-13-4-n-139-44-42-9-e/alt-2.webp,1600,1063,landscape,nature,place,crowd|daytime,yisris,,,Photo: yisris via Wikimedia Commons,CC BY 2.0,https://thumb.wikimedia.org/wikipedia/commons/thumb/d/d3/Spring_season_at_the_Imperial_Palace%2C_Tokyo%3B_March_2013_%2808%29.jpg/3840px-Spring_season_at_the_Imperial_Palace%2C_Tokyo%3B_March_2013_%2808%29.jpg,"https://www.google.com/maps?q=35.687068,139.745254"
tokyo-35-41-13-4-n-139-44-42-9-e,"35°41'13.4""N 139°44'42.9""E",alt-3,tokyo/photos/tokyo-35-41-13-4-n-139-44-42-9-e/alt-3.webp,1600,1200,landscape,nature,place,waterfront|serene,Dudva,,,Photo: Dudva via Wikimedia Commons,CC BY-SA 4.0,https://thumb.wikimedia.org/wikipedia/commons/thumb/f/f8/Cherry_blossoms_in_Tokyo%2C_beside_the_moat_of_the_Imperial_Palace.jpg/3840px-Cherry_blossoms_in_Tokyo%2C_beside_the_moat_of_the_Imperial_Palace.jpg,"https://www.google.com/maps?q=35.687068,139.745254"
tokyo-4-ch-me-26-31-jing-mae,4-chōme-26-31 Jingūmae,hero,tokyo/photos/tokyo-4-ch-me-26-31-jing-mae/hero.webp,1600,900,landscape,space-exterior,surroundings,street|crowd|lively,"Ajay Suresh from New York, NY, USA",,,"Photo: Ajay Suresh from New York, NY, USA via Wikimedia Commons",CC BY 2.0,https://thumb.wikimedia.org/wikipedia/commons/thumb/b/b1/Day2-17_%2827751166328%29.jpg/3840px-Day2-17_%2827751166328%29.jpg,https://www.google.com/maps?cid=12768562388522449272
tokyo-4-ch-me-26-31-jing-mae,4-chōme-26-31 Jingūmae,alt-1,tokyo/photos/tokyo-4-ch-me-26-31-jing-mae/alt-1.webp,1600,1200,landscape,art,surroundings,bright|design,Syced,,,Photo: Syced via Wikimedia Commons,CC0,https://thumb.wikimedia.org/wikipedia/commons/thumb/2/2c/Design_Festa_Gallery%2C_in_Harajuku_4.jpg/3840px-Design_Festa_Gallery%2C_in_Harajuku_4.jpg,https://www.google.com/maps?cid=12768562388522449272
tokyo-4-ch-me-26-31-jing-mae,4-chōme-26-31 Jingūmae,alt-2,tokyo/photos/tokyo-4-ch-me-26-31-jing-mae/alt-2.webp,1200,1600,portrait,art,surroundings,retro|design,Syced,,,Photo: Syced via Wikimedia Commons,CC0,https://thumb.wikimedia.org/wikipedia/commons/thumb/9/9b/Design_Festa_Gallery%2C_in_Harajuku.jpg/1920px-Design_Festa_Gallery%2C_in_Harajuku.jpg,https://www.google.com/maps?cid=12768562388522449272
tokyo-4-ch-me-26-31-jing-mae,4-chōme-26-31 Jingūmae,alt-3,tokyo/photos/tokyo-4-ch-me-26-31-jing-mae/alt-3.webp,1600,1200,landscape,space-exterior,surroundings,street|retro,"Cambodia4kids.org Beth Kanter from California, USA",,,"Photo: Cambodia4kids.org Beth Kanter from California, USA via Wikimedia Commons",CC BY 2.0,https://thumb.wikimedia.org/wikipedia/commons/thumb/0/0f/%E9%A3%B2%E9%A3%9F%E3%81%AE_%E6%8C%81%E3%81%A1%E8%BE%BC%E3%81%BF%E7%A6%81%E6%AD%A2_%2853443730694%29.jpg/3840px-%E9%A3%B2%E9%A3%9F%E3%81%AE_%E6%8C%81%E3%81%A1%E8%BE%BC%E3%81%BF%E7%A6%81%E6%AD%A2_%2853443730694%29.jpg,https://www.google.com/maps?cid=12768562388522449272
tokyo-6-ch-me-15-ueno,6-chōme-15 Ueno,hero,tokyo/photos/tokyo-6-ch-me-15-ueno/hero.webp,1600,1067,landscape,space-exterior,surroundings,street|night|neon,"Raita Futo from Tokyo, Japan",,,"Photo: Raita Futo from Tokyo, Japan via Wikimedia Commons",CC BY 2.0,https://thumb.wikimedia.org/wikipedia/commons/thumb/2/22/Ueno_night_streets_%2829043386755%29.jpg/3840px-Ueno_night_streets_%2829043386755%29.jpg,https://www.google.com/maps?cid=250847633871588669
tokyo-6-ch-me-15-ueno,6-chōme-15 Ueno,alt-1,tokyo/photos/tokyo-6-ch-me-15-ueno/alt-1.webp,1600,1067,landscape,space-exterior,surroundings,night|street|lively,"Vitor Coelho Nisida from São Paulo, Brasil",,,"Photo: Vitor Coelho Nisida from São Paulo, Brasil via Wikimedia Commons",Public domain,https://thumb.wikimedia.org/wikipedia/commons/thumb/1/11/-i---i-_%2853028411929%29.jpg/3840px--i---i-_%2853028411929%29.jpg,https://www.google.com/maps?cid=250847633871588669
tokyo-6-ch-me-15-ueno,6-chōme-15 Ueno,alt-2,tokyo/photos/tokyo-6-ch-me-15-ueno/alt-2.webp,1600,1200,landscape,space-exterior,surroundings,daytime|street,WhisperToMe,,,Photo: WhisperToMe via Wikimedia Commons,CC0,https://thumb.wikimedia.org/wikipedia/commons/thumb/5/5c/Uenostation0.jpg/3840px-Uenostation0.jpg,https://www.google.com/maps?cid=250847633871588669
tokyo-6-ch-me-3-nogata,6-chōme-3 Nogata,hero,tokyo/photos/tokyo-6-ch-me-3-nogata/hero.webp,1600,1200,landscape,space-exterior,surroundings,street|daytime,Asanagi,,,Photo: Asanagi via Wikimedia Commons,CC0,https://thumb.wikimedia.org/wikipedia/commons/thumb/d/d5/Mizuguchi_Building_2024-03-10.jpg/3840px-Mizuguchi_Building_2024-03-10.jpg,https://www.google.com/maps?cid=12218105445199465288
tokyo-6-ch-me-3-nogata,6-chōme-3 Nogata,alt-1,tokyo/photos/tokyo-6-ch-me-3-nogata/alt-1.webp,1600,900,landscape,space-exterior,surroundings,daytime|street,Asanagi,,,Photo: Asanagi via Wikimedia Commons,CC0,https://thumb.wikimedia.org/wikipedia/commons/thumb/d/df/Nogata_Station_south_entrance_2024-03-10.jpg/3840px-Nogata_Station_south_entrance_2024-03-10.jpg,https://www.google.com/maps?cid=12218105445199465288
tokyo-7-eleven-yoyogi-sendagaya-4-chome,7-Eleven Yoyogi Sendagaya 4-chome,hero,tokyo/photos/tokyo-7-eleven-yoyogi-sendagaya-4-chome/hero.webp,1600,1200,landscape,space-exterior,place,street|daytime,Rob Hall,https://maps.google.com/maps/contrib/115804774390050258959,false,Photo: Rob Hall via Google Maps,google-maps-contributor,https://lh3.googleusercontent.com/grass-cs/ACvplmP1rsztumfvmyYGFM_t8AIYq92AH38KMGxDrwmRm_7tTDvNI_yNvtDbz1bTG1GXtkxLEvGaYN1v1Ixpfq06t-tqlIW4T2nr5DtygRjj6StgvmecaSA2tDgNTdBn7t7AvERWFmr6yYiFQ9pi=s2048,https://www.google.com/maps?cid=2081573173053217979
tokyo-7-eleven-yoyogi-sendagaya-4-chome,7-Eleven Yoyogi Sendagaya 4-chome,alt-1,tokyo/photos/tokyo-7-eleven-yoyogi-sendagaya-4-chome/alt-1.webp,1200,1600,portrait,space-exterior,place,night|street|bright,A Yasunaga,https://maps.google.com/maps/contrib/118255128340944027696,false,Photo: A Yasunaga via Google Maps,google-maps-contributor,https://lh3.googleusercontent.com/gps-cs-s/AHRPTWklC0ZZl1DrVVi2x-V8yS0C8wVxSpEMvaHeg6ONNo163H0toWusbdlxNXzu-K-_qDyeQfQVEWSdU_YFhxce3BbN3y0g1HAKtTupC1xUt3Y3Oa0XptmztVba2TQ7r9KfCwtTt7FIxIdsovDQ=s2048,https://www.google.com/maps?cid=2081573173053217979
tokyo-7-eleven-yoyogi-sendagaya-4-chome,7-Eleven Yoyogi Sendagaya 4-chome,alt-2,tokyo/photos/tokyo-7-eleven-yoyogi-sendagaya-4-chome/alt-2.webp,1205,1600,portrait,food,place,bright,iussoe,https://maps.google.com/maps/contrib/118185974490655355316,false,Photo: iussoe via Google Maps,google-maps-contributor,https://lh3.googleusercontent.com/gps-cs-s/AHRPTWmKPPC93IFigbcrjBIlPgLnmsDEyHQhoJAuSQ5uKikHV2GXB9GDJSddwNofUgapjiisolF9vfcf3Yz43CG7ehW4aW8WSNDmnIzKlop5_4QsEIpasS1rJrtzYfiAuaROWD2WoAkZKpSA520=s2048,https://www.google.com/maps?cid=2081573173053217979
tokyo-a-happy-pancake-omotesando,A Happy Pancake Omotesando,hero,tokyo/photos/tokyo-a-happy-pancake-omotesando/hero.webp,1600,1200,landscape,food,place,bright|daytime,rululu,https://maps.google.com/maps/contrib/110740814723676270519,false,Photo: rululu via Google Maps,google-maps-contributor,https://lh3.googleusercontent.com/gps-cs-s/AHRPTWkg-5fu8NXOctLo5L7Y923jlcYcbH1OHJPkI_WLnS3ZDd6-kDWORWd--rUbNKvbsRMYairTXsYKtKMpW1EuwQhwP6Q2BRy89qo6FURgrxJT0qjcPTCog900homxD1cv-ZQqESqBEsKQYTEk=s2048,https://www.google.com/maps?cid=15976839811420102512
tokyo-a-happy-pancake-omotesando,A Happy Pancake Omotesando,alt-1,tokyo/photos/tokyo-a-happy-pancake-omotesando/alt-1.webp,1600,900,landscape,food,place,bright,Norihiro Watanabe,https://maps.google.com/maps/contrib/118438700052685473415,false,Photo: Norihiro Watanabe via Google Maps,google-maps-contributor,https://lh3.googleusercontent.com/gps-cs-s/AHRPTWmKspLqpqtqHRi9oN7LruJWlJxIISpKKUF3n2EPcxgd8dRT2SYal1OhA5YpOJ2UNs81APaUZU12ZJMtg2ZXA1PhoX9tT_or7WyeWhZHEE5PUXFP5LLYTqUH9zE8aqGjmvHH87Bn3YDns-FX=s2048,https://www.google.com/maps?cid=15976839811420102512
tokyo-a-happy-pancake-omotesando,A Happy Pancake Omotesando,alt-2,tokyo/photos/tokyo-a-happy-pancake-omotesando/alt-2.webp,720,1280,portrait,food,place,bright|cozy,羊Rayray,https://maps.google.com/maps/contrib/116010111404957882977,false,Photo: 羊Rayray via Google Maps,google-maps-contributor,https://lh3.googleusercontent.com/gps-cs-s/AHRPTWkRqmbqUL03t9buOvH-KK4rtQaMQfUWNoq-kWfpU_qgyEhfsGFmBWpQkXdHSV0PJsQzgVedQYmO1qPA8vb4g8UbQb1ljxhiAQs1E82nYfr660ooRa4O0IRKhrNy99jcPM35b6dy=s2048,https://www.google.com/maps?cid=15976839811420102512
tokyo-a-happy-pancake-omotesando,A Happy Pancake Omotesando,alt-3,tokyo/photos/tokyo-a-happy-pancake-omotesando/alt-3.webp,1600,1200,landscape,food,place,cozy,Tabatha,https://maps.google.com/maps/contrib/105518117277978114042,false,Photo: Tabatha via Google Maps,google-maps-contributor,https://lh3.googleusercontent.com/gps-cs-s/AHRPTWnoQ5tyxpqTdF1mv49J7btH1WZq5P5t_872WIU7wzwaXCkvOVfx4kasNJauNNesRXqYGCkrSCAvlaNoRL3pmT-k4T48sHz9cmNzkkZwUPoFzR1eH_McN4bzZHQJR9zafKnVFduVu9_XESbX=s2048,https://www.google.com/maps?cid=15976839811420102512
tokyo-a10,A10,hero,tokyo/photos/tokyo-a10/hero.webp,1600,1067,landscape,space-interior,place,moody|night|counter-seating|design,A10,https://maps.google.com/maps/contrib/101362833119739376488,true,Photo: A10 via Google Maps,google-maps-contributor,https://lh3.googleusercontent.com/gps-cs-s/ANWiy9QHLML0Pit1xNWdZ0jGCfHK9dGH6etfkU1DznCqpR6XBuoSeoq48BXtrl1ITKvOKf-6rJtJZsdSCF636vD_0sxB_HwJ-ojanNCbit9vM3RuzNq8jpnt1K8P51nuytgjEtp7Djbr=s2048,https://www.google.com/maps?cid=15842377847067952015
tokyo-a10,A10,alt-1,tokyo/photos/tokyo-a10/alt-1.webp,1066,1600,portrait,drink,place,moody|minimal,A10,https://maps.google.com/maps/contrib/101362833119739376488,true,Photo: A10 via Google Maps,google-maps-contributor,https://lh3.googleusercontent.com/gps-cs-s/AHRPTWlbUMR6qTHZ5nr2-opt9atYXeY7aTMioGG4wRUnCnpHCSeWEI6AoTivw5MkTwVTCmEjMzdRjSBVzYpWrX6n9sXmK0mlLiVNsC6w5MYco7jx9c1Htj3-_mYYBseRy0_r6cJyJsc=s2048,https://www.google.com/maps?cid=15842377847067952015
tokyo-a10,A10,alt-2,tokyo/photos/tokyo-a10/alt-2.webp,1200,1600,portrait,drink,place,moody|counter-seating,Alright Food Reviews,https://maps.google.com/maps/contrib/112860856483578634735,false,Photo: Alright Food Reviews via Google Maps,google-maps-contributor,https://lh3.googleusercontent.com/gps-cs-s/AHRPTWl4Jy7MoKSWF2Ct6lGfU8keS67Wrs0M3BC8HlCgEQTF-_9itFcBwPtl5MK-4Ltiuj9neIOKMqfvTezbJVRM16VG7eaNHgwzFnMSLNETAGFdjHfpbsJBUlnsF7Q5I7eUGYWjOzdCleRb2gJP=s2048,https://www.google.com/maps?cid=15842377847067952015
tokyo-a10,A10,alt-3,tokyo/photos/tokyo-a10/alt-3.webp,1600,1200,landscape,drink,place,moody|design,Rafaella Gobara,https://maps.google.com/maps/contrib/109895728446466080492,false,Photo: Rafaella Gobara via Google Maps,google-maps-contributor,https://lh3.googleusercontent.com/gps-cs-s/AHRPTWl5GSAYbtetE3O3FgHZ-MYnFq3nMvnsRzVbS5D9w8oKp2JmjKurAtz8fMgq9UZIDSsBM8rwGvd6OBeLDCVnMr0SuW7rKdLVEJRHpZroqUjHB9Ih1xszJx-5Y8YFf_-Jm-GQPzI3gDSsW1BH=s2048,https://www.google.com/maps?cid=15842377847067952015
tokyo-about-life-coffee-brewers-specialty-coffee-stand,ABOUT LIFE COFFEE BREWERS - Specialty Coffee Stand,hero,tokyo/photos/tokyo-about-life-coffee-brewers-specialty-coffee-stand/hero.webp,1024,768,landscape,space-exterior,place,street|daytime|minimal,ABOUT LIFE COFFEE BREWERS - Specialty Coffee Stand,https://maps.google.com/maps/contrib/105278072809272864819,false,Photo: ABOUT LIFE COFFEE BREWERS - Specialty Coffee Stand via Google Maps,google-maps-contributor,https://lh3.googleusercontent.com/grass-cs/ACvplmPjYQq57nFPVPTBLUSFWs-EbMM8cPLHDnW9B8FonTKMkOkjvSH85azVOw3eXuM7CUC1N3WZLy0Ud9vUGFKnb8s4rgeoTdSeUWheK2s_aevFxt4dJKnXEvyoJeBY4i5Ey9o-Nnw=s2048,https://www.google.com/maps?cid=9965007839153902080
tokyo-about-life-coffee-brewers-specialty-coffee-stand,ABOUT LIFE COFFEE BREWERS - Specialty Coffee Stand,alt-1,tokyo/photos/tokyo-about-life-coffee-brewers-specialty-coffee-stand/alt-1.webp,1600,900,landscape,drink,place,design|minimal,ABOUT LIFE COFFEE BREWERS - Specialty Coffee Stand,https://maps.google.com/maps/contrib/105278072809272864819,false,Photo: ABOUT LIFE COFFEE BREWERS - Specialty Coffee Stand via Google Maps,google-maps-contributor,https://lh3.googleusercontent.com/gps-cs-s/AHRPTWkrjC3OcE7KaRVIDe3g3YXBKHAEmeKQ0XUsTOpx7kELK4K39ylTuIbPXsGRBRO79FRoI2wBcEgpRSsBHySmPlbXEq86h7mp4ZIPN7UwgzUFuPY4sxm8R9K275vvX3EC8ePA6JnVTA=s2048,https://www.google.com/maps?cid=9965007839153902080
tokyo-about-life-coffee-brewers-specialty-coffee-stand,ABOUT LIFE COFFEE BREWERS - Specialty Coffee Stand,alt-2,tokyo/photos/tokyo-about-life-coffee-brewers-specialty-coffee-stand/alt-2.webp,1200,1600,portrait,space-interior,place,counter-seating|daytime,あすか“asuka”,https://maps.google.com/maps/contrib/112512519423618499762,false,Photo: あすか“asuka” via Google Maps,google-maps-contributor,https://lh3.googleusercontent.com/gps-cs-s/AHRPTWk31L6amcDgHSCgMjoMI9q8Ta3E-DeHnBeCIN0aUwG6f-P0XfHHKPDuu4oMvf-dD6_DDwE8VNerzPnT4ps5EcjjW8EQbZR0CGNaoTGNgzkenlf1juK7jmGA7ATV7Fp-UZtajdLnXSMMcFow=s2048,https://www.google.com/maps?cid=9965007839153902080
tokyo-about-life-coffee-brewers-specialty-coffee-stand,ABOUT LIFE COFFEE BREWERS - Specialty Coffee Stand,alt-3,tokyo/photos/tokyo-about-life-coffee-brewers-specialty-coffee-stand/alt-3.webp,1600,1199,landscape,space-exterior,place,street|daytime,¡Vamos!,https://maps.google.com/maps/contrib/113504838925999761121,false,Photo: ¡Vamos! via Google Maps,google-maps-contributor,https://lh3.googleusercontent.com/gps-cs-s/AHRPTWnb3Tb-ahKgwVl9tj3C6tb8iB5lqJPggNXUSwuJA8ELt9HkTXiSinC38__Ms2Um7F7_diM4P-dT2IFAtZRG-Lw4wnVjRzV3JEa7Qikxb2GXcxA9z4GDGJok1GzZZ3eji57xl1JqFYgrvU4=s2048,https://www.google.com/maps?cid=9965007839153902080
tokyo-afuri,Afuri,hero,tokyo/photos/tokyo-afuri/hero.webp,1600,1067,landscape,space-interior,place,counter-seating|moody|design,AFURI 恵比寿,https://maps.google.com/maps/contrib/101985583640250645174,false,Photo: AFURI 恵比寿 via Google Maps,google-maps-contributor,https://lh3.googleusercontent.com/gps-cs-s/AHRPTWk0arVeG_2mWpFFwzVGeIYWKnrUkyltLIi7mMf2ylmrP3lJUeKrWUNzzVMOc5WKZvVSied3B-JuAHTjuiNKx5dR7KMY3n32g4LHAB5-0XFgirmerCn-lEYnX6tsDmSU2FUwT_s=s2048,https://www.google.com/maps?cid=13480834823894184664
tokyo-afuri,Afuri,alt-1,tokyo/photos/tokyo-afuri/alt-1.webp,1080,1350,portrait,food,place,cozy,AFURI 恵比寿,https://maps.google.com/maps/contrib/101985583640250645174,false,Photo: AFURI 恵比寿 via Google Maps,google-maps-contributor,https://lh3.googleusercontent.com/gps-cs-s/AHRPTWlF1E4OMWbZ9GdMODzSLlgo_AI4VHrZnvkihpp06XJQ4yZ6KNohu7mawROrcxcd-DtAwqG5zMa4G3Tn8C6YWEYIY9dPjfMX1_PIX9GEmC6Q53r0ZuHT1PzuDX62XlocTeBxTkKOr-EWnVqS=s2048,https://www.google.com/maps?cid=13480834823894184664
tokyo-afuri,Afuri,alt-2,tokyo/photos/tokyo-afuri/alt-2.webp,1600,1600,square,food,place,bright,Grace J,https://maps.google.com/maps/contrib/109185280365731262996,false,Photo: Grace J via Google Maps,google-maps-contributor,https://lh3.googleusercontent.com/gps-cs-s/AHRPTWltuxROC-xRGzBdWOhEuwmDP7NWhM1oErjvm-ILvVyr4rLc92miiQMD0G91R4BpsR4Y1PV9wuddopOl4KKo80RPvKMHrhwsoyJOE1jrq0T8LLDAkVxAE-O-9jhJw9nhvn0BjxEc1yxHsbPE=s2048,https://www.google.com/maps?cid=13480834823894184664
tokyo-afuri,Afuri,alt-3,tokyo/photos/tokyo-afuri/alt-3.webp,1200,1600,portrait,space-exterior,place,night|street|neon,Breanna J,https://maps.google.com/maps/contrib/103915832169948880344,false,Photo: Breanna J via Google Maps,google-maps-contributor,https://lh3.googleusercontent.com/gps-cs-s/AHRPTWlN_oC3aoYi4lcEaeMrvkk3eVeOEnJc9hEzH6n1f_uVse4neTdMz1s3fO2a0XkN_h6Lxd-Mqc3aSzfP36sDDNS8mdYIHfC4Z61iMQkrekweCX7RTKqcYPPdYrKna-UJVB5gxsVqfGMOcJ-P=s2048,https://www.google.com/maps?cid=13480834823894184664
tokyo-afuri-harajuku,AFURI Harajuku,hero,tokyo/photos/tokyo-afuri-harajuku/hero.webp,1600,1200,landscape,food,place,cozy,麻吉小兔,https://maps.google.com/maps/contrib/112577447642075943531,false,Photo: 麻吉小兔 via Google Maps,google-maps-contributor,https://lh3.googleusercontent.com/gps-cs-s/AHRPTWk67VYEnq2Lu9hEXiPryEfmlOxL9XTUpabSJT4HsUWjzIsng8mKqhz7hz4Z34fQTmLsAZD60BmlERlyatXI88O9Sq7CJFSOzgxjNS7kU4Dj7OHEygSkVQNUv7f9xkH4UgRj2IGOwqY4v3E=s2048,https://www.google.com/maps?cid=14658399961265590294
tokyo-afuri-harajuku,AFURI Harajuku,alt-1,tokyo/photos/tokyo-afuri-harajuku/alt-1.webp,1600,1200,landscape,space-exterior,place,street|daytime|green,Cheng Golden,https://maps.google.com/maps/contrib/109278272886469389390,false,Photo: Cheng Golden via Google Maps,google-maps-contributor,https://lh3.googleusercontent.com/gps-cs-s/AHRPTWn8k9JDj6b2z-Z3xrfCTtZVwKjZBJg5YThSvHZAMFoEehgDnHB_nuMtwvBAkK-yXV6Vn1FdrJhx-RgIhCJ8OJO2NJ_SzwC4-SNamz6eiRH2kqUJnulQFKCv7SoHcC-7_JBKs_bBe9WDWWY=s2048,https://www.google.com/maps?cid=14658399961265590294
tokyo-afuri-harajuku,AFURI Harajuku,alt-2,tokyo/photos/tokyo-afuri-harajuku/alt-2.webp,1600,1200,landscape,food,place,cozy,mi Mi,https://maps.google.com/maps/contrib/114008504357699655606,false,Photo: mi Mi via Google Maps,google-maps-contributor,https://lh3.googleusercontent.com/gps-cs-s/AHRPTWllxK7tka1qEWe02jFtW6Z7yclr7Z0k_EyPisGP7Lcw120UiiaP-KYYSsqAkFTY15wA9nPw37M1v1mZnbYEhClgkrtpeXKeN88RxVoVjbzb0PbI8gs_tKL8eXYbCj58ZKaYHx_nBysddIDg=s2048,https://www.google.com/maps?cid=14658399961265590294
tokyo-afuri-harajuku,AFURI Harajuku,alt-3,tokyo/photos/tokyo-afuri-harajuku/alt-3.webp,1600,1069,landscape,space-exterior,place,street|daytime,AFURI 原宿,https://maps.google.com/maps/contrib/111388550136567925906,false,Photo: AFURI 原宿 via Google Maps,google-maps-contributor,https://lh3.googleusercontent.com/gps-cs-s/AHRPTWm_WGtoNXzZfc1Q4Xd3QKsz2Gn-_FDjXSW4TjKUZWyhqg_lyAS9P1XLl9WRLKGRq0Z4JLaVv_4tQEpp-v28yOs8uri55H8y_zbup1YARgdI6YXjSf-EvZKcgu00s7M_GlIM2biD=s2048,https://www.google.com/maps?cid=14658399961265590294
tokyo-afuri-nakameguro,Afuri Nakameguro,hero,tokyo/photos/tokyo-afuri-nakameguro/hero.webp,1600,1200,landscape,space-interior,place,counter-seating|bright|design,Eddie Barth,https://maps.google.com/maps/contrib/101343318136575489072,false,Photo: Eddie Barth via Google Maps,google-maps-contributor,https://lh3.googleusercontent.com/gps-cs-s/ANWiy9RsARf5sWo3ViReYQrlTMI776B06hwYAVf996Xqkhg5oNJcivSHLRpHBi2brEI2_NC3VvC62F3k-1ESl9F0nwfQ7a1UZESRtHu6CmtPTbVkKsNu8Ieckdg2o1sz255vRfTI9Vydpto-wnrj=s2048,https://www.google.com/maps?cid=6021703549720979817
tokyo-afuri-nakameguro,Afuri Nakameguro,alt-1,tokyo/photos/tokyo-afuri-nakameguro/alt-1.webp,1600,1200,landscape,food,place,cozy,D S,https://maps.google.com/maps/contrib/106113833942539249929,false,Photo: D S via Google Maps,google-maps-contributor,https://lh3.googleusercontent.com/gps-cs-s/ANWiy9RRh2am3L3p63C8WnFQWo-GktwHKjFofLDhZXYIk38DxGVg9dMJXj5C6J2LnNK-4edq60aTUbdxMuGmlj1wAUdUzJfXuufk5zPuYlAvfTgT8iukGIA7-PoddyYZizC91EAzLeqe6g5KhAjJ=s2048,https://www.google.com/maps?cid=6021703549720979817
tokyo-afuri-nakameguro,Afuri Nakameguro,alt-2,tokyo/photos/tokyo-afuri-nakameguro/alt-2.webp,1600,1066,landscape,space-exterior,place,minimal|street,AFURI 中目黒,https://maps.google.com/maps/contrib/116774424842954010462,false,Photo: AFURI 中目黒 via Google Maps,google-maps-contributor,https://lh3.googleusercontent.com/grass-cs/ACvplmNx7Ft5YJe6EEdXJBN7k_tdRLyZ3QPdvRdZgp4Ac1WfqdRhplhb3tMwGgbwJ9oPE1Bto1u9SPYsnwU52YhPozy5lwtdcBXKdojGjCXI41utMZmfJRJpCLjndT6lxbH-cuHSoLqI=s2048,https://www.google.com/maps?cid=6021703549720979817
tokyo-afuri-nakameguro,Afuri Nakameguro,alt-3,tokyo/photos/tokyo-afuri-nakameguro/alt-3.webp,1600,1200,landscape,food,place,cozy,苡,https://maps.google.com/maps/contrib/117563142523025610236,false,Photo: 苡 via Google Maps,google-maps-contributor,https://lh3.googleusercontent.com/gps-cs-s/ANWiy9QcFwxuwOtVsk3rSPujSkP1e8UBC_ZhhIT77ZjN_FvjmXmR4fBWep7BD_gx6wiSh9Aw-TZ7AJIFMNKuVjcyRSinP7OBoyuIvl1jEWR8kdgQU-d846HZVAb97fubjiY_miNRwuiFh6nvp90n=s2048,https://www.google.com/maps?cid=6021703549720979817
tokyo-akabanebashi-station,Akabanebashi Station,hero,tokyo/photos/tokyo-akabanebashi-station/hero.webp,1600,1200,landscape,space-exterior,place,night|minimal,浅野寛修,https://maps.google.com/maps/contrib/110489578155547186986,false,Photo: 浅野寛修 via Google Maps,google-maps-contributor,https://lh3.googleusercontent.com/gps-cs-s/ANWiy9Ssfgh-lZ4bJjCr0JyDypIeHTtb5xx2ZiYsf0bEUF-_cQyQHNojF0YHNQ7OlKOh3ftWwkoYvNjNlNucOLLuKX2xXUZocPiVAUsRDiyG-Lk_bMyOQAWA2OVn4YYloBFNDc_P2214=s2048,https://www.google.com/maps?cid=12484555743163845786
tokyo-akabanebashi-station,Akabanebashi Station,alt-1,tokyo/photos/tokyo-akabanebashi-station/alt-1.webp,1600,1066,landscape,space-interior,place,bright|minimal,Yuichi Hoshino,https://maps.google.com/maps/contrib/108839327085409911755,false,Photo: Yuichi Hoshino via Google Maps,google-maps-contributor,https://lh3.googleusercontent.com/gps-cs-s/AHRPTWnMb2vCIHPBh8NbI9G6HUFkCJxuC4R2505IXDFXhnE5AB89AUwmEC6_PNP56OTeuo_AtjO6rLPZgup4scv-ywH8bKAtly1-aw4IOWPLWw1B63NlwnBG5DJZ8NzTmbet2Ig0o54k=s2048,https://www.google.com/maps?cid=12484555743163845786
tokyo-akabanebashi-station,Akabanebashi Station,alt-2,tokyo/photos/tokyo-akabanebashi-station/alt-2.webp,1600,1200,landscape,space-interior,place,bright,よしのたつや,https://maps.google.com/maps/contrib/100473650365238018440,false,Photo: よしのたつや via Google Maps,google-maps-contributor,https://lh3.googleusercontent.com/gps-cs-s/ANWiy9RZr6KmTZ173wNc12pifGpGnbPMGOiokGtNk9BhhmBvY62L8xUDG14p6pbmwb-fS_0Dq50rlc2UoQbQsdSmPnyw2M0EFC9rsJrbD4lR73XiA_KftrmRlQnnHqo5Dzds5jdDTMyPjOy1YxI=s2048,https://www.google.com/maps?cid=12484555743163845786
tokyo-akabanebashi-station,Akabanebashi Station,alt-3,tokyo/photos/tokyo-akabanebashi-station/alt-3.webp,1600,900,landscape,space-interior,place,minimal,Ryo IT,https://maps.google.com/maps/contrib/100864015117825279986,false,Photo: Ryo IT via Google Maps,google-maps-contributor,https://lh3.googleusercontent.com/gps-cs-s/ANWiy9T0l-jAkJoehnncZSUpl9QK7b2hUzuNCHHpKlCkh8xP-ftULQZILdseFytd_fTH_h1JiP1qj-EDUciVRDf6--cOn4vkmzacUQ6S8aOShZ0Yh_MswOxdapGfkaYelLhz-4Uz8tzZFA=s2048,https://www.google.com/maps?cid=12484555743163845786
tokyo-akihabara-nisshin-camera-head-office,Akihabara Nisshin camera head office,hero,tokyo/photos/tokyo-akihabara-nisshin-camera-head-office/hero.webp,1600,1200,landscape,space-exterior,place,night|neon|street|retro,ウルフ,https://maps.google.com/maps/contrib/100620824963820019450,false,Photo: ウルフ via Google Maps,google-maps-contributor,https://lh3.googleusercontent.com/gps-cs-s/AHRPTWkdLSYjVv3Kn2BUNDCla42joRzciBWH_YmPVYdwuGyCFGK2EX-QN8IC50XHQzIOD9W_KZVrGx9wLV15PT8Kkt1TV43FcGeLX0IJSMGtib5Nu297-BoNi5ueQSf441gy0K_r8Aw8=s2048,https://www.google.com/maps?cid=15580861362013815009
tokyo-akihabara-nisshin-camera-head-office,Akihabara Nisshin camera head office,alt-1,tokyo/photos/tokyo-akihabara-nisshin-camera-head-office/alt-1.webp,1600,1200,landscape,detail,place,retro,aniket wachakawade,https://maps.google.com/maps/contrib/101370644016754443626,false,Photo: aniket wachakawade via Google Maps,google-maps-contributor,https://lh3.googleusercontent.com/gps-cs-s/AHRPTWmc3aIG9c1nFhZSu_12hCxrejoXY1QaaKGObkmzP7It1K77aijiaTINWTtNrSAvFXPt3KTlRAnkebMlVtF6UcTuflsDPo9eSmIVlaCZK3q8M4Rwr_8N-lljWoH-hUTCwNw9t5PbMg=s2048,https://www.google.com/maps?cid=15580861362013815009
tokyo-akihabara-nisshin-camera-head-office,Akihabara Nisshin camera head office,alt-2,tokyo/photos/tokyo-akihabara-nisshin-camera-head-office/alt-2.webp,1200,1600,portrait,detail,place,daytime|retro,たなかた,https://maps.google.com/maps/contrib/113840942653025587635,false,Photo: たなかた via Google Maps,google-maps-contributor,https://lh3.googleusercontent.com/gps-cs-s/AHRPTWkrc7t61oWhLFAcggROEcCkfuYpgFp_ZqctJ_Xb9z6aqiwDaRTdYJRIrpQ3E62AFqrPqkdQ1kKA3Qr7oNtVuFqVhXHh6DolVb3f4teDt3eFjQs5Jp7OUB_8eY3oUm2NfIyZWshZ=s2048,https://www.google.com/maps?cid=15580861362013815009
tokyo-aman-tokyo-spa,Aman Tokyo Spa,hero,tokyo/photos/tokyo-aman-tokyo-spa/hero.webp,1600,1067,landscape,space-interior,place,serene|golden-hour|skyline|design,Aman Tokyo Spa,https://maps.google.com/maps/contrib/115388045945352073632,true,Photo: Aman Tokyo Spa via Google Maps,google-maps-contributor,https://lh3.googleusercontent.com/gps-cs-s/AHRPTWlL3WqFAyQpplBpPwEvpXwhrbxvag7lFsjwzchMB2vk01kHUQfE8zu7r1GS3dRUwJrAUbIdHOvxA5gaw4JGrs4of_VjyVjVSXNlk2nP2sOF5f6Mkwg587AxBTdh5cvev2y2ZHM=s2048,https://www.google.com/maps?cid=1495951614482168354
tokyo-aman-tokyo-spa,Aman Tokyo Spa,alt-1,tokyo/photos/tokyo-aman-tokyo-spa/alt-1.webp,1600,1067,landscape,space-interior,place,serene|minimal|bright,Aman Tokyo Spa,https://maps.google.com/maps/contrib/115388045945352073632,true,Photo: Aman Tokyo Spa via Google Maps,google-maps-contributor,https://lh3.googleusercontent.com/gps-cs-s/AHRPTWlr4VjuRuucGxhOXPa426lOfiXAefCvCfK6woWZpRa4OqGWaz6IrU-6Y4-quqLOOt-TM_bUv5nM7bHBglfzJhvvp-xflNvyVyqmc2ctgmbbz7crA4ueofspv_NP1ZY2KdYYOmUerA=s2048,https://www.google.com/maps?cid=1495951614482168354
tokyo-aman-tokyo-spa,Aman Tokyo Spa,alt-2,tokyo/photos/tokyo-aman-tokyo-spa/alt-2.webp,1600,1200,landscape,view,place,golden-hour|skyline|moody,Ashley Tewes,https://maps.google.com/maps/contrib/115290171643433737352,false,Photo: Ashley Tewes via Google Maps,google-maps-contributor,https://lh3.googleusercontent.com/gps-cs-s/AHRPTWnojzLz8EZ6nBWU5M8WC3AHbrGHa_OpVfFXtfqPro7J1ERZYWnVrfEnrGDyYjmKL_7oQn4QQLWOA0a5IRXQUfzGASXObziPAAK9Z7K2rY3VKL_FqBnhofsNdzpAHAJ0AJpqocEg=s2048,https://www.google.com/maps?cid=1495951614482168354
tokyo-aman-tokyo-spa,Aman Tokyo Spa,alt-3,tokyo/photos/tokyo-aman-tokyo-spa/alt-3.webp,1600,1067,landscape,detail,place,minimal|serene,Aman Tokyo Spa,https://maps.google.com/maps/contrib/115388045945352073632,true,Photo: Aman Tokyo Spa via Google Maps,google-maps-contributor,https://lh3.googleusercontent.com/gps-cs-s/AHRPTWlZ530HFA6zbLsd1w446TBFWvTjYEh1H-yEjvowtCxK01lFQFpw9Isoz07IK19HVRCJSlT4mvbU6H-aqYKTWZ8hUhjWx047X9abHy70O5Rso1wfj7y2PS7CMlQLkGQuWfMu2I2u=s2048,https://www.google.com/maps?cid=1495951614482168354
tokyo-american-diner-andra,American Diner Andra,hero,tokyo/photos/tokyo-american-diner-andra/hero.webp,1600,1200,landscape,food,place,retro|bright,Jacy Hernandez,https://maps.google.com/maps/contrib/100457932729899496027,false,Photo: Jacy Hernandez via Google Maps,google-maps-contributor,https://lh3.googleusercontent.com/gps-cs-s/ANWiy9TY0EaHCBlavcIliRKahe4J1PH-dnKYml-fr1iJRxkXfWuxhDofOXXCIwlIXH5fvK76Vn67JsrAABhSu_YrGBAeUez3Wx2TUZwMDE18CSa4AgpuhuTAZlR5eRFShIfdPHywp4rC-87XysNW=s2048,https://www.google.com/maps?cid=17122399511079699597
tokyo-american-diner-andra,American Diner Andra,alt-1,tokyo/photos/tokyo-american-diner-andra/alt-1.webp,1600,1200,landscape,food,place,cozy,うどん,https://maps.google.com/maps/contrib/108961631876353559741,false,Photo: うどん via Google Maps,google-maps-contributor,https://lh3.googleusercontent.com/gps-cs-s/ANWiy9SPFsxbw4KW9KBtcGaGV64GGIPEyn9YDq5nDAdtabroFu4W2rgKu3oByC1YFc-Bhq2FSPRjVQ7Guo8RB0njyDi83y1F9ngvO2SIiJtjw31zsd7d_tKG7sMsq_trT_fv3n_DzEU0MLYTrLh1=s2048,https://www.google.com/maps?cid=17122399511079699597
tokyo-american-diner-andra,American Diner Andra,alt-2,tokyo/photos/tokyo-american-diner-andra/alt-2.webp,1600,900,landscape,food,place,lively|retro,BEAUTIFUN,https://maps.google.com/maps/contrib/110795784393836377107,false,Photo: BEAUTIFUN via Google Maps,google-maps-contributor,https://lh3.googleusercontent.com/gps-cs-s/ANWiy9RNpBKq4vY8ozCZVLyvQMfPCZ57WdmncuwN7RdOJ88BbReXlgY5XSrZwHtM6K4r-FMEyaztOZ1xCVg83RntWapM7dqPVopKySSXh_JDr_NIrVP0S9tgsWYcvdwDxwBrcdSYkC4_NOG5-J2-=s2048,https://www.google.com/maps?cid=17122399511079699597
tokyo-american-diner-andra,American Diner Andra,alt-3,tokyo/photos/tokyo-american-diner-andra/alt-3.webp,1600,1200,landscape,food,place,retro,LIFE SELECT,https://maps.google.com/maps/contrib/100210984780660172013,false,Photo: LIFE SELECT via Google Maps,google-maps-contributor,https://lh3.googleusercontent.com/gps-cs-s/ANWiy9QuG_ae6aZ9bktnbBAwKrUhs6DPxNOXK8PpjB4-yAZ0USml-Klj_NR1A3ftZPwZo9h1lVgohikxJUFTWE6VfDrRUbQcffCrkjcQcEFtgRYXhbok53-DXD9Ei-9VMj9Y1Khh-ALsxFduJqc=s2048,https://www.google.com/maps?cid=17122399511079699597
tokyo-ana-hachimangu-shrine,Ana-hachimangu Shrine,hero,tokyo/photos/tokyo-ana-hachimangu-shrine/hero.webp,1600,1200,landscape,space-exterior,place,daytime|green|serene,Tommy Tjahjono,https://maps.google.com/maps/contrib/101562911253331401601,false,Photo: Tommy Tjahjono via Google Maps,google-maps-contributor,https://lh3.googleusercontent.com/gps-cs-s/AHRPTWmuj_Y4tYRzRJ9Aq0ffKlGNhIlKxCUIrgesASTSVSXTZs7Y4LPwFy6wdK7ej_i1INFtesLYW7v0BD3fxjHdIN38PXbowL3eTkY8Iz6ryENUMnW5AKxhT1OxpTluKXlg34iI7qIw=s2048,https://www.google.com/maps?cid=10453513668325367899
tokyo-ana-hachimangu-shrine,Ana-hachimangu Shrine,alt-1,tokyo/photos/tokyo-ana-hachimangu-shrine/alt-1.webp,1600,1281,landscape,space-exterior,place,daytime|serene|green,kenji iwata,https://maps.google.com/maps/contrib/105140269404383984090,false,Photo: kenji iwata via Google Maps,google-maps-contributor,https://lh3.googleusercontent.com/gps-cs-s/AHRPTWkF6FYLO-w13m3EDkWBcpJQKh8Qrce21r7aVfe5sBWubx6RB4AyI6J_YKWHgJSUhSBAtG1lVB-ITp4b9-9i_PaKTz1E0aToBNmk8XAnlkt8LRO2KByQqYCoT3PRAaNDI25MCvdM=s2048,https://www.google.com/maps?cid=10453513668325367899
tokyo-ana-hachimangu-shrine,Ana-hachimangu Shrine,alt-2,tokyo/photos/tokyo-ana-hachimangu-shrine/alt-2.webp,1600,1200,landscape,space-exterior,place,green|serene,小泉美和子,https://maps.google.com/maps/contrib/101539113815670353297,false,Photo: 小泉美和子 via Google Maps,google-maps-contributor,https://lh3.googleusercontent.com/gps-cs-s/AHRPTWk7pa6v1ZBRv_DMM6pHRspOBvDtznI4WYbUavy1NzRxPSnv8gjRwVIn_AeJV-J-qdoP6N_c6ywq4LTZI8wxCePIj_KtUnT_JlnKOFZHhD-nAOARKHUpjPGggYho9tagrORHop0=s2048,https://www.google.com/maps?cid=10453513668325367899
tokyo-ana-hachimangu-shrine,Ana-hachimangu Shrine,alt-3,tokyo/photos/tokyo-ana-hachimangu-shrine/alt-3.webp,1200,1600,portrait,space-exterior,place,daytime|bright,atushi A,https://maps.google.com/maps/contrib/105503532002876116117,false,Photo: atushi A via Google Maps,google-maps-contributor,https://lh3.googleusercontent.com/gps-cs-s/AHRPTWn7IIzWyCDIoJ-ieYHTOLxdxLQCf0ZvCXwXiGlj700FqQr1WjZXMbh_R5G3ZcRXHsGcQM-qScY6xLoZuVYvQ5CLMLI5KIMhxiW8ogBIHMvIHxP9AQAMMK1zv5fvrA6na1v1gnqgcA=s2048,https://www.google.com/maps?cid=10453513668325367899
tokyo-aoyama-flower-market,Aoyama Flower Market,hero,tokyo/photos/tokyo-aoyama-flower-market/hero.webp,1600,1200,landscape,space-exterior,place,bright|street|garden,Yuujin Ch.ユウジン,https://maps.google.com/maps/contrib/107715754642557613999,false,Photo: Yuujin Ch.ユウジン via Google Maps,google-maps-contributor,https://lh3.googleusercontent.com/grass-cs/AABkmLf3bhxoIXR9L8_EYXqY6heLtMUhsb1g5qh8wb0_sxWvoOVkLBOV1zIu3MJQabwWEBri1mMBZqOkjDiGvhwcfgMlqqrH3M84dlWswZ0v3OqW4s6qzFvIZZCxAuyADYRVboDvwDnjzv0U6c4Y=s2048,https://www.google.com/maps?cid=5550255916896095494
tokyo-aoyama-flower-market,Aoyama Flower Market,alt-1,tokyo/photos/tokyo-aoyama-flower-market/alt-1.webp,1200,1600,portrait,space-interior,place,green|garden|cozy,わこ,https://maps.google.com/maps/contrib/106134615107601657334,false,Photo: わこ via Google Maps,google-maps-contributor,https://lh3.googleusercontent.com/gps-cs-s/ANWiy9QbGw2ElK35QeCkzcMkE2-3kJ2Y5aP4I_0P43xxoTf2UPKnJxhClhIUoVQ0TlPh2ItRXnLHVyudZbNUncGGyefBIeMBLdEjPYYRKukruqamn9bf5SaQdqU2j3-86pEdab4MXJ-DC4MjhvAf=s2048,https://www.google.com/maps?cid=5550255916896095494
tokyo-aoyama-flower-market,Aoyama Flower Market,alt-2,tokyo/photos/tokyo-aoyama-flower-market/alt-2.webp,1600,1600,square,food,place,garden|cozy,另请高明,https://maps.google.com/maps/contrib/101872554188881301132,false,Photo: 另请高明 via Google Maps,google-maps-contributor,https://lh3.googleusercontent.com/gps-cs-s/ANWiy9RZU4FmISySmy1zp5CdBfonx3z-VUx54tte57wD_Ahw0I9iremTO7bZ2mYzNqOoSaOM2kC0CYNrG3F3XKC5y2YLdTq6W8L4OBzZ0bNUHa3D9dESMVmUBu3RiBB-oSNDJejBAHeM=s2048,https://www.google.com/maps?cid=5550255916896095494
tokyo-aoyama-flower-market,Aoyama Flower Market,alt-3,tokyo/photos/tokyo-aoyama-flower-market/alt-3.webp,1170,1087,square,drink,place,bright,8787ゆか,https://maps.google.com/maps/contrib/102038391436053289564,false,Photo: 8787ゆか via Google Maps,google-maps-contributor,https://lh3.googleusercontent.com/gps-cs-s/ANWiy9Tu7w-7nnZLE8JokC8fR2aIz_My57N6ddF6QUEGTXgkGvsjZPFdmgaPgWzIZDPh6q8MFtEs4xJhslbdheS4HvuLsuHc7nL0dxwJ1Jdp2wnOc60LaFez4k-U5LPI2tBeKRRPtvWHEw=s2048,https://www.google.com/maps?cid=5550255916896095494
tokyo-araiyakushi-baishouin,Araiyakushi Baishouin,hero,tokyo/photos/tokyo-araiyakushi-baishouin/hero.webp,1600,1202,landscape,space-exterior,place,night|serene|moody,河野大三,https://maps.google.com/maps/contrib/101600196917246971667,false,Photo: 河野大三 via Google Maps,google-maps-contributor,https://lh3.googleusercontent.com/gps-cs-s/AHRPTWk0ZSIhDWtt4EIabC8ClVRUtLwBkYO7Dg9l3SvDX1DEmtzyI5q1Xq9Dk1LdCHrSv1_fdH6lbNlX7KGZJ35cCTNDxYZQdXwUaOnQe5skhMK7xUTR8Q8OBB7OAPZ_oUGsF4paHnJ2tgBzr7gR=s2048,https://www.google.com/maps?cid=3375604303856677165
tokyo-araiyakushi-baishouin,Araiyakushi Baishouin,alt-1,tokyo/photos/tokyo-araiyakushi-baishouin/alt-1.webp,1600,1200,landscape,space-exterior,place,daytime|serene|green,Walt,https://maps.google.com/maps/contrib/106547148587202747632,false,Photo: Walt via Google Maps,google-maps-contributor,https://lh3.googleusercontent.com/gps-cs-s/AHRPTWmJgrCG_87gb7yCSv0ydB2FnLCi63eUtm7oasyBDUutquTxPvIMAYk6jgnhKPZxyU2aGt39bPhav26gRekAR4eb1oV5njOqIwe_japAtmFD6YaEglFyZVpMe7uTZVNz4Ly1h6eMfQ=s2048,https://www.google.com/maps?cid=3375604303856677165
tokyo-araiyakushi-baishouin,Araiyakushi Baishouin,alt-2,tokyo/photos/tokyo-araiyakushi-baishouin/alt-2.webp,1600,1066,landscape,detail,place,daytime,さへきひろのぶ,https://maps.google.com/maps/contrib/107804304792480228126,false,Photo: さへきひろのぶ via Google Maps,google-maps-contributor,https://lh3.googleusercontent.com/gps-cs-s/AHRPTWnCfAgmJkJeKKdnHaBZIr6AIj5anA0a4E7sxFQsY40x8fje9_y1I7qrWyLkMVSEPJ73oorma7e8ULmhOUaghBsHVZalZf5lLdhlBR1K2OLve9uI7Iwi75U-Ttp3EVLwY38_HyCo=s2048,https://www.google.com/maps?cid=3375604303856677165
tokyo-araiyakushi-baishouin,Araiyakushi Baishouin,alt-3,tokyo/photos/tokyo-araiyakushi-baishouin/alt-3.webp,1600,900,landscape,space-exterior,place,daytime|serene,Hiro Matsubara,https://maps.google.com/maps/contrib/101231005551014566889,false,Photo: Hiro Matsubara via Google Maps,google-maps-contributor,https://lh3.googleusercontent.com/gps-cs-s/AHRPTWk6jMsDcKqIRJ4fRvs8WcWtamrKwKSTKCsO2LsCd6VZOEp5cYe46tL49Otco_oXV9TKTm45jcQ-TqxP4vtc7ZT0RshgpxQ2q565kcpHeiXXXnD9wR_vjgmOnrAbauUrOm_A9Qhc=s2048,https://www.google.com/maps?cid=3375604303856677165
tokyo-arisugawa-no-miya-memorial-park,Arisugawa-no-miya Memorial Park,hero,tokyo/photos/tokyo-arisugawa-no-miya-memorial-park/hero.webp,1600,1198,landscape,nature,place,green|serene|daytime|garden,fumiconejo,https://maps.google.com/maps/contrib/101995578541447064806,false,Photo: fumiconejo via Google Maps,google-maps-contributor,https://lh3.googleusercontent.com/grass-cs/ACvplmOjBWOGgQSyulGkaEoqUsfbDH4q6wEHu8eenKLZGCJf6hjwGM1LnFU6Fz1bOj1XVFI96QZ2ZcL7nd79jp8b24J4kxeo66d4ECiO2HoJTZMaCb07GxOQLk3f4MMc9v4vAP_J7YkZ=s2048,https://www.google.com/maps?cid=1190204446258770614
tokyo-arisugawa-no-miya-memorial-park,Arisugawa-no-miya Memorial Park,alt-1,tokyo/photos/tokyo-arisugawa-no-miya-memorial-park/alt-1.webp,1600,1200,landscape,nature,place,garden|serene|daytime,加瀬次郎,https://maps.google.com/maps/contrib/108921323104404157655,false,Photo: 加瀬次郎 via Google Maps,google-maps-contributor,https://lh3.googleusercontent.com/gps-cs-s/AHRPTWmGZsL4DIPQWVlixTLFt51BrfuJKQivnlCR87he--fiLQZTUPvfkW1C1SWsx4vQWM51nA7tK2muQYtijcLRqJbXxjVFeI2BZ7w6-Cz5A3L41pKWkUTQ08Y9-ANVOVjosQI8RgupQw=s2048,https://www.google.com/maps?cid=1190204446258770614
tokyo-arisugawa-no-miya-memorial-park,Arisugawa-no-miya Memorial Park,alt-2,tokyo/photos/tokyo-arisugawa-no-miya-memorial-park/alt-2.webp,1600,1200,landscape,nature,place,green|serene|garden,Kenji Saito,https://maps.google.com/maps/contrib/103977408781483709188,false,Photo: Kenji Saito via Google Maps,google-maps-contributor,https://lh3.googleusercontent.com/gps-cs-s/AHRPTWn7bqhLyDtiuGu-kVZ2epROi4nXvSS75Kl_ACPUxpg2vZI0fFyanOnvSyb234WVU8J2GmQw7gFWHTxRpcCnA1bwOsFwwy6arzT1c8T9LcTc_Iwxl7UpzHcSW6wR0FfkuCZK_8ERGg=s2048,https://www.google.com/maps?cid=1190204446258770614
tokyo-arisugawa-no-miya-memorial-park,Arisugawa-no-miya Memorial Park,alt-3,tokyo/photos/tokyo-arisugawa-no-miya-memorial-park/alt-3.webp,1600,900,landscape,nature,place,daytime|bright,Joachim,https://maps.google.com/maps/contrib/111614741377514426389,false,Photo: Joachim via Google Maps,google-maps-contributor,https://lh3.googleusercontent.com/gps-cs-s/AHRPTWkJg9ugO_spPtsqUnl98YBY7Omzl2JwE0Eh0Ccka06wtubVNoXnrJ5MHD08DDYDMGyHXlqNOHpWbas2-lonvFbvQTY53bAPfRnv6YtiTK5yvYoJLf3qZ7A_m3e6Hyerdq96wMG7=s2048,https://www.google.com/maps?cid=1190204446258770614
tokyo-art-bar-shuten-doji,Art Bar Shuten-Doji,hero,tokyo/photos/tokyo-art-bar-shuten-doji/hero.webp,1600,1066,landscape,space-exterior,place,street|design|retro,Toshihiro Gamo (Dakiny),https://maps.google.com/maps/contrib/117875654365522252231,false,Photo: Toshihiro Gamo (Dakiny) via Google Maps,google-maps-contributor,https://lh3.googleusercontent.com/gps-cs-s/ANWiy9Q8YcJOscgyuHme3msokk-Bgt5Rqj3z8j4MMVLRAgEwRDcZAGGjXCr-7HWScfXwSq897HDDg6QD2ovCFdBWreAUcGnT4lCJsVitw1jYwNCexwpH6OTvGIcW8TenK-3QVNiX4g8r=s2048,https://www.google.com/maps?cid=13985862975646663590
tokyo-art-bar-shuten-doji,Art Bar Shuten-Doji,alt-1,tokyo/photos/tokyo-art-bar-shuten-doji/alt-1.webp,1600,1200,landscape,space-interior,place,neon|moody|night,Abdulaziz Faras,https://maps.google.com/maps/contrib/108616608333930655879,false,Photo: Abdulaziz Faras via Google Maps,google-maps-contributor,https://lh3.googleusercontent.com/gps-cs-s/ANWiy9RWN7y_xK2hLz9kW49a0UgBqLj4jy0u0DYaiJjtxkZGVb6ACmEk_zteByRg1Unyrzp8Q16TyMEJm2_aqf22e-Hz8lmOjnGVaKjOTIaeUHn10_tefNa9WQzAJblucn-sEsiuYjE=s2048,https://www.google.com/maps?cid=13985862975646663590
tokyo-art-bar-shuten-doji,Art Bar Shuten-Doji,alt-2,tokyo/photos/tokyo-art-bar-shuten-doji/alt-2.webp,1600,1200,landscape,space-interior,place,night|moody|intimate,Jadson Tang,https://maps.google.com/maps/contrib/109983551256201640376,false,Photo: Jadson Tang via Google Maps,google-maps-contributor,https://lh3.googleusercontent.com/gps-cs-s/ANWiy9QS556aZyIU9plLRGq9iAnPcyv9nLPdth85WzpEHVMe4cvGvcu2FVMT7OvZyQJc3LugAHjP5jP_UVzXyhbIzVTakuevRDjkDs0WmPPzt-g6U9x40ODkOxzIPD5FQm4Af8uN38nsuQ=s2048,https://www.google.com/maps?cid=13985862975646663590
tokyo-art-bar-shuten-doji,Art Bar Shuten-Doji,alt-3,tokyo/photos/tokyo-art-bar-shuten-doji/alt-3.webp,1600,900,landscape,drink,place,cozy|counter-seating,Art Bar 酒呑童子,https://maps.google.com/maps/contrib/112582480507934153521,false,Photo: Art Bar 酒呑童子 via Google Maps,google-maps-contributor,https://lh3.googleusercontent.com/gps-cs-s/ANWiy9RY7MI-okuF6EXsEa_Nt5AmkKZRdx_eHSQ0-JHdOc4w53Q-wNwYTwuFk2ejk3bnHdaLcCqV6fn1kmnr4Rf_nMsD8JuLAvaNIPutSPVCZxEeZHaGnlRjg3BThz5XW7wrsrXhkJL0=s2048,https://www.google.com/maps?cid=13985862975646663590
tokyo-artless-craft-tea-coffee-artless-appointment-gallery,artless craft tea & coffee / artless appointment gallery,hero,tokyo/photos/tokyo-artless-craft-tea-coffee-artless-appointment-gallery/hero.webp,1600,1067,landscape,space-interior,place,minimal|design|counter-seating,artless craft tea & coffee,https://maps.google.com/maps/contrib/113054232884898604524,false,Photo: artless craft tea & coffee via Google Maps,google-maps-contributor,https://lh3.googleusercontent.com/gps-cs-s/AHRPTWnIjqzTYVznFm2wOxcggATwsjpMPfnlTBzsNtOgL2G1YKD4tYvGSHjqJWp05Uh1mb_7Gy363oISfBnhtoY-bYzxFFhLu9vJ3vx43IVr1a-ZNTljFqVZzC0mg6k4eHcetySOLlYeig=s2048,https://www.google.com/maps?cid=5396148083285323749
tokyo-artless-craft-tea-coffee-artless-appointment-gallery,artless craft tea & coffee / artless appointment gallery,alt-1,tokyo/photos/tokyo-artless-craft-tea-coffee-artless-appointment-gallery/alt-1.webp,1600,901,landscape,space-exterior,place,night|green|design,artless craft tea & coffee,https://maps.google.com/maps/contrib/113054232884898604524,false,Photo: artless craft tea & coffee via Google Maps,google-maps-contributor,https://lh3.googleusercontent.com/gps-cs-s/ANWiy9RISebUPfmipyx_bHOHRsxTXIdOJYurlJ6T3krJV7i3y7eB9GrAUMqFhPlPqpIhgCXFIY5ug0KoZ8nPZzuUYUZeR0MTEeapSS7N3YD4EgaSwTjeS6ixI3KcEq-vpwhsRHAwFbU1=s2048,https://www.google.com/maps?cid=5396148083285323749
tokyo-artless-craft-tea-coffee-artless-appointment-gallery,artless craft tea & coffee / artless appointment gallery,alt-2,tokyo/photos/tokyo-artless-craft-tea-coffee-artless-appointment-gallery/alt-2.webp,1600,1080,landscape,drink,place,minimal|design,Ajay Morar,https://maps.google.com/maps/contrib/117342494945249397463,false,Photo: Ajay Morar via Google Maps,google-maps-contributor,https://lh3.googleusercontent.com/gps-cs-s/AHRPTWlHUql6L123FU2gdwop7GEPF6bik8fWVHxF4ecNHWkff9nB4Xor7Q34m459EVYXizg4ST2LXWuj9EkP158a8rNbnJOqNPwe7VfWDgTUNRHrPXqFhIPuXCh-934pPzaGqL4V7zmI=s2048,https://www.google.com/maps?cid=5396148083285323749
tokyo-artless-craft-tea-coffee-artless-appointment-gallery,artless craft tea & coffee / artless appointment gallery,alt-3,tokyo/photos/tokyo-artless-craft-tea-coffee-artless-appointment-gallery/alt-3.webp,1600,1200,landscape,drink,place,minimal|cozy,ソウフクショウ,https://maps.google.com/maps/contrib/103285709722380917686,false,Photo: ソウフクショウ via Google Maps,google-maps-contributor,https://lh3.googleusercontent.com/gps-cs-s/AHRPTWnYMcB-f1skS1QBvnO8wl5EH_Lfyqjnk-SZr2tyP7RDCJsfbqpO5dvWjxJ-B8OkNcdOvqRBDnibBjVf0L1ZqOzdZFfKnDCmFnZ5WUMaBYgPNghxOZy7NgBOopMrVfIzP1JqV8oI=s2048,https://www.google.com/maps?cid=5396148083285323749
tokyo-asakusa-culture-tourist-information-center,Asakusa Culture Tourist Information Center,hero,tokyo/photos/tokyo-asakusa-culture-tourist-information-center/hero.webp,1600,1205,landscape,view,place,night|skyline|rooftop,Mark Jervis,https://maps.google.com/maps/contrib/108343056089488449694,false,Photo: Mark Jervis via Google Maps,google-maps-contributor,https://lh3.googleusercontent.com/gps-cs-s/AHRPTWni6B-bIEIJMIRoJEkb2JBLaCfqi8L4c2sPuHeA8vq39NAY96OUBscujbt75jYccNBLgeJ_w4KXuokDHVJOE6cdiBZhBITuV19tlqOzTP2Fu-qlnhGAs13J_8OS_rwui1drN4yDrzSzuPAF=s2048,https://www.google.com/maps?cid=8592913493251947849
tokyo-asakusa-culture-tourist-information-center,Asakusa Culture Tourist Information Center,alt-1,tokyo/photos/tokyo-asakusa-culture-tourist-information-center/alt-1.webp,1600,1066,landscape,space-exterior,place,daytime|design|street,浅草文化観光センター,https://maps.google.com/maps/contrib/102089881782658706662,false,Photo: 浅草文化観光センター via Google Maps,google-maps-contributor,https://lh3.googleusercontent.com/gps-cs-s/ANWiy9SLL1y1ye2Bt8A8sNDG9JS7Oi_ER__-_nnRp9MBpcQ3gwcYPEImrNav9KGhyDI1EPqZUWWhOuW2Is-zKHll91yUWtnkAWtCfgfLJRZwMVTQImyP-tPk_YZsWMzkB41IwsmZHzAqkK18Mumh=s2048,https://www.google.com/maps?cid=8592913493251947849
tokyo-asakusa-culture-tourist-information-center,Asakusa Culture Tourist Information Center,alt-2,tokyo/photos/tokyo-asakusa-culture-tourist-information-center/alt-2.webp,1600,1200,landscape,view,place,daytime|crowd|rooftop,zuka 3valley,https://maps.google.com/maps/contrib/104571927788262634289,false,Photo: zuka 3valley via Google Maps,google-maps-contributor,https://lh3.googleusercontent.com/gps-cs-s/AHRPTWlHYYfV9hv7t_qp_STP7LqAlS7Inp6owrz_xyuZicFg3FW-QBznLUPfHI_OUyqqBLHTnAItXsTkslG8a7zQCQxlwYnO-Ekbu4x7PbwbtkeFkO3l4_J037n0EftQgtueQTpDGxqvT6FGzvo=s2048,https://www.google.com/maps?cid=8592913493251947849
tokyo-asakusa-culture-tourist-information-center,Asakusa Culture Tourist Information Center,alt-3,tokyo/photos/tokyo-asakusa-culture-tourist-information-center/alt-3.webp,1600,1200,landscape,view,place,golden-hour|skyline,Hazrat Amin,https://maps.google.com/maps/contrib/100316833701244674018,false,Photo: Hazrat Amin via Google Maps,google-maps-contributor,https://lh3.googleusercontent.com/gps-cs-s/AHRPTWmUc4WG231SbeQMejvuPsqRpagxWXzxtdYpyVP5QSn2ltQo1HLZ5HFzqscPVKcwytAwclZRaoB1pkOErDOldL11buDTqdW1H4r0h4tOtfaDoRyIEOdt4Fhqt7-q1Oz6R9Rvy4yGdT9Wv4NC=s2048,https://www.google.com/maps?cid=8592913493251947849
tokyo-asakusa-rockza,Asakusa Rockza,hero,tokyo/photos/tokyo-asakusa-rockza/hero.webp,1600,1069,landscape,space-exterior,place,neon|night|retro,Eiki Tsunoda,https://maps.google.com/maps/contrib/114476910940185969210,false,Photo: Eiki Tsunoda via Google Maps,google-maps-contributor,https://lh3.googleusercontent.com/gps-cs-s/AHRPTWkrwL3EWFIIbQyRiCoOgsSnkuH3h1bQAMzrMoJHm-Qs8HpnY1JgXRZoYdpPAf45QX8NGDHcUbb-m01WwP1Z8xG_LqFGQX9ruvyp8tEQnakabq2L9dAqGWOTn8fYR-5YMveFg63A=s2048,https://www.google.com/maps?cid=2582345847734914707
tokyo-asakusa-rockza,Asakusa Rockza,alt-1,tokyo/photos/tokyo-asakusa-rockza/alt-1.webp,1600,1200,landscape,space-exterior,place,street|daytime|retro,T avg,https://maps.google.com/maps/contrib/114855405644703628647,false,Photo: T avg via Google Maps,google-maps-contributor,https://lh3.googleusercontent.com/grass-cs/ACvplmNVQouaUr3GS8AD6nxH8lwvafUdravLOTLmyw3rTodxUjC96svqZvFOMJhwYxTzghhFTjioYICSxLyD2aV0BbS2b51Rpk3SAwNSxf2wSpVF_0HW418yS9kCmn-WGhA_32EfvwP6-g=s2048,https://www.google.com/maps?cid=2582345847734914707
tokyo-asakusa-rockza,Asakusa Rockza,alt-2,tokyo/photos/tokyo-asakusa-rockza/alt-2.webp,1600,1056,landscape,art,place,retro,Mayumi Green,https://maps.google.com/maps/contrib/105059421059007880719,false,Photo: Mayumi Green via Google Maps,google-maps-contributor,https://lh3.googleusercontent.com/gps-cs-s/AHRPTWnND1sLUdNsfjAFAC28PoD9E6UCvvicPMYBUwpJ4q_C0dadGcAXocRujF1ocFpFFwNYukt7f0l5Q0OVv77hPG9UrQ24jCCl5Jg5jhgD5yXx6HqppZJztowe0fEPsk7Ei40IFHaG7w=s2048,https://www.google.com/maps?cid=2582345847734914707
tokyo-atmos-shibuya,atmos shibuya,hero,tokyo/photos/tokyo-atmos-shibuya/hero.webp,1600,1040,landscape,space-exterior,place,night|neon|street,atmos Shibuya（アトモス 渋谷店）,https://maps.google.com/maps/contrib/106331022644091630671,false,Photo: atmos Shibuya（アトモス 渋谷店） via Google Maps,google-maps-contributor,https://lh3.googleusercontent.com/grass-cs/ACvplmMJXja4FpsVrq1NVHRK0wllLzyiNItbd_5P9Jm6wUL5sAQgB2OZ-2DiTVd0Q_nOcD-J-T2Ck3oGFtNXo_qDpffXE4Ge8Hoocx0_6I2F6cPr6LRcC0NSfQ8IpPwAhMlm15SzhpFNgUVC4QNk=s2048,https://www.google.com/maps?cid=7184651134682396372
tokyo-atmos-shibuya,atmos shibuya,alt-1,tokyo/photos/tokyo-atmos-shibuya/alt-1.webp,1280,960,landscape,space-interior,place,bright|design,嶋津兵庫頭,https://maps.google.com/maps/contrib/104042660689554825793,false,Photo: 嶋津兵庫頭 via Google Maps,google-maps-contributor,https://lh3.googleusercontent.com/gps-cs-s/ANWiy9Rur_SrELMdqutEI9jTGYHK8_WzkpNJux9tS9_M8WHRNSuaPJ9y23gFwPCZnGMhI5ffuYma48ZOQ9oMdMyHApNDvhbn59n0JR_sfwe4egj-OiZ9QkxrSHCuBqCUFFph0zb1iJpB=s2048,https://www.google.com/maps?cid=7184651134682396372
tokyo-atmos-shibuya,atmos shibuya,alt-2,tokyo/photos/tokyo-atmos-shibuya/alt-2.webp,720,1280,portrait,detail,place,bright,Kiki K,https://maps.google.com/maps/contrib/116191789551886105853,false,Photo: Kiki K via Google Maps,google-maps-contributor,https://lh3.googleusercontent.com/gps-cs-s/ANWiy9QSII2_TGFjRwhK1jP9LwSWlqXyvmp7Y1KTTmkUyq-6f3AqYWHi24GGGNI2BxqyQ0XT_-AOi8q-JtgbTM8mEi7_rjpIqRYnpXBIiGIFsWdNYvMTZT_Xm-lWxPclFWk9S4UNWW0hiQ=s2048,https://www.google.com/maps?cid=7184651134682396372
tokyo-atmos-shibuya,atmos shibuya,alt-3,tokyo/photos/tokyo-atmos-shibuya/alt-3.webp,1200,1600,portrait,detail,place,design|minimal,MIZURYU,https://maps.google.com/maps/contrib/110982527292250166025,false,Photo: MIZURYU via Google Maps,google-maps-contributor,https://lh3.googleusercontent.com/gps-cs-s/ANWiy9T2sSlKiuuYKPqxvbiDsn4QOZgPhjxV0NDV403VqNIFdpS_eey9e_DzlMldhtn-uznKUAY30fIONeSvYh1gv5c2ZpcbsiEH79FfwKSmaeeCvML7OZU4De0CGzm56jcZErtgZXqhu0N4AiIu=s2048,https://www.google.com/maps?cid=7184651134682396372
tokyo-aws-startup-loft-tokyo,AWS Startup Loft Tokyo,hero,tokyo/photos/tokyo-aws-startup-loft-tokyo/hero.webp,1600,1200,landscape,space-interior,place,skyline|bright|design,Yasuyuki MIURA,https://maps.google.com/maps/contrib/106718867854028421768,false,Photo: Yasuyuki MIURA via Google Maps,google-maps-contributor,https://lh3.googleusercontent.com/gps-cs-s/ANWiy9Ty7Rxjv7CM1YIURc-qXSRgLA1WINQ3AuLiXQ2-JprzcdRKUlU_nnQ9zYEdTDiquSY5EHXBLAViOmZmht1zjDeZMpBgZjMPaRyfDk_n0T4JMpFZD3s_gzXiqF0p9ZSayL9P7Rw=s2048,https://www.google.com/maps?cid=18345209368837891457
tokyo-aws-startup-loft-tokyo,AWS Startup Loft Tokyo,alt-1,tokyo/photos/tokyo-aws-startup-loft-tokyo/alt-1.webp,1600,1200,landscape,space-interior,place,skyline|bright,鈴木弦,https://maps.google.com/maps/contrib/101881876911284496269,false,Photo: 鈴木弦 via Google Maps,google-maps-contributor,https://lh3.googleusercontent.com/gps-cs-s/ANWiy9Qz7vcPqHbznmo2e_PuK_PHwlgQsIB5-qMIeVqVE9YGxMbB7tIhiN14uaIV8rRXEu3vbwyYYL94R1-u7XDV9IjdQQXwCONihGUCJ3I6oY4IYGyASemI-vOH2FjpMHHLpl9KX4k=s2048,https://www.google.com/maps?cid=18345209368837891457
tokyo-aws-startup-loft-tokyo,AWS Startup Loft Tokyo,alt-2,tokyo/photos/tokyo-aws-startup-loft-tokyo/alt-2.webp,1600,1200,landscape,view,place,skyline|daytime|green,TÀKÂO,https://maps.google.com/maps/contrib/109551536613605862474,false,Photo: TÀKÂO via Google Maps,google-maps-contributor,https://lh3.googleusercontent.com/gps-cs-s/AHRPTWl6Z60FVyn05-YPK00wjg1CoNTTUrnDlpqQwnIV_-jROSqPjRpLeh6nxLcafaBF462zbfLZB4-8Ho5tKKOTNphl80XVIpC1WWDn5EzFHjpTQr20jJNT7n7aSCW2JrV2jr8HJ9q4gg=s2048,https://www.google.com/maps?cid=18345209368837891457
tokyo-aws-startup-loft-tokyo,AWS Startup Loft Tokyo,alt-3,tokyo/photos/tokyo-aws-startup-loft-tokyo/alt-3.webp,1600,1200,landscape,space-interior,place,skyline|daytime|minimal,neko kuro,https://maps.google.com/maps/contrib/114248509540830931116,false,Photo: neko kuro via Google Maps,google-maps-contributor,https://lh3.googleusercontent.com/gps-cs-s/ANWiy9S5tbGZgsBOTudB5vyiODnZas_X_1XMyhYKPhfTEP9LjKItm3GYF9Y2AuC2biE-bHxdzgh_uuETSKeuRs9zA1IXtCiAI52WWWziYU7GoZ90N48cw3seddClInRwe4Nfz0kXm3OXJA=s2048,https://www.google.com/maps?cid=18345209368837891457
tokyo-azabudai-hills-mori-jp-tower,Azabudai Hills Mori JP Tower,hero,tokyo/photos/tokyo-azabudai-hills-mori-jp-tower/hero.webp,1600,1201,landscape,view,place,skyline|daytime|bright,Claire,https://maps.google.com/maps/contrib/118427975333656191844,false,Photo: Claire via Google Maps,google-maps-contributor,https://lh3.googleusercontent.com/gps-cs-s/AHRPTWl9eMnpCa8xZM6GGmcET4aH_60BpfL0LnFBHik5VV_aNhT6NnHAm1payqnU2vYV9spx2Ac9-UB1bck1lxBNlotZvaYl5SgkoPCMmFNQVPw9poA4f8LeMg_ay-vONQDxiZpMp3VP9TibQDxO=s2048,https://www.google.com/maps?cid=17690813463960376614
tokyo-azabudai-hills-mori-jp-tower,Azabudai Hills Mori JP Tower,alt-1,tokyo/photos/tokyo-azabudai-hills-mori-jp-tower/alt-1.webp,1600,1200,landscape,space-exterior,place,daytime|design|green,Kuo,https://maps.google.com/maps/contrib/115022990793307740377,false,Photo: Kuo via Google Maps,google-maps-contributor,https://lh3.googleusercontent.com/gps-cs-s/AHRPTWl2MEZF08MAigTEdXDA1_7aAch-OK0raDecpRjR6yPm_SumcRTEf4FzcPne1SfmL-HHHClezSfhpqMz9tl5TAzgZ787fWY0ex_I9Avpm4UUDaX8quBSc2NKRKMBoi2arro7v4zExtUAzKk=s2048,https://www.google.com/maps?cid=17690813463960376614
tokyo-azabudai-hills-mori-jp-tower,Azabudai Hills Mori JP Tower,alt-2,tokyo/photos/tokyo-azabudai-hills-mori-jp-tower/alt-2.webp,1200,1600,portrait,view,place,night|skyline,王小望,https://maps.google.com/maps/contrib/112956619314263206431,false,Photo: 王小望 via Google Maps,google-maps-contributor,https://lh3.googleusercontent.com/gps-cs-s/AHRPTWn2DX9nVMQVPA6067qU-nJSITySOdchVRPOwpU5fixoC_u1-9YXCbY9Zqvud3HQeJkVNIHj7h7570AA-xkIqMbXfpdb0BkIjhiTjZwx_-U9LKm4O8atozeXUC0HUsEZ3MhI_uG8-QNU7H8=s2048,https://www.google.com/maps?cid=17690813463960376614
tokyo-azabudai-hills-mori-jp-tower,Azabudai Hills Mori JP Tower,alt-3,tokyo/photos/tokyo-azabudai-hills-mori-jp-tower/alt-3.webp,1600,1205,landscape,space-interior,place,design|green|bright,Seff Shen (雪夫),https://maps.google.com/maps/contrib/108526139014651815435,false,Photo: Seff Shen (雪夫) via Google Maps,google-maps-contributor,https://lh3.googleusercontent.com/grass-cs/ACvplmN7U7mHRqqaT4gu5p9HRrpDDGfZZglDKAL7HQCPmUZPXHHrQPQQQZH-_zzL8dm2N_Ihta7W48YWjYDnQIi-YgyoWCpBXDutMYm9ozmevu1DO_hj6jDfJ41Pr-_Ur9_jTpKs6VyVaovLFqP-=s2048,https://www.google.com/maps?cid=17690813463960376614
tokyo-balcony-by-6th,Balcony by 6th,hero,tokyo/photos/tokyo-balcony-by-6th/hero.webp,1600,1200,landscape,space-interior,place,counter-seating|design|lively,Jazzy Rider,https://maps.google.com/maps/contrib/101177422264293521007,false,Photo: Jazzy Rider via Google Maps,google-maps-contributor,https://lh3.googleusercontent.com/gps-cs-s/AHRPTWngfGq4TyhLCi15JR9oac1y0JDx1BeU9hFp-ot2C45AGdNWtZ6GJXvrpqhSacycrJEPD6KnRQqbZpiK_K5Rrmvn8048Qs0nwNu9_lMP_6LeFFz2z2nFZSuakpvujVXkuujs8-2tTXgSf7sw=s2048,https://www.google.com/maps?cid=2327445109759790476
tokyo-balcony-by-6th,Balcony by 6th,alt-1,tokyo/photos/tokyo-balcony-by-6th/alt-1.webp,1280,853,landscape,food,place,moody,Balcony by 6th,https://maps.google.com/maps/contrib/117477501273824606123,true,Photo: Balcony by 6th via Google Maps,google-maps-contributor,https://lh3.googleusercontent.com/gps-cs-s/AHRPTWkXi02Sgyk19sb0CI6NyztTawAUMKgpe9Lp4x-FwAKAkHq_YLzqpPHWCyr2OayU4_fke-S2TRNLw23SWXuaZ5EnitL4kIfxwR4pyUZ5CBWdajZYgimmT4AInjYlpDWtGUclwm6j98K0swg=s2048,https://www.google.com/maps?cid=2327445109759790476
tokyo-balcony-by-6th,Balcony by 6th,alt-2,tokyo/photos/tokyo-balcony-by-6th/alt-2.webp,1108,1477,portrait,food,place,cozy,Seirah Kashimura (せらまる),https://maps.google.com/maps/contrib/105508357821613234065,false,Photo: Seirah Kashimura (せらまる) via Google Maps,google-maps-contributor,https://lh3.googleusercontent.com/gps-cs-s/AHRPTWlaLOiQDIqfzdYxAhV30ctqn3IW7oHRZp8iB0CJELfaamg141x9UiOCPfLtSSKZZ_cEWVXgNbQ1pR4uMro87aDQ-evfI6Ua17Sl-ZXdq_JwxJwuEdKWYkCqzZ_83HGJX9yVn9-s5p1cvZc=s2048,https://www.google.com/maps?cid=2327445109759790476
tokyo-balcony-by-6th,Balcony by 6th,alt-3,tokyo/photos/tokyo-balcony-by-6th/alt-3.webp,1600,1600,square,food,place,bright,劉妍辰（Eeeeeva）,https://maps.google.com/maps/contrib/105679153876145600951,false,Photo: 劉妍辰（Eeeeeva） via Google Maps,google-maps-contributor,https://lh3.googleusercontent.com/gps-cs-s/AHRPTWmfr5IVC8qWT1bZK2F9YRxa9HPqD6uwTKaQh15qaYZ7WSG1UaS26GBnRoFC7S-oyVyf6L3r5Q3gPxJYgpxTvnVu9EoW4J1g3BzNK8vsAx15FThpCS6zua8L0K7eGhRrHQhR9GkgTuuHvog=s2048,https://www.google.com/maps?cid=2327445109759790476
tokyo-bar-benfiddich,Bar Benfiddich,hero,tokyo/photos/tokyo-bar-benfiddich/hero.webp,1600,1200,landscape,space-interior,place,moody|candlelit|retro,LuJin Arsene,https://maps.google.com/maps/contrib/103100857067533649351,false,Photo: LuJin Arsene via Google Maps,google-maps-contributor,https://lh3.googleusercontent.com/gps-cs-s/AHRPTWlydU3sdQ1E4Bhi1Dph6ll0V5B93P78zehhV_-Z-OcH12hszfk6gzj7xigIJVWyIJbX-5e4Yq3Mb8vApibdbFBTsTwxmvcFhEjGLXqxRHRDwLL5zC2NLHbdIZopQ6ZMRbq_dY-0Zr6p-BIi=s2048,https://www.google.com/maps?cid=6114541142626704952
tokyo-bar-benfiddich,Bar Benfiddich,alt-1,tokyo/photos/tokyo-bar-benfiddich/alt-1.webp,1600,1200,landscape,space-interior,place,counter-seating|moody|intimate,Jacob Xu,https://maps.google.com/maps/contrib/116040055247337843729,false,Photo: Jacob Xu via Google Maps,google-maps-contributor,https://lh3.googleusercontent.com/gps-cs-s/AHRPTWmh4UQ3X7uUKXb3iJiYYN4YknJntCfyx-TF6FvIIS6bJ-Rh7JDVO1Qvicfmh7NXYdlUELYnFB9FVP1jP3HBgzYJJfzIZiNATGAIViiN5P3xvyZ_Ot_EKE0kVC8_EVBKDVB2qb3FjUzgxWY=s2048,https://www.google.com/maps?cid=6114541142626704952
tokyo-bar-benfiddich,Bar Benfiddich,alt-2,tokyo/photos/tokyo-bar-benfiddich/alt-2.webp,1200,1600,portrait,drink,place,moody|candlelit,河原木桃香,https://maps.google.com/maps/contrib/116842328372724486043,false,Photo: 河原木桃香 via Google Maps,google-maps-contributor,https://lh3.googleusercontent.com/gps-cs-s/AHRPTWkGRlZwOR3rhf_W_y9Wsbmf6-0bUX8Kmp8e6ojVuUIGG5zaaEU5B9mpOK-wJ3CI5NhTiye5OS2uSuI48lTBs9IcbhRWyiizFLMDI0fZo6lpEYHd0KXgv0lA5GbZwk3U6p9ev3QKSQEmsfw=s2048,https://www.google.com/maps?cid=6114541142626704952
tokyo-bar-benfiddich,Bar Benfiddich,alt-3,tokyo/photos/tokyo-bar-benfiddich/alt-3.webp,1200,1600,portrait,drink,place,candlelit|intimate,Pauline Steele,https://maps.google.com/maps/contrib/101060251691182206355,false,Photo: Pauline Steele via Google Maps,google-maps-contributor,https://lh3.googleusercontent.com/gps-cs-s/AHRPTWkeqSvls_MJ4kHlbYcBeYURqFmwrFEXNsa4O500Wz10D2uP4jpvP75f-kqGS7pPECa67z4PbrwdCJAN_VOI1SZ7GSCFt3Mx_ZVZxpcC_5z4CcJVjg4zUULcCC2CB7p2TrbdRLPPClLAmG5e=s2048,https://www.google.com/maps?cid=6114541142626704952
tokyo-bar-kingyo,BAR Kingyo,hero,tokyo/photos/tokyo-bar-kingyo/hero.webp,1600,1600,square,space-interior,place,moody|intimate|counter-seating,八束晃一,https://maps.google.com/maps/contrib/117958915916323138622,false,Photo: 八束晃一 via Google Maps,google-maps-contributor,https://lh3.googleusercontent.com/gps-cs-s/AHRPTWlrsrlRnk8EDnhzgEy-z0iQvSPSUWG6dYpKrHkcj8DHlEXIEmrjPU9LAsdq99g7kYwZJBXF1jBzO0EbgnPfAT4f7--A1qxYM3wOMJp96f9t448mS6XK_oe0jGLUOUe2GdiKQUbCkDYL5KPL=s2048,https://www.google.com/maps?cid=792804768480007045
tokyo-bar-kingyo,BAR Kingyo,alt-1,tokyo/photos/tokyo-bar-kingyo/alt-1.webp,1600,1600,square,detail,place,candlelit|cozy|moody,八束晃一,https://maps.google.com/maps/contrib/117958915916323138622,false,Photo: 八束晃一 via Google Maps,google-maps-contributor,https://lh3.googleusercontent.com/gps-cs-s/AHRPTWkG49n3tU39SNJSLsTSlUJXDkjjf2ThCTeAIvE5IYcaqau7lsmU-vHGSSGBDzB6o99inSrp4YYV657yT4jX9gr-LRIuxQryscoPUGX_41iUsemVOFCZ1tmrG3sNoWHpsQiwk8wz0mTrRYMW=s2048,https://www.google.com/maps?cid=792804768480007045
tokyo-bar-kingyo,BAR Kingyo,alt-2,tokyo/photos/tokyo-bar-kingyo/alt-2.webp,1200,1600,portrait,drink,place,moody,ゆうき,https://maps.google.com/maps/contrib/112373103716777520909,false,Photo: ゆうき via Google Maps,google-maps-contributor,https://lh3.googleusercontent.com/gps-cs-s/AHRPTWkAnhDmJakAjn5jS6bml2xwXhZKjrE5MRDlXzgMU7AYm5UAKsQgpLSVeLkd6bp2a6Q-qhn6phh5z8UihW3QR3Cbxpr7eK06hgjBOFj0znMQvsekTlOORgXcS-C4UuePjvvmSCjeSEFEe5Vx=s2048,https://www.google.com/maps?cid=792804768480007045
tokyo-bar-kingyo,BAR Kingyo,alt-3,tokyo/photos/tokyo-bar-kingyo/alt-3.webp,1200,1600,portrait,food,place,candlelit|cozy,min,https://maps.google.com/maps/contrib/104408799378994335943,false,Photo: min via Google Maps,google-maps-contributor,https://lh3.googleusercontent.com/gps-cs-s/AHRPTWl01C3kLx86acSQZINKwkQE-AUZoXRtAdO6oyjT85_ewkz9SecdVNiamI9GDFqtjxCyyXHBMLBFre17fEDJMyRxT2If0TqDD58VB-WV2RYtKj1BbF0OdOwj-voAtF8FBY2eIwkkyQ=s2048,https://www.google.com/maps?cid=792804768480007045
tokyo-bar-martha,Bar Martha,hero,tokyo/photos/tokyo-bar-martha/hero.webp,1600,1200,landscape,space-interior,place,counter-seating|moody|retro,Marco Berg,https://maps.google.com/maps/contrib/110280635172294112338,false,Photo: Marco Berg via Google Maps,google-maps-contributor,https://lh3.googleusercontent.com/gps-cs-s/AHRPTWmJPhyZjO2N80oWoHDyF_SoMt-rNSMcowOAowSz5OTjM5uuAhMUhoJ9fVfuNP-Jdw8n0SkUboJmWQU6xS_pgoA-Fxata7EaB2ySbv9_PEqghj7gwDSojSqTmh3kZVQo1Rby6wNP0gcJiyQg=s2048,https://www.google.com/maps?cid=164368046657667006
tokyo-bar-martha,Bar Martha,alt-1,tokyo/photos/tokyo-bar-martha/alt-1.webp,1600,1200,landscape,space-exterior,place,night|street|moody,ピノのグルメ日記,https://maps.google.com/maps/contrib/107853414127711531465,false,Photo: ピノのグルメ日記 via Google Maps,google-maps-contributor,https://lh3.googleusercontent.com/gps-cs-s/AHRPTWmIe0JmPRgFWPV_CUJq9s8LATu0tuqKsS81niinEfF6JOphpcZpR7B5DfD1l8aTTfF6pEzYD7KdPHzDgnUlPXCECEuF9jao6OXDunXjAg_M1-GEwM9ia52jaudcZeNNiWpvLBM2=s2048,https://www.google.com/maps?cid=164368046657667006
tokyo-bar-martha,Bar Martha,alt-2,tokyo/photos/tokyo-bar-martha/alt-2.webp,1600,730,landscape,detail,place,cozy|retro,Keigo Yuruka,https://maps.google.com/maps/contrib/106265024843330351971,false,Photo: Keigo Yuruka via Google Maps,google-maps-contributor,https://lh3.googleusercontent.com/gps-cs-s/AHRPTWnsLIZPypHaJay-Kez_EqDkZmVHI4UJbmJbXff8ruYiUetGk8rb3-lsxK4tQ-16-Nz1YiY5fiWm_CSEPD73I0JL7db0qzK9hrQ9RfP28wh3GUhS7op3OEitZl0lSyqj78kYqcfGtQ=s2048,https://www.google.com/maps?cid=164368046657667006
tokyo-bar-martha,Bar Martha,alt-3,tokyo/photos/tokyo-bar-martha/alt-3.webp,1066,1600,portrait,drink,place,moody|intimate,Thanida Thongbor,https://maps.google.com/maps/contrib/104762648252846574319,false,Photo: Thanida Thongbor via Google Maps,google-maps-contributor,https://lh3.googleusercontent.com/gps-cs-s/AHRPTWnD3bd0vCAFRSR7aC9ZogXnK6BD1h4Io6PT_rlKa2qnVL1BKwlO_Se1wrPAh3rFuUzkR3UZi-buxittHP_x3AbM0j48AfGLko5C-r3v1Iu5smpxk6Pufe1TmEv55mteaGNrIojEv_-NIo1f=s2048,https://www.google.com/maps?cid=164368046657667006
tokyo-bar-music,bar music,hero,tokyo/photos/tokyo-bar-music/hero.webp,1600,1600,square,space-interior,place,moody|retro|counter-seating,Joshua Perez,https://maps.google.com/maps/contrib/104755173219498351457,false,Photo: Joshua Perez via Google Maps,google-maps-contributor,https://lh3.googleusercontent.com/gps-cs-s/AHRPTWk5kb36mwIUk29jpcsx8_kKoUD06AuhQiCibt80ZZULAA_z7zSbui0KvYb3R6ZdFcyLAbKbKqdkosKdF1EoD1rKK3kTfSakSYWmrbW-moaRCZegXsdJPD1jyjwkoFqHIDwuofvXcQ=s2048,https://www.google.com/maps?cid=5134723138399809017
tokyo-bar-music,bar music,alt-1,tokyo/photos/tokyo-bar-music/alt-1.webp,1600,900,landscape,drink,place,cozy|moody,秋山潤樹,https://maps.google.com/maps/contrib/105977783996538695132,false,Photo: 秋山潤樹 via Google Maps,google-maps-contributor,https://lh3.googleusercontent.com/gps-cs-s/AHRPTWlSjjl-v7EzW6AUPNdmZ4bhgbUdxgOGNzhg8UTV8_QCnnGQjWh8sT5wTU1OneOyckpP-c-8GnUyzxIAWLKIozFDqWaEkYZ3bWwP3MYt8sdzy_GmYNtJqukhdQCN3L6eEH7hzcFu2W--fLBL=s2048,https://www.google.com/maps?cid=5134723138399809017
tokyo-bar-music,bar music,alt-2,tokyo/photos/tokyo-bar-music/alt-2.webp,1200,1600,portrait,space-interior,place,retro|cozy,Virginia Segara,https://maps.google.com/maps/contrib/110983713652238993405,false,Photo: Virginia Segara via Google Maps,google-maps-contributor,https://lh3.googleusercontent.com/gps-cs-s/ANWiy9Te4DS-Sqy64oG9hobn7QL09ZumniB5kYSe3LklaW4xFmpw4nvxbo09Ml9sljPQRv1O-VyXv8cVS9_w9OrYcB9a8Y0fJm2Rj_U4b2nGhnFpv8oiPMTuRJ740GE9p2c-cik-rRYfPsXYsEt9=s2048,https://www.google.com/maps?cid=5134723138399809017
tokyo-bar-music,bar music,alt-3,tokyo/photos/tokyo-bar-music/alt-3.webp,1200,1600,portrait,drink,place,cozy|intimate|retro,Tom David,https://maps.google.com/maps/contrib/104352258752687416943,false,Photo: Tom David via Google Maps,google-maps-contributor,https://lh3.googleusercontent.com/gps-cs-s/AHRPTWltxvbSzgDzTcPk-6d-KngQJg-Fq-rs1BhTVa4zoiaarp_l_M1UidKqc4uubRuDwZjbIt41m0yi0D5UEvRbO__dVb1PeMowN5tKHZ-nffkA1c3wXcpo_OY-6DBPzK2z_iHUV-NRn76I2VJn=s2048,https://www.google.com/maps?cid=5134723138399809017
tokyo-bar-panorama,Bar Panorama,hero,tokyo/photos/tokyo-bar-panorama/hero.webp,1466,960,landscape,space-interior,place,neon|design|moody,バール パノーラマ（イタリアン 池袋）,https://maps.google.com/maps/contrib/100352438536139327299,false,Photo: バール パノーラマ（イタリアン 池袋） via Google Maps,google-maps-contributor,https://lh3.googleusercontent.com/gps-cs-s/AHRPTWmcnPIk6_87U3tiqsuxfdr-QnlTHsBI22lPnQDs6_R7DbnybxAzBerZkQhQTfj-Am7z8Xyud9cMK0fUI6JY8hqLFb6bVbk5geEDWZWsVzfd56mqCvPYTcIQmK3Cdxdd5IX6lQO6Yw=s2048,https://www.google.com/maps?cid=9538403317837509003
tokyo-bar-panorama,Bar Panorama,alt-1,tokyo/photos/tokyo-bar-panorama/alt-1.webp,1200,1600,portrait,space-interior,place,night|neon|lively,pino,https://maps.google.com/maps/contrib/104046715544319571875,false,Photo: pino via Google Maps,google-maps-contributor,https://lh3.googleusercontent.com/gps-cs-s/AHRPTWm10ETCzxLFpaIg7kOS-7CKFZmRg_E2ykZJ-gY_cvDIKsle9aizbEPOt1EuewCkl7oYXchLPA6ExQqb3E_wWBIoFRBz2mjR0rAlJJrHv5eF7RolQUGtoedP6k39Je1QewgeNRe4rHc_PtBB=s2048,https://www.google.com/maps?cid=9538403317837509003
tokyo-bar-panorama,Bar Panorama,alt-2,tokyo/photos/tokyo-bar-panorama/alt-2.webp,1200,1600,portrait,space-interior,place,neon|night,pino,https://maps.google.com/maps/contrib/104046715544319571875,false,Photo: pino via Google Maps,google-maps-contributor,https://lh3.googleusercontent.com/gps-cs-s/AHRPTWkRvl2h-MK7OQd6ldRapmghSG69Ht-C7Y_vAh7kVEkAxoTTP3rOdZEcU-sGeWwWlV-ys4l-CcBgBie1yWoP-zgFcwKSxFCW3WqGbmn1WOdm9DZcjRElEeDq226zvzG6YaKCykb9-ocszRYY=s2048,https://www.google.com/maps?cid=9538403317837509003
tokyo-bar-panorama,Bar Panorama,alt-3,tokyo/photos/tokyo-bar-panorama/alt-3.webp,1600,1600,square,food,place,skyline|daytime,Cowley Drive,https://maps.google.com/maps/contrib/112213672472396723748,false,Photo: Cowley Drive via Google Maps,google-maps-contributor,https://lh3.googleusercontent.com/gps-cs-s/AHRPTWk0dygNYXZn2RXYe9iQtgYzFBeMNkpIxQ_ZQFT378TirAfBIx6T311Z8uTL9ubw-gNPGT6jHZuPzv7Cj-xUUDCs4lHPa3pnv5FCe-1dKGmJ7Kmd3UibhSXx14pw8w9lr5sYlB8U-hAmwEq_=s2048,https://www.google.com/maps?cid=9538403317837509003
tokyo-bar-phase,Bar phase （バー フェイズ）馬喰町,hero,tokyo/photos/tokyo-bar-phase/hero.webp,1600,1200,landscape,drink,place,candlelit|moody|minimal,高木夢人,https://maps.google.com/maps/contrib/115139235845257077996,false,Photo: 高木夢人 via Google Maps,google-maps-contributor,https://lh3.googleusercontent.com/gps-cs-s/ANWiy9TLN4OhABepoOHTVrmeaNKdVtpLQToDHucmH6cDUQWLcCdjsWM3sLhCqWH2ck3GEfEG28CgMZsfSNbMkIRUFgct6LXIJvXCxQZCbsVrVoyG9kTnBs1SqX86LRm6zKgwxM3MqwNU51PSJZlI=s2048,https://www.google.com/maps?cid=4856545474272560547
tokyo-bar-phase,Bar phase （バー フェイズ）馬喰町,alt-1,tokyo/photos/tokyo-bar-phase/alt-1.webp,1600,1200,landscape,space-interior,place,moody|candlelit|intimate,Bar phase （バー フェイズ）馬喰町,https://maps.google.com/maps/contrib/102381782478939759833,true,Photo: Bar phase （バー フェイズ）馬喰町 via Google Maps,google-maps-contributor,https://lh3.googleusercontent.com/gps-cs-s/AHRPTWnPWir9O0xywCA6KZqHJxk-ACXpkHiA79GLRI27nzSXhCoZkQOW5DlGEIqsZ_f3Cy6O3NgKurytK24aHEyCrk9DF5Tb4McQ4st5h647Zn8fHtv_GzRM9kGyiN4yhMMCGeDT95dXSGNcSxf4=s2048,https://www.google.com/maps?cid=4856545474272560547
tokyo-bar-phase,Bar phase （バー フェイズ）馬喰町,alt-2,tokyo/photos/tokyo-bar-phase/alt-2.webp,1600,1200,landscape,space-interior,place,counter-seating|moody|green,mamemaki arare,https://maps.google.com/maps/contrib/100936229257754205073,false,Photo: mamemaki arare via Google Maps,google-maps-contributor,https://lh3.googleusercontent.com/gps-cs-s/ANWiy9QZx3GgAPVT9bwXUvBP6NCq3P8d-7v_Zl2yq16KcAjZe9cJNFtfOqrxLrCwbeVI1bEYQWkW9m-iKCdJTNtX558nsVv9cReO-PoszKDjdN5KTZHEw29i3ufBKayj2Jm521YNSa2FzwcSHv4=s2048,https://www.google.com/maps?cid=4856545474272560547
tokyo-bar-phase,Bar phase （バー フェイズ）馬喰町,alt-3,tokyo/photos/tokyo-bar-phase/alt-3.webp,1200,1600,portrait,space-interior,place,minimal|intimate,iiishiori iii,https://maps.google.com/maps/contrib/107230722897340439527,false,Photo: iiishiori iii via Google Maps,google-maps-contributor,https://lh3.googleusercontent.com/gps-cs-s/ANWiy9RP58LWENYskYhIjaEsxAUolBBGtWcy5r1fgwCbJ1Y1q0yul8mRNOaXWHT62lW973sXuFQIjGn3I4z0QsdtO6ydcpxzJnUHWUCZv5Nlq_9XuvXHO81bubRv0-__Tf-3fM7T_YM8Ft2BBCb9=s2048,https://www.google.com/maps?cid=4856545474272560547
tokyo-bar-pygmalion,Bar Pygmalion,hero,tokyo/photos/tokyo-bar-pygmalion/hero.webp,1600,1200,landscape,space-interior,place,neon|night|counter-seating,藤井みはる,https://maps.google.com/maps/contrib/111112159573300283951,false,Photo: 藤井みはる via Google Maps,google-maps-contributor,https://lh3.googleusercontent.com/gps-cs-s/AHRPTWma7mm7HNrWMYnleN4jCaF5IF7zw7_RetKt07Pt4UG3W8S7aHVuxYgEovVvCV8t8yL0yOHEzDLAgs6DpALxeqWfjr6WtpKzYyRm-Y_ML7VH62QyW1D2bPHK2L8tLW5GT64xDTpyzw=s2048,https://www.google.com/maps?cid=10738199747450953290
tokyo-bar-pygmalion,Bar Pygmalion,alt-1,tokyo/photos/tokyo-bar-pygmalion/alt-1.webp,1200,1600,portrait,drink,place,neon|intimate,藤井みはる,https://maps.google.com/maps/contrib/111112159573300283951,false,Photo: 藤井みはる via Google Maps,google-maps-contributor,https://lh3.googleusercontent.com/gps-cs-s/AHRPTWkH300gq_K1pJjItdTND1uC6otd_Oy5Q4g4t6MK66nU38fr_cd7Wz5OMCDiW3QDaSHtMuAsqYsh4Dk3o3LXhC-E23iPCak4OFeuYkeotTBwbf20a_jFAWFzd3BDHUHIATV-SZJWZg=s2048,https://www.google.com/maps?cid=10738199747450953290
tokyo-bar-pygmalion,Bar Pygmalion,alt-2,tokyo/photos/tokyo-bar-pygmalion/alt-2.webp,1200,1600,portrait,space-exterior,place,minimal,藤井みはる,https://maps.google.com/maps/contrib/111112159573300283951,false,Photo: 藤井みはる via Google Maps,google-maps-contributor,https://lh3.googleusercontent.com/gps-cs-s/AHRPTWkjp2nPwvmM9hI730wVWJD01ZavBVwJaHbJDfQ0i5oBcVPhlfM2XQG1CZU160jRnvC0Fc7zAlApWuArZ8QrFK3oCc0C5xRoMImGMISOMujXwehHjO0GMfTyAe-RfHTz5krTM4Yy=s2048,https://www.google.com/maps?cid=10738199747450953290
tokyo-bar-starman,Bar Starman,hero,tokyo/photos/tokyo-bar-starman/hero.webp,1440,1440,square,space-interior,place,green|moody|counter-seating,Bar Starman,https://maps.google.com/maps/contrib/117045490781637953460,true,Photo: Bar Starman via Google Maps,google-maps-contributor,https://lh3.googleusercontent.com/grass-cs/ACvplmPZj5B0Fm1DRXOCsOCzU5jsydopxJ7MjS9l8wIG2Y6LCm75g8qySom1OGGrLdd1rMRlUQ3ZGOjcnHWLrwhhEgpPjG9O9mx9H4seCYA9GY6r3l7ksctkc8KDMM03z4YWsJ7b38_ejw=s2048,https://www.google.com/maps?cid=1444532373260867795
tokyo-bar-starman,Bar Starman,alt-1,tokyo/photos/tokyo-bar-starman/alt-1.webp,1280,1600,portrait,drink,place,moody|design,Bar Starman,https://maps.google.com/maps/contrib/117045490781637953460,true,Photo: Bar Starman via Google Maps,google-maps-contributor,https://lh3.googleusercontent.com/gps-cs-s/AHRPTWkiw_5cOhWd7STuNUXwiCofTYMgOSoMJDfHb_zIoqoHIdKH-vXHN2QsH21Q5st7PAFn2L-kyZ-AHBcQ-uTARl5Nh21XE4b7dgqcp5HPFw-ma9l6Yod3My7G-IQyX0DCXZxSpww=s2048,https://www.google.com/maps?cid=1444532373260867795
tokyo-bar-starman,Bar Starman,alt-2,tokyo/photos/tokyo-bar-starman/alt-2.webp,1200,1600,portrait,space-interior,place,moody|intimate,Blythe Bu,https://maps.google.com/maps/contrib/100366374487969842883,false,Photo: Blythe Bu via Google Maps,google-maps-contributor,https://lh3.googleusercontent.com/gps-cs-s/AHRPTWlizM3iXhOPV1KoqkOK8bQCj2gh6Pqo6wOCunRphkRg4wsuDzSsvz7XRtg3VSlqYft5Bd44Xz1Xoa0mjj1e6ufHg5AYKmItn4KSImfKnzpNW0ZOEy2fWRZpa8UIrGlUxV610qDJml5w0GwT=s2048,https://www.google.com/maps?cid=1444532373260867795
tokyo-bar-starman,Bar Starman,alt-3,tokyo/photos/tokyo-bar-starman/alt-3.webp,1200,1600,portrait,drink,place,design|moody,Naomi Gelinas,https://maps.google.com/maps/contrib/115727177374765325384,false,Photo: Naomi Gelinas via Google Maps,google-maps-contributor,https://lh3.googleusercontent.com/gps-cs-s/AHRPTWnbKBJ4vjclwIjIrPQdGxoC2gsBksm3OLU9EuHvt9E0QM7PamQ1H-wLHpQO3xcXhVfDMeMZC9eCetp-Y7H9i1YiRmyfiV91bNWsfb1IYlN97jQYhQk_DIpyDiA7grcY0nVxGOEpbbXKp8DN=s2048,https://www.google.com/maps?cid=1444532373260867795
tokyo-bar-tram,Bar TRAM,hero,tokyo/photos/tokyo-bar-tram/hero.webp,1600,1068,landscape,space-interior,place,moody|night|counter-seating,Bar TRAM,https://maps.google.com/maps/contrib/110545657459962633574,true,Photo: Bar TRAM via Google Maps,google-maps-contributor,https://lh3.googleusercontent.com/gps-cs-s/AHRPTWkxV6IKDzDVYKozGFUzYgZRphgna1arGPA35lrqU4oO8mlDy6iILoL1oSGXgz5RlMZzYif2rZhqhTUxLyhkg7YUHDbh8VqKL6Pzg-mDdhj_LgvU6s0AFmxYU6h_tpnRsm-UhrjB=s2048,https://www.google.com/maps?cid=2847937113865950816
tokyo-bar-tram,Bar TRAM,alt-1,tokyo/photos/tokyo-bar-tram/alt-1.webp,1600,1200,landscape,space-interior,place,retro|design|cozy,新藤,https://maps.google.com/maps/contrib/105883897304795548432,false,Photo: 新藤 via Google Maps,google-maps-contributor,https://lh3.googleusercontent.com/gps-cs-s/AHRPTWnWzkDkG5vdyQVdb477dR2HFiihxzM4u8K0Xc31g7goY9-4fIG4rrEeWu173RkgUBuZIaDz5ssDVXFPa2UzByIF0uxEJNreaHibKAPsbD7Opd2RQqFiFXnvP1YR2kLgnUkdjtxRLMOJPc4=s2048,https://www.google.com/maps?cid=2847937113865950816
tokyo-bar-tram,Bar TRAM,alt-2,tokyo/photos/tokyo-bar-tram/alt-2.webp,1600,1185,landscape,food,place,cozy|retro,ピノのグルメ日記,https://maps.google.com/maps/contrib/107853414127711531465,false,Photo: ピノのグルメ日記 via Google Maps,google-maps-contributor,https://lh3.googleusercontent.com/gps-cs-s/AHRPTWlUZR2opda9cXunhQVNPpiwBp8e8AewsjbBjq6IrUZxUd6211Q0PokcKjuiEzlWGngAwz1DDf7E01uC1WZuzHl11No4dGJ9D3ia6rlfmCQlCnP7SE6eaqFI2J4fOPES-BWxuB1pW7Fw3mQ=s2048,https://www.google.com/maps?cid=2847937113865950816
tokyo-bar-tram,Bar TRAM,alt-3,tokyo/photos/tokyo-bar-tram/alt-3.webp,900,1600,portrait,drink,place,moody|retro,デリシャスハンター,https://maps.google.com/maps/contrib/116072231130511272805,false,Photo: デリシャスハンター via Google Maps,google-maps-contributor,https://lh3.googleusercontent.com/gps-cs-s/AHRPTWnhELTsXWN5gzl-bUgm_rva3eySA0Br3NuLVZpx0kNCJLn5BG_5T6j0xREKrr6yJdXc2H6SRGEu1X1zCiwHWSOYyDdWik5gOzrpOetDOrSWOIRQ9ZPoEZaQiy40deMGngJcET5thrrr34Q=s2048,https://www.google.com/maps?cid=2847937113865950816
tokyo-bar-trench,Bar TRENCH,hero,tokyo/photos/tokyo-bar-trench/hero.webp,1600,1107,landscape,space-exterior,place,night|street|moody,Bar TRENCH Tokyo,https://maps.google.com/maps/contrib/107298151945206204636,false,Photo: Bar TRENCH Tokyo via Google Maps,google-maps-contributor,https://lh3.googleusercontent.com/grass-cs/ACvplmNa5iiVS3xJsy_v0OmWW2Eq8XFBWPKtaldJvX92g0NEuuDjKj_7Avt0jwUQhtLG5kHyoiO-0a0H_nIOMyB_ktw3HSzwJmqMo6FScUm9vWqVeXbl3HmN2-qDIfd0N7WGe2Q5kXF4=s2048,https://www.google.com/maps?cid=7971247173051187300
tokyo-bar-trench,Bar TRENCH,alt-1,tokyo/photos/tokyo-bar-trench/alt-1.webp,1600,1201,landscape,space-interior,place,moody|counter-seating|retro,Bar TRENCH Tokyo,https://maps.google.com/maps/contrib/107298151945206204636,false,Photo: Bar TRENCH Tokyo via Google Maps,google-maps-contributor,https://lh3.googleusercontent.com/gps-cs-s/AHRPTWmHmjsFfAkzsALam0EGEE7Q-15ul8MM-ax9yFsXoUsL12nlMPcNSrunr-cqAypC7DRCb3Orbnr1KMvtNnl4LiJoR-vXBDpKETJv5WGd-Zp4nzWBhTbSv59VKlghjzdXkkxhyG33cPTXiXQg=s2048,https://www.google.com/maps?cid=7971247173051187300
tokyo-bar-trench,Bar TRENCH,alt-2,tokyo/photos/tokyo-bar-trench/alt-2.webp,1600,1600,square,drink,place,moody|minimal,Bar TRENCH Tokyo,https://maps.google.com/maps/contrib/107298151945206204636,false,Photo: Bar TRENCH Tokyo via Google Maps,google-maps-contributor,https://lh3.googleusercontent.com/gps-cs-s/AHRPTWl0xfsk9UCEXcKAqNNArZuoOroyzz0t6i-Kz4WUmHcXgBpq1VRxgqSIH75XZCl8HcYldVWo9LV391SIJM-2Qr25amwPF6QNG8ZVVbHRaUChqpJ5hae9J24BW3HhzuMZxsMbKSQQNx3PqdOm=s2048,https://www.google.com/maps?cid=7971247173051187300
tokyo-bar-trench,Bar TRENCH,alt-3,tokyo/photos/tokyo-bar-trench/alt-3.webp,1600,1600,square,drink,place,moody|cozy,Bar TRENCH Tokyo,https://maps.google.com/maps/contrib/107298151945206204636,false,Photo: Bar TRENCH Tokyo via Google Maps,google-maps-contributor,https://lh3.googleusercontent.com/gps-cs-s/AHRPTWnA6W-bgwW6F5eKkRQtbZHIaZBqqtHIWzq7N5T27Y2hI-W785cZ5oVjqR_tkzeKO2eY0ZiwxsbL9cLUsuKsKv0mVAHcfVaaXFj_G0OjtTehOnkcqq2y7bznHBrG_Lvi_kb-WsW7bmiiRSqj=s2048,https://www.google.com/maps?cid=7971247173051187300
tokyo-bar-banten,Bar 盤天(Banten),hero,tokyo/photos/tokyo-bar-banten/hero.webp,1600,1067,landscape,space-interior,place,night|moody|counter-seating|minimal,Bar 盤天(Banten),https://maps.google.com/maps/contrib/118359154279801937896,true,Photo: Bar 盤天(Banten) via Google Maps,google-maps-contributor,https://lh3.googleusercontent.com/grass-cs/AABkmLefv8_oyfYVZpJScFJVXQKxQAUVSO42m4GzP395rJj0sBu2z5W5QVzNFhSardh3MzKoBjfL55yaQIgY7X7-cbXNjt_C2AfH6nSQxZDF0-Fr_VGmxF5Mtlrl49yE0nmZjeoDab4emAioa6BJ=s2048,https://www.google.com/maps?cid=11228956614901884420
tokyo-bar-banten,Bar 盤天(Banten),alt-1,tokyo/photos/tokyo-bar-banten/alt-1.webp,1600,1169,landscape,detail,place,moody|design|retro,Din Grogu,https://maps.google.com/maps/contrib/115224612312111874477,false,Photo: Din Grogu via Google Maps,google-maps-contributor,https://lh3.googleusercontent.com/gps-cs-s/AHRPTWnULTYZz6vPuSxOKW41cT4EhvWt--6VUFupW1vkMP8mKGqLPohHDXycQP_BwrX0t2YIGQ4TbBt6sccJ9bkIfcitutdT3RoAYosZ_8G9Cs_xNMs8mqFXH0Adw6l21ldWPFNIYQWqvv-oOtPV=s2048,https://www.google.com/maps?cid=11228956614901884420
tokyo-bar-banten,Bar 盤天(Banten),alt-2,tokyo/photos/tokyo-bar-banten/alt-2.webp,1600,1066,landscape,drink,place,moody|design,Bar 盤天(Banten),https://maps.google.com/maps/contrib/118359154279801937896,true,Photo: Bar 盤天(Banten) via Google Maps,google-maps-contributor,https://lh3.googleusercontent.com/gps-cs-s/AHRPTWnMufnMWLLhr3LJ9lrNIUYdikax0OBMIchViruQwck43lVKvs7lqKznCrVoUJ2HPzraHNsRE6M7WHQCEjPSlT955xUv86QgCC4Z2JgkjLq70182IlMYaXLmluY_dor6z3fVHI81G3RO2SFc=s2048,https://www.google.com/maps?cid=11228956614901884420
tokyo-bar-banten,Bar 盤天(Banten),alt-3,tokyo/photos/tokyo-bar-banten/alt-3.webp,1600,1200,landscape,detail,place,moody|design,Maegan,https://maps.google.com/maps/contrib/116191547350434112702,false,Photo: Maegan via Google Maps,google-maps-contributor,https://lh3.googleusercontent.com/gps-cs-s/AHRPTWle8EHzyVKqd-0vgFBfK9c5vlojNlof4tZ1GsBHyhbIYQQako1K_iD0y0nN3J56syB2RElQdVBFXbUaajy1OF8KpleXW88UBUUnVut5erhyQIwXWSct1qoDJRWnzr7_agdq0gvsOxZqx4sM=s2048,https://www.google.com/maps?cid=11228956614901884420
tokyo-bar-ro-taru,BAR 莨樽 ro-taru,hero,tokyo/photos/tokyo-bar-ro-taru/hero.webp,1600,1066,landscape,space-interior,place,night|moody|counter-seating|retro,BAR 莨樽 ro-taru whisky＆gallery 六本木本店,https://maps.google.com/maps/contrib/110951180518075831347,true,Photo: BAR 莨樽 ro-taru whisky＆gallery 六本木本店 via Google Maps,google-maps-contributor,https://lh3.googleusercontent.com/gps-cs-s/AHRPTWkpAV6XOOKVMvcCMLd3udmdqN3Q9yX6YGggmP3jaTcGSKIDcHybaTyQ-kvnPQ9-CI5jXpLlMQOnYSzBAqoFPQYowOikeGEwaz_cTQLZ1mzUSSd7vNsPe2GeVKTKy_oA4dYoZoD8=s2048,https://www.google.com/maps?cid=2803517746460119533
tokyo-bar-ro-taru,BAR 莨樽 ro-taru,alt-1,tokyo/photos/tokyo-bar-ro-taru/alt-1.webp,1600,1098,landscape,space-interior,place,moody|retro|cozy,BAR 莨樽 ro-taru whisky＆gallery 六本木本店,https://maps.google.com/maps/contrib/110951180518075831347,true,Photo: BAR 莨樽 ro-taru whisky＆gallery 六本木本店 via Google Maps,google-maps-contributor,https://lh3.googleusercontent.com/gps-cs-s/AHRPTWnKPCw8p4VfcQbxu6wKbisL_09KbcL7m5BsrfOIipPM5foyzaHnm4S5f-jtDbUsykAVlZRPyQD6Hi2sexqWz4zgRPTlGAM8wC8AFdRnUZG1d6HpkGCNn2qS37Wi9biwt6GQKKn_=s2048,https://www.google.com/maps?cid=2803517746460119533
tokyo-bar-ro-taru,BAR 莨樽 ro-taru,alt-2,tokyo/photos/tokyo-bar-ro-taru/alt-2.webp,1600,1066,landscape,drink,place,candlelit|moody,BAR 莨樽 ro-taru whisky＆gallery 六本木本店,https://maps.google.com/maps/contrib/110951180518075831347,true,Photo: BAR 莨樽 ro-taru whisky＆gallery 六本木本店 via Google Maps,google-maps-contributor,https://lh3.googleusercontent.com/gps-cs-s/AHRPTWlmbcuo9r_wT53-cA4AyGdev0FYPtflJwFjGXgZrZXiYW-n_8oXXAYuEohxNO7WVHOg3vXLije02-UPVwfeNnJmRleijzyEcvyCM-ZfItl8X-O8udA4WK9UL2U-zIT5sxYePjWM=s2048,https://www.google.com/maps?cid=2803517746460119533
tokyo-bar-ro-taru,BAR 莨樽 ro-taru,alt-3,tokyo/photos/tokyo-bar-ro-taru/alt-3.webp,1600,1066,landscape,detail,place,moody|retro,BAR 莨樽 ro-taru whisky＆gallery 六本木本店,https://maps.google.com/maps/contrib/110951180518075831347,true,Photo: BAR 莨樽 ro-taru whisky＆gallery 六本木本店 via Google Maps,google-maps-contributor,https://lh3.googleusercontent.com/gps-cs-s/AHRPTWnCG0YhVEDknBSA3njJBH6dgrjQ3vkLerKLtw2d31eOzSNaUynJyM15-tFc0kyb9amJlmB1xjRvcIa_hOB_6blXSk-0nKwDgUOiduWT6SrzdQS097wtf0eu8Cvr19nltGwwruA=s2048,https://www.google.com/maps?cid=2803517746460119533
tokyo-baso-omotesando,BASO OMOTESANDO,hero,tokyo/photos/tokyo-baso-omotesando/hero.webp,1600,1200,landscape,space-interior,place,minimal|counter-seating|bright,BASO 表参道,https://maps.google.com/maps/contrib/102508330742499004071,false,Photo: BASO 表参道 via Google Maps,google-maps-contributor,https://lh3.googleusercontent.com/grass-cs/ACvplmNs4whh3l4tHLccwtRFvRmJ34BBGFu9cdccqVh95E0kQhPHm2sjRLjhhPUCdOQCQzzv5qgBwRvtyPGoESZTw-KY_0UL2s-P3-aDPDcBbXyrlxeksChBsvDP0JjZXyzABGzDiCiY=s2048,https://www.google.com/maps?cid=281332397191675451
tokyo-baso-omotesando,BASO OMOTESANDO,alt-1,tokyo/photos/tokyo-baso-omotesando/alt-1.webp,1600,1600,square,food,place,cozy,M A,https://maps.google.com/maps/contrib/103104425354828423450,false,Photo: M A via Google Maps,google-maps-contributor,https://lh3.googleusercontent.com/gps-cs-s/AHRPTWlMeqcmdPa2MEOYvpJkJPQ_-nUr1vHHdtxxwaxuDHiHPHMCFEBxpqy9TdXpVaRPQLlqhKBT0NyrowldsVDaFUHNIndhJZRZCUHYZcHEqMsy5p2GCn312DO5iaXyLCltAfdXYXwLOyU8Xq30=s2048,https://www.google.com/maps?cid=281332397191675451
tokyo-baso-omotesando,BASO OMOTESANDO,alt-2,tokyo/photos/tokyo-baso-omotesando/alt-2.webp,1600,1600,square,food,place,cozy,shock,https://maps.google.com/maps/contrib/115162905697341448684,false,Photo: shock via Google Maps,google-maps-contributor,https://lh3.googleusercontent.com/gps-cs-s/AHRPTWkZySxTwphSDMtigWbpCOVwiHD9N6WlvtMT5BDbfVWFQfPs_8wzUwan1jfAe3YK4zL0dBR6R4V6rTmUaIrFRryAJKV-ocbl9rq4m4ksMmxvksVWCDsHDlk2U8BDhPaKYX25wZlzJ78txfs=s2048,https://www.google.com/maps?cid=281332397191675451
tokyo-baso-omotesando,BASO OMOTESANDO,alt-3,tokyo/photos/tokyo-baso-omotesando/alt-3.webp,1600,900,landscape,space-exterior,place,street|daytime,HIRO,https://maps.google.com/maps/contrib/105946341782706150002,false,Photo: HIRO via Google Maps,google-maps-contributor,https://lh3.googleusercontent.com/gps-cs-s/AHRPTWkj_cUGs0hKFcsT7tKofw4tF_K5efq4zr6sbHig0J8YH5oJ1Hm_p10u6Q1GbMG9cxwzTLLn_P9kqpyJuLfhHQC2leDCDcr_gRAXKz1OtOMyi78BpWNRvdfBKT5edY2ghNQgighS-94MZ0Wl=s2048,https://www.google.com/maps?cid=281332397191675451
tokyo-beams-boy-harajuku-store,beams Boy Harajuku Store,hero,tokyo/photos/tokyo-beams-boy-harajuku-store/hero.webp,1600,1200,landscape,space-exterior,place,street|daytime|design,sangwoo han,https://maps.google.com/maps/contrib/115663329541385719466,false,Photo: sangwoo han via Google Maps,google-maps-contributor,https://lh3.googleusercontent.com/grass-cs/AABkmLf6D--tKkOKbIRZpyisQbRrbpKienWtnFvlLocjH-uwZvJ4ceM6qIk2oUU9JD5YIhWFYc18lBc-VS_K3_BHJqzEbpg_qrNHof7gNRNOJkrb8sBUqj1xmcM8wRqtTOGYRRammidEwI3Ri0A=s2048,https://www.google.com/maps?cid=12974878254494893631
tokyo-beams-boy-harajuku-store,beams Boy Harajuku Store,alt-1,tokyo/photos/tokyo-beams-boy-harajuku-store/alt-1.webp,1200,1600,portrait,space-interior,place,retro|bright,Gary張益振,https://maps.google.com/maps/contrib/114994191828804027888,false,Photo: Gary張益振 via Google Maps,google-maps-contributor,https://lh3.googleusercontent.com/gps-cs-s/ANWiy9Rjnpyy3-7rIMa3JzgdYFkrJI_qhvLacGryPqooXBypNYuMqK7opLot3Gjg0tshmvPnS3WSgS4taIor8KrO72XOk-aKB8D9S1dTKs2PaWSHt2fKDttTM1tqnHvjRii9yym0zZX22GrUCg0=s2048,https://www.google.com/maps?cid=12974878254494893631
tokyo-beams-boy-harajuku-store,beams Boy Harajuku Store,alt-2,tokyo/photos/tokyo-beams-boy-harajuku-store/alt-2.webp,1600,1066,landscape,space-exterior,place,street|daytime,ビームス ボーイ 原宿,https://maps.google.com/maps/contrib/114721258776946239494,false,Photo: ビームス ボーイ 原宿 via Google Maps,google-maps-contributor,https://lh3.googleusercontent.com/gps-cs-s/ANWiy9SE-MUMLbCqhFKi0m0oZ6_ti0mrB0hys4Fv4xmsE0N2SOU078f9R0Tk2MDGrMg0_uhG6zSiM2m5uHmFpXN20HgK84s0-1HzG_rHuLPHDWdtyYvQVeCbtCghfXUnQ7xgBeu1j2H7=s2048,https://www.google.com/maps?cid=12974878254494893631
tokyo-beefsteak-house-azuma,Beefsteak house Azuma,hero,tokyo/photos/tokyo-beefsteak-house-azuma/hero.webp,1600,1200,landscape,food,place,cozy|retro,キュノさんフォエバー,https://maps.google.com/maps/contrib/103245954163055704765,false,Photo: キュノさんフォエバー via Google Maps,google-maps-contributor,https://lh3.googleusercontent.com/gps-cs-s/AHRPTWkFbahlRqmK_Fxjs9cLBEeZPhd688caJCxtcqPb9IxccnMFhKp7DeF7HRaGICNOO-rxYpmgDPBSYUIuwiQDIDksek0FbZMhXAD50MOKHk8NLw2h9O5H8ttsk3gSnHKbHH_xaOeV-Q=s2048,https://www.google.com/maps?cid=16621144839702339624
tokyo-beefsteak-house-azuma,Beefsteak house Azuma,alt-1,tokyo/photos/tokyo-beefsteak-house-azuma/alt-1.webp,1600,1200,landscape,space-exterior,place,street|retro|daytime,桜風青空,https://maps.google.com/maps/contrib/109360710086862146900,false,Photo: 桜風青空 via Google Maps,google-maps-contributor,https://lh3.googleusercontent.com/gps-cs-s/AHRPTWmh8PfrOqCVb8E8CX3oMoHGpQZBUfglogji7kNMumz-ntvq_k2q7wakixeQcugg-fpGUztsz7Xy_q0SrpcMpnEKEcGrjz7dG8U0MOKjDmxKUPf6aA1iW5NxsrONnq282RCoAEbk=s2048,https://www.google.com/maps?cid=16621144839702339624
tokyo-beefsteak-house-azuma,Beefsteak house Azuma,alt-2,tokyo/photos/tokyo-beefsteak-house-azuma/alt-2.webp,1600,1205,landscape,food,place,cozy|retro,中村TNR,https://maps.google.com/maps/contrib/114787981414628359650,false,Photo: 中村TNR via Google Maps,google-maps-contributor,https://lh3.googleusercontent.com/gps-cs-s/AHRPTWnk1R-Bkmb04qmH6zrCdy9TgbQ3d9dWiEY16p7_yHb9uSDjUxqiQhDZTa2SdI6LMYl0TZy6V63vGhWqYsyjTUjwi_qL9LIJJRuaaLc76paZ9icOjG6m2IaRu8dknJ6uEixQBsZBfcoieQwH=s2048,https://www.google.com/maps?cid=16621144839702339624
tokyo-beefsteak-house-azuma,Beefsteak house Azuma,alt-3,tokyo/photos/tokyo-beefsteak-house-azuma/alt-3.webp,1600,1600,square,food,place,cozy|retro,MIYUKI,https://maps.google.com/maps/contrib/103201966896621130495,false,Photo: MIYUKI via Google Maps,google-maps-contributor,https://lh3.googleusercontent.com/gps-cs-s/AHRPTWkQOlTjqkEmZJrFYGwIDNH5DaK61EKIY5xWyI3py2SGQqLt9dfr71TJISN5lg_whuJlb9RRyrMMHbT5l8bopLE8Zyo8_7aFCad26MkXCdIgGNOqVZz3gGdBcFd-AdB99elkOwasqg=s2048,https://www.google.com/maps?cid=16621144839702339624
tokyo-best-packing-store,BEST PACKING STORE,hero,tokyo/photos/tokyo-best-packing-store/hero.webp,1116,1600,portrait,space-exterior,place,street|cozy|green,Cheng-Ming Chao (Kein),https://maps.google.com/maps/contrib/105416488877397102331,false,Photo: Cheng-Ming Chao (Kein) via Google Maps,google-maps-contributor,https://lh3.googleusercontent.com/gps-cs-s/ANWiy9RDXqEOGw_E_dVNPC2nE8u63T81CcuKgMOqJwI6Rs9ZD9Rwzbi4r53se-QQJZQ0rHVe8uK4_RWVOxR46sUiqw7qZdPGTvEjYLSs-P0OstcL-kBPcDcEU1Wz0LndZcK85N5cO4yCzw=s2048,https://www.google.com/maps?cid=15366296049652121281
tokyo-best-packing-store,BEST PACKING STORE,alt-1,tokyo/photos/tokyo-best-packing-store/alt-1.webp,1600,1200,landscape,detail,place,minimal|design,Kazuhiko Umeda,https://maps.google.com/maps/contrib/108608809205400335685,false,Photo: Kazuhiko Umeda via Google Maps,google-maps-contributor,https://lh3.googleusercontent.com/gps-cs-s/ANWiy9RqaV-I1N6TxPgZQJfREzMQkGS8WPKALMNO3EOVN9KF9_GEBW5QITUixVROywxs12gd6IJEwvOkZedQbVySR-Ow7KNuz65r8owTBQ-YmqZ8zLduARcJhxn7156anHyq0UV3ARGT=s2048,https://www.google.com/maps?cid=15366296049652121281
tokyo-best-packing-store,BEST PACKING STORE,alt-2,tokyo/photos/tokyo-best-packing-store/alt-2.webp,1284,1425,square,detail,place,minimal,すえ末広がり,https://maps.google.com/maps/contrib/108297969641848763479,false,Photo: すえ末広がり via Google Maps,google-maps-contributor,https://lh3.googleusercontent.com/gps-cs-s/ANWiy9RTfwv2VDUPGdU3U1lisBiX7fClxj4Syb0qyRQk6HmcfKKFfZnEMTuqBAzgb8xU4miqH3SMfUnngPzzKTNgPAZA5axuULbycrq_dzaVbXp5CcRlvtSzafeLwcnxfGnGI6GLjqi5mA=s2048,https://www.google.com/maps?cid=15366296049652121281
tokyo-biccamera-akiba-store,BicCamera AKIBA Store,hero,tokyo/photos/tokyo-biccamera-akiba-store/hero.webp,1600,1200,landscape,space-interior,place,bright|retro|lively,ビックカメラ AKIBA,https://maps.google.com/maps/contrib/108204773802487913331,false,Photo: ビックカメラ AKIBA via Google Maps,google-maps-contributor,https://lh3.googleusercontent.com/gps-cs-s/ANWiy9RTkrP4Sm00WtypjkCIoRboxYUC6SDhsjifRMnVVdtjfc6QAN2Ojx0L4SzhLAYHrrh__fzw3eNwNya6kZYacDxVYuZAyaa92q6WTNFKXRse5U0Jn1RHyYlo6kWavO-ZZz1-maZEcFr2j7db=s2048,https://www.google.com/maps?cid=2542779958082201348
tokyo-biccamera-akiba-store,BicCamera AKIBA Store,alt-1,tokyo/photos/tokyo-biccamera-akiba-store/alt-1.webp,1600,900,landscape,space-interior,place,bright|lively,徐雍（DAIDAIYUNG）,https://maps.google.com/maps/contrib/113699116276111806487,false,Photo: 徐雍（DAIDAIYUNG） via Google Maps,google-maps-contributor,https://lh3.googleusercontent.com/gps-cs-s/ANWiy9SmQ5g2SXi1r3oFJtFYyph2Bjr0MnB0v-avDPQd1QKpA9cu4EGkO7_O3PFydLtda_KzPPU1ZjWW4hlVeKMalbWTp4KMDCELMOlE27NzRDNjWT8qRpoiSnq-BTZDk_w5DFPKhz-4ZW8qK28=s2048,https://www.google.com/maps?cid=2542779958082201348
tokyo-biccamera-akiba-store,BicCamera AKIBA Store,alt-2,tokyo/photos/tokyo-biccamera-akiba-store/alt-2.webp,1600,1200,landscape,detail,place,bright|lively,Mokkie Mok,https://maps.google.com/maps/contrib/114130896587559764756,false,Photo: Mokkie Mok via Google Maps,google-maps-contributor,https://lh3.googleusercontent.com/gps-cs-s/ANWiy9QoUYmiqXhDn7xUHj2xJrnhT38MlS__a6S72be9HDcGcUXmeCiUIjFfi7sd8FBGaM0bHSsqXtJBS_f0TUFqvs5Rc64cFVBlDjXpmiiHfavteZGDuPvvhgvywyMPzGGWs0ZmQ-Rvng=s2048,https://www.google.com/maps?cid=2542779958082201348
tokyo-biccamera-akiba-store,BicCamera AKIBA Store,alt-3,tokyo/photos/tokyo-biccamera-akiba-store/alt-3.webp,1200,1600,portrait,detail,place,retro|bright,kmc 852,https://maps.google.com/maps/contrib/114831474993740663422,false,Photo: kmc 852 via Google Maps,google-maps-contributor,https://lh3.googleusercontent.com/gps-cs-s/ANWiy9S3dUQkdZFSsgApE2E1MMt6NSmh2Gf6OmVAqsc9YM85fOcW2jFtRg4OD4lS9MURZU3-Snc2QDMcHf89rhsEgylfaiGgd1ohdKQOid2sKsE8rlisvQY42BwR_HwuSiUnl_bwT3S93L0tL_b4=s2048,https://www.google.com/maps?cid=2542779958082201348
tokyo-bills,bills,hero,tokyo/photos/tokyo-bills/hero.webp,1600,1066,landscape,space-interior,place,bright|daytime|design,bills 表参道,https://maps.google.com/maps/contrib/107159299459123516337,false,Photo: bills 表参道 via Google Maps,google-maps-contributor,https://lh3.googleusercontent.com/grass-cs/ACvplmMLGz-N-RisMowzY_AtLXLzJbMSuYrme2WwadKHlK1kS7qsV3Vu7nEVk2y9XLlwlrvYQKcPbFaTgoW0HiaBTLaSNJCacRWc8Euf8pduL7Row-Q6dJEhnY8Gcf-A1yaxP5zyB1igFg=s2048,https://www.google.com/maps?cid=842209506955036887
tokyo-bills,bills,alt-1,tokyo/photos/tokyo-bills/alt-1.webp,1440,1440,square,food,place,bright|daytime,kkk,https://maps.google.com/maps/contrib/110999087952048410930,false,Photo: kkk via Google Maps,google-maps-contributor,https://lh3.googleusercontent.com/gps-cs-s/AHRPTWnEqVW171Loj3xMPTuw0KTBxFcyWY6YOatEa2Oejc66w31hXAPDkLarTwGE0SEflNG0-ipgyoXkQxYa_qfFbHWrR33Fxa_HjPFpdvG1p8Ls1oNRnEgyWuasZt8Rv0riQaSxaefKmrtsr24=s2048,https://www.google.com/maps?cid=842209506955036887
tokyo-bills,bills,alt-2,tokyo/photos/tokyo-bills/alt-2.webp,1600,1200,landscape,food,place,bright|daytime,かき探偵,https://maps.google.com/maps/contrib/110307810722308517676,false,Photo: かき探偵 via Google Maps,google-maps-contributor,https://lh3.googleusercontent.com/gps-cs-s/AHRPTWmB7_dk1lddqH0zJ_Db31vHydD1_IOZ6qjQGFw1lNFIEyPA5mfEEycO7_dDzBFOoWfUhusIRqPD1hHayujTJX0kgBn024ZYbkCYeXLCu3p8AjLYYE0fhtHwVuVhlvw1Bp4MSSXQToGG8qC0=s2048,https://www.google.com/maps?cid=842209506955036887
tokyo-bills,bills,alt-3,tokyo/photos/tokyo-bills/alt-3.webp,1205,1600,portrait,drink,place,bright|minimal,Alisa M,https://maps.google.com/maps/contrib/105578036022102789805,false,Photo: Alisa M via Google Maps,google-maps-contributor,https://lh3.googleusercontent.com/gps-cs-s/AHRPTWnlV8EnvNHvuIa9POWkWcOFKKrsnVzpg2lAm9vUszkmef_eGHFIYZDWWWYUjgv5am7Qg3QlAKS5qWMO0Jb4byXmI6-DuBfLUrQouFYgM6hC_lTcWmZ3SIWeLe91dUCV1w6pfL2YYzMXutQs=s2048,https://www.google.com/maps?cid=842209506955036887
tokyo-blue-bottle-coffee-aoyama-cafe,Blue Bottle Coffee - Aoyama Cafe,hero,tokyo/photos/tokyo-blue-bottle-coffee-aoyama-cafe/hero.webp,1600,1067,landscape,space-interior,place,minimal|cozy|counter-seating,Akira akira,https://maps.google.com/maps/contrib/108671371339308526809,false,Photo: Akira akira via Google Maps,google-maps-contributor,https://lh3.googleusercontent.com/gps-cs-s/AHRPTWm5oJwrHoKoroXCV87RbTtWBEUiPlRpF4B4yIm0lt9T0qBCRY_1QuZydP59JuDpFFeZT3wp1nqbw-tBugw5rXgqrbGPI7nk0JGm5VZ8mntFyM64x_fOS7ABRLwY7U5uoniI7xpi5r5-NZbn=s2048,https://www.google.com/maps?cid=5183820147445012076
tokyo-blue-bottle-coffee-aoyama-cafe,Blue Bottle Coffee - Aoyama Cafe,alt-1,tokyo/photos/tokyo-blue-bottle-coffee-aoyama-cafe/alt-1.webp,1600,1600,square,drink,place,minimal|daytime,ブルーボトルコーヒー青山カフェ,https://maps.google.com/maps/contrib/103724298882470726382,false,Photo: ブルーボトルコーヒー青山カフェ via Google Maps,google-maps-contributor,https://lh3.googleusercontent.com/gps-cs-s/AHRPTWkLH8FzoJohhMUovpvp3_y71FQ4dZE0fVc0ts3YHS5HAY30Sjr1SZESagJbZtg-Jq4t4ARddRxz6jO0ED1iS9nR04IxUfn5oZ47qxoQB7euq3b89Gf0pmuV3q3lfO0oG4g7mmBHwoY5QZ0=s2048,https://www.google.com/maps?cid=5183820147445012076
tokyo-blue-bottle-coffee-aoyama-cafe,Blue Bottle Coffee - Aoyama Cafe,alt-2,tokyo/photos/tokyo-blue-bottle-coffee-aoyama-cafe/alt-2.webp,1200,1600,portrait,space-interior,place,minimal|bright|design,Ty Rose,https://maps.google.com/maps/contrib/107782229217079157749,false,Photo: Ty Rose via Google Maps,google-maps-contributor,https://lh3.googleusercontent.com/gps-cs-s/AHRPTWmOPX9pghAMuJBqZ5tictTxV9m-tlEwUtM_2Yx9ZhrpGEPa0V8VHTHU81yPdlEsXl3ezrHiGNxxga0RfRm9wVaJasLMdkJ9lnyjxHgAAcyLnbjFq8AjD1m4lPKAan8B17rrLDrlPQ7xWkq5=s2048,https://www.google.com/maps?cid=5183820147445012076
tokyo-blue-bottle-coffee-aoyama-cafe,Blue Bottle Coffee - Aoyama Cafe,alt-3,tokyo/photos/tokyo-blue-bottle-coffee-aoyama-cafe/alt-3.webp,1600,1200,landscape,food,place,daytime,POONY POP,https://maps.google.com/maps/contrib/117992229409551639747,false,Photo: POONY POP via Google Maps,google-maps-contributor,https://lh3.googleusercontent.com/gps-cs-s/AHRPTWmPAnMCbROjm7XHSNHyYz482haIJ8xQZHT8QyOiwb0WSLb3xCcJOO3QHTTVfH3LE0ndOpccFnR8m0YRa_ixquy517ZjRdsH4NEKF9MAcJMUAI7K6CUX9gNiJMhjc8hzmL6w7Mbpnzv5RrRM=s2048,https://www.google.com/maps?cid=5183820147445012076
tokyo-bongencoffee-ginza,BONGENCOFFEE Ginza,hero,tokyo/photos/tokyo-bongencoffee-ginza/hero.webp,1600,901,landscape,space-interior,place,minimal|moody|serene|design,BONGENCOFFEE Tokyo Ginza,https://maps.google.com/maps/contrib/117752467317261143867,false,Photo: BONGENCOFFEE Tokyo Ginza via Google Maps,google-maps-contributor,https://lh3.googleusercontent.com/gps-cs-s/ANWiy9RkaZUVy3HO6-nxozuDeEegt7UnTKTs8zQp82cmyreTJjupVQY2qczhSkXu0MCoWqtEZzG9N0ZuHktJF7Y3yPo6yFHbAPeSUo3fFx2OkZEXZBiJBH9v4migvVQMcCptaWV6iDu1RoY3L-mI=s2048,https://www.google.com/maps?cid=9301737868646870783
tokyo-bongencoffee-ginza,BONGENCOFFEE Ginza,alt-1,tokyo/photos/tokyo-bongencoffee-ginza/alt-1.webp,1600,1600,square,space-exterior,place,street|daytime|minimal,mark,https://maps.google.com/maps/contrib/117663748076091096902,false,Photo: mark via Google Maps,google-maps-contributor,https://lh3.googleusercontent.com/gps-cs-s/ANWiy9Sjt0ugRWuFNujqN5cAqwROSV3RsCuvfXXaNe4muZVbuDU2pVbI91yu9Jqhp4PEsANN7xKUV0Ch6Pm_2DDxUVbEut3jib0QCziS3sUlArHa8dHCkaVZaUOPB1xYQuJs_Y1odxtjlyogQGk=s2048,https://www.google.com/maps?cid=9301737868646870783
tokyo-bongencoffee-ginza,BONGENCOFFEE Ginza,alt-2,tokyo/photos/tokyo-bongencoffee-ginza/alt-2.webp,1600,1600,square,drink,place,minimal,mark,https://maps.google.com/maps/contrib/117663748076091096902,false,Photo: mark via Google Maps,google-maps-contributor,https://lh3.googleusercontent.com/gps-cs-s/ANWiy9QhJaEe_4E776KnMl1ZYfB-cu35Z25iNHijTDxXfq88PVdJtw76Z8cvZ1sezKbGyAranR0-Vi4WoWofQXQEVQ5eAIV9MEEwBFR5sEzXtnVeqkiIpkH1RIEcYsFp5deZLcSv_nLj5UXydBLg=s2048,https://www.google.com/maps?cid=9301737868646870783
tokyo-bongencoffee-ginza,BONGENCOFFEE Ginza,alt-3,tokyo/photos/tokyo-bongencoffee-ginza/alt-3.webp,1200,1600,portrait,space-exterior,place,green|street|serene,윤건혁,https://maps.google.com/maps/contrib/116247564941455123365,false,Photo: 윤건혁 via Google Maps,google-maps-contributor,https://lh3.googleusercontent.com/gps-cs-s/ANWiy9T3oQEGtbb-p5dlagK0OgRz9bve5EqhV-xlDxACaVps4kfT7F-E7Rgfz0ceTyETXsar4LjiihDH90FKYS2hHaxjgkjsP5sP8dJs4Ly-AX5kcAsdymc8vKpFzXTEXGdLrO_pnuJ3BQu93Qw=s2048,https://www.google.com/maps?cid=9301737868646870783
tokyo-bonobo,Bonobo,hero,tokyo/photos/tokyo-bonobo/hero.webp,1600,1200,landscape,space-interior,place,night|neon|moody,Mirai Marcus (Merfins),https://maps.google.com/maps/contrib/111676810871627678380,false,Photo: Mirai Marcus (Merfins) via Google Maps,google-maps-contributor,https://lh3.googleusercontent.com/gps-cs-s/AHRPTWmg94xXehcBvPYVQ2mcV2NAuT5w0ZQj8JpM0IS3lRsfLBASWbOQ8mdS26yqRmQF7_qkHu8bLDn_bBrRdpGqj5cbufspAMUFT6yewXBfWrNgfpIidSJ_Xm_teZcfkhYt_f2TnaGJdw=s2048,https://www.google.com/maps?cid=7257852871119826080
tokyo-bonobo,Bonobo,alt-1,tokyo/photos/tokyo-bonobo/alt-1.webp,1600,900,landscape,space-interior,place,night|lively|retro,MT TS,https://maps.google.com/maps/contrib/112954711943727276156,false,Photo: MT TS via Google Maps,google-maps-contributor,https://lh3.googleusercontent.com/gps-cs-s/AHRPTWnCIMpZHmQzClPFq9JWs5JKCep2HHUMcYVx69eV7XO88w7pqdI7-ConjjeveWtlSWXIFv8utsaTldr4gtq4fiZ4812HxFW63S4wpu9Mp0aus0zGYczeipAi6jVckBT86x30bIM=s2048,https://www.google.com/maps?cid=7257852871119826080
tokyo-bonobo,Bonobo,alt-2,tokyo/photos/tokyo-bonobo/alt-2.webp,1600,900,landscape,detail,place,cozy|moody|retro,Hiroshi UEMURA,https://maps.google.com/maps/contrib/105360394387923989611,false,Photo: Hiroshi UEMURA via Google Maps,google-maps-contributor,https://lh3.googleusercontent.com/gps-cs-s/AHRPTWkEhkjcwzbPY-xhiwCvqA8Wg06h2wgsG5_klaj8LWuELSVsU8Xz5eUxa04UDk5ErDjS4DQuXvAUwz06dSnmmjBzLD5SSZTAd96vUSpsP_eOJi3iBBVswVO3IeBSOfwEA8O_zFJM=s2048,https://www.google.com/maps?cid=7257852871119826080
tokyo-bonobo,Bonobo,alt-3,tokyo/photos/tokyo-bonobo/alt-3.webp,1200,1600,portrait,space-exterior,place,night|street,Ramiro Hernandez,https://maps.google.com/maps/contrib/102237236780272336513,false,Photo: Ramiro Hernandez via Google Maps,google-maps-contributor,https://lh3.googleusercontent.com/gps-cs-s/AHRPTWkS42Fi28HQVqkhuLrOPuaXb9eiG92i45p7PpIoYkbverigyziydK0SYYmW9y44nHiSYIVqGMeFhOsfojnG8xtGpPFUIjp5suz99oP9Ep0FRTLfXDCKwLqZcoqD97H1LMrHzvI=s2048,https://www.google.com/maps?cid=7257852871119826080
tokyo-bookmarc,Bookmarc,hero,tokyo/photos/tokyo-bookmarc/hero.webp,1600,1066,landscape,space-interior,place,cozy|design,Toshi Fujiwara,https://maps.google.com/maps/contrib/102184946938767195048,false,Photo: Toshi Fujiwara via Google Maps,google-maps-contributor,https://lh3.googleusercontent.com/gps-cs-s/AHRPTWnc0nlx3TYSL19yZSDVQtTx3gknlSSNZhIpSnplZgkMxK57aQ4KL-ms5X-e6thc9s9IhQYkC0ZU_GXW0V7fsbXUiuG5Zdz4n3lx6jKkjWHDgfO3kPj1qYCJLh5P95kZ639EErN0=s2048,https://www.google.com/maps?cid=10301917937100087383
tokyo-bookmarc,Bookmarc,alt-1,tokyo/photos/tokyo-bookmarc/alt-1.webp,1200,1600,portrait,space-exterior,place,street|daytime,QQQ,https://maps.google.com/maps/contrib/114031680147948376719,false,Photo: QQQ via Google Maps,google-maps-contributor,https://lh3.googleusercontent.com/gps-cs-s/AHRPTWmoEqixO_-gehKW67kNHAC-0-fH-E4-cPJruRCM0b6SMp4s33h5DQ5-AuIz5UdvXB7LH8dmOiHrmjqDBqQ7rzxKmRxsecZ8gF-nBCGnY3drgfqgMdjMIxHEMEsKrYxfOVTUNPg6dw=s2048,https://www.google.com/maps?cid=10301917937100087383
tokyo-bookmarc,Bookmarc,alt-2,tokyo/photos/tokyo-bookmarc/alt-2.webp,1600,900,landscape,detail,place,design,Michael Scotto,https://maps.google.com/maps/contrib/104633487780396098143,false,Photo: Michael Scotto via Google Maps,google-maps-contributor,https://lh3.googleusercontent.com/gps-cs-s/AHRPTWmd4BXKoik8x1iRRQ_fBJV2daQFtUSVDqD6U0FGbtUQ3CkPjaNrTGALWuwAjFr56NqADSUxgjmcdaUdlmW6nAx21-eRm7B6fAC6hJnx4lbdLQdNmU3Py4GFaLV9-jp1nx180m82BQ=s2048,https://www.google.com/maps?cid=10301917937100087383
tokyo-bookmarc,Bookmarc,alt-3,tokyo/photos/tokyo-bookmarc/alt-3.webp,1600,1200,landscape,art,place,minimal|design,QQQ,https://maps.google.com/maps/contrib/114031680147948376719,false,Photo: QQQ via Google Maps,google-maps-contributor,https://lh3.googleusercontent.com/gps-cs-s/AHRPTWnx5O14nj5hu25KCtZU7TdwQCfuaTQgBPV_9dUHk5Bw8X8K62b90Bkx485vgG3W5BBBLMMLU8evlzMdZhOOFt0Q2TOZWGQOItdAG0hMUKM4-4wSJaYC-yGzGOt31ZIlyNz1MPtk6Q=s2048,https://www.google.com/maps?cid=10301917937100087383
tokyo-books-bunny,BOOKS BUNNY ／ ブックスバニー,hero,tokyo/photos/tokyo-books-bunny/hero.webp,1600,900,landscape,space-interior,place,cozy|retro,,,,Photo via Google Maps,google-maps-contributor,https://lh5.googleusercontent.com/proxy/Zsvx3RsHU81Q2omJaxV88LoO0uixFErN1-y-uOng3gNPfhMPuZasFulF8Z1FWqaLfT88g9BdrhcOyiWErldlqYZOjX0VQ46v-ZSGO4AlO5BYRFfDPe07Cn7Ff2VcsDvSRMsVwLkNrYO7MYvVcufAVN9ogAIeJHs-cUExZg=s2048,https://www.google.com/maps?cid=15017519105325609614
tokyo-books-bunny,BOOKS BUNNY ／ ブックスバニー,alt-1,tokyo/photos/tokyo-books-bunny/alt-1.webp,1080,1080,square,food,place,cozy,鈴木春幸,https://maps.google.com/maps/contrib/102126326325371432508,false,Photo: 鈴木春幸 via Google Maps,google-maps-contributor,https://lh3.googleusercontent.com/gps-cs-s/ANWiy9QTzWeJ9-scPObdqbnXNzcuTvza3g-IvYvnytKF1slIcB9HbtvpCWTdqmtflhdRuhD4739yMcOmM8JzWv7-umJatWixkX48X9nEezIFI0_A0Jxk2uhjiR_B5kwTLhzXfVIlgJW_=s2048,https://www.google.com/maps?cid=15017519105325609614
tokyo-books-bunny,BOOKS BUNNY ／ ブックスバニー,alt-2,tokyo/photos/tokyo-books-bunny/alt-2.webp,900,1600,portrait,space-exterior,place,street|daytime,koshinao,https://maps.google.com/maps/contrib/112412632033202889181,false,Photo: koshinao via Google Maps,google-maps-contributor,https://lh3.googleusercontent.com/gps-cs-s/AHRPTWk_zlo948WfFkZR8p784y6JuV7qN5ZQXZuthq8gW-ueuCSRAJ1D0KFHxrGMfpUEiDJYVHd52r_VwWsr9xRtJTpxpQqOL3MOvn37Xb-DBPTXrWWzGIez-4J76Ge7MeZhMcwFbS7hNfhNzEk=s2048,https://www.google.com/maps?cid=15017519105325609614
tokyo-books-bunny,BOOKS BUNNY ／ ブックスバニー,alt-3,tokyo/photos/tokyo-books-bunny/alt-3.webp,1200,1600,portrait,space-interior,place,retro|counter-seating,Syuu Y,https://maps.google.com/maps/contrib/108466128590655244191,false,Photo: Syuu Y via Google Maps,google-maps-contributor,https://lh3.googleusercontent.com/gps-cs-s/ANWiy9Tjtl898LIwONpFfKY3x-AaRE3uNDGP53ZygmIYP5RTEYIq5Ss6pDJrMLloz5ZCTFdQoUclfhqA366mDNZxnISilMjeEgFBA4S8BRzS8AreHJnZNaw-RKTf6jMq3LH4CdyFYgDKJVrKiug_=s2048,https://www.google.com/maps?cid=15017519105325609614
tokyo-brick-street,Brick street,hero,tokyo/photos/tokyo-brick-street/hero.webp,1600,1183,landscape,space-exterior,place,night|street|lively,Ximonic (Simo Räsänen),,,Photo: Ximonic (Simo Räsänen) via Wikimedia Commons,CC BY-SA 4.0,https://thumb.wikimedia.org/wikipedia/commons/thumb/1/1f/Renaga_Zaka_in_Nakano%2C_Tokyo%2C_Japan%2C_2024_May.jpg/3840px-Renaga_Zaka_in_Nakano%2C_Tokyo%2C_Japan%2C_2024_May.jpg,https://www.google.com/maps?cid=8786873728878906578
tokyo-brick-street,Brick street,alt-1,tokyo/photos/tokyo-brick-street/alt-1.webp,1200,1600,portrait,space-exterior,surroundings,night|street|crowd,Unknown chemist8103,,,Photo: Unknown chemist8103 via Wikimedia Commons,CC BY-SA 4.0,https://thumb.wikimedia.org/wikipedia/commons/thumb/d/d3/%E4%B8%AD%E9%87%8E%E9%A7%85%E5%8D%97%E5%8F%A3%EF%BC%88%E3%83%9E%E3%83%AB%E3%82%A4%E5%89%8D%EF%BC%89.JPG/1920px-%E4%B8%AD%E9%87%8E%E9%A7%85%E5%8D%97%E5%8F%A3%EF%BC%88%E3%83%9E%E3%83%AB%E3%82%A4%E5%89%8D%EF%BC%89.JPG,https://www.google.com/maps?cid=8786873728878906578
tokyo-bunkyo-civic-center-observation-lounge,Bunkyo Civic Center Observation Lounge,hero,tokyo/photos/tokyo-bunkyo-civic-center-observation-lounge/hero.webp,1600,1066,landscape,view,place,skyline|daytime|bright,Mac Toy,https://maps.google.com/maps/contrib/112614819168482456711,false,Photo: Mac Toy via Google Maps,google-maps-contributor,https://lh3.googleusercontent.com/gps-cs-s/AHRPTWkZU8zPFJ7lPWUc4HKlnlGsRkt9wnZ-wHD56pliBFByJ5QgSh82gKyydL31XTdR4VwSSvS-lK7wYiztPs7JeJcAFI4Up6arH2h-cmvzg2Sk1LLEPfshjWijJuucmA2jxdT9edE=s2048,https://www.google.com/maps?cid=7252121478009202797
tokyo-bunkyo-civic-center-observation-lounge,Bunkyo Civic Center Observation Lounge,alt-1,tokyo/photos/tokyo-bunkyo-civic-center-observation-lounge/alt-1.webp,1600,1205,landscape,space-interior,place,night|skyline,ながいだよ,https://maps.google.com/maps/contrib/101921490510847036786,false,Photo: ながいだよ via Google Maps,google-maps-contributor,https://lh3.googleusercontent.com/grass-cs/ACvplmNazrKvjGKWIc81sUSH7Vd1MTZU4D1jxOkJuMhH2WmzJXqWYmXi8k-5JNqrKN222oMBzo5L9Zs9Fsbouq5Rz2awMoaXLR1Q4kdYMml4BwS9a5e56UBxJxX1ilCNXg5JiJdApM2T=s2048,https://www.google.com/maps?cid=7252121478009202797
tokyo-bunkyo-civic-center-observation-lounge,Bunkyo Civic Center Observation Lounge,alt-2,tokyo/photos/tokyo-bunkyo-civic-center-observation-lounge/alt-2.webp,1600,1200,landscape,view,place,night|skyline,Tien Dat Le,https://maps.google.com/maps/contrib/117763116281813703972,false,Photo: Tien Dat Le via Google Maps,google-maps-contributor,https://lh3.googleusercontent.com/gps-cs-s/AHRPTWnhbCbdazGHru55twkA0nZDoSHnB8rOQE4dKgi7t0Bnd_2k7NVy3jAuIT4-kDlu-6lYu8JXJQOhVoHjF0DJzud6e7F-5mIGxByqnebG9lTSsY9ULeqsbXNro_Cjag4r00tW60ApZw=s2048,https://www.google.com/maps?cid=7252121478009202797
tokyo-bunkyo-civic-center-observation-lounge,Bunkyo Civic Center Observation Lounge,alt-3,tokyo/photos/tokyo-bunkyo-civic-center-observation-lounge/alt-3.webp,1600,1200,landscape,view,place,golden-hour|skyline,Kazutomo N,https://maps.google.com/maps/contrib/107701632887795343209,false,Photo: Kazutomo N via Google Maps,google-maps-contributor,https://lh3.googleusercontent.com/gps-cs-s/AHRPTWkt-tJqNWc-bx4Cndk9JiHGk-XHod-uABV0skEFdBu7nRXZOowG9lp0ZIICVkKk39MTD9tRv8YWj53B3C_yjcTGH1CtslCj9bpHWtc8X7BTXnK3USxS_MfYvqy5GfczfFa41Ef-rg=s2048,https://www.google.com/maps?cid=7252121478009202797
tokyo-cabin-nakameguro,CABIN Nakameguro,hero,tokyo/photos/tokyo-cabin-nakameguro/hero.webp,1600,1066,landscape,space-interior,place,night|moody|counter-seating,CABIN Nakameguro,https://maps.google.com/maps/contrib/103475404594441455516,true,Photo: CABIN Nakameguro via Google Maps,google-maps-contributor,https://lh3.googleusercontent.com/gps-cs-s/AHRPTWlXwt45XgtIckQ3oA9skzAAJsegqduuP9jnbklGvvgjvsxsntSgsFPPb5AMXMgG6AwQ7A6_oCa5DWxZzs6-ok6nYvOTc1WlcW-wUKqeNxaPu9Na_POlGtAWUkC0i9w4A4a8NXG8iw=s2048,https://www.google.com/maps?cid=7136815782439120880
tokyo-cabin-nakameguro,CABIN Nakameguro,alt-1,tokyo/photos/tokyo-cabin-nakameguro/alt-1.webp,1600,1600,square,drink,place,candlelit|cozy|intimate,CABIN Nakameguro,https://maps.google.com/maps/contrib/103475404594441455516,true,Photo: CABIN Nakameguro via Google Maps,google-maps-contributor,https://lh3.googleusercontent.com/gps-cs-s/AHRPTWnMR8ljChCpNW1mLe9CROGIbxedZCdVambh6KbTkP9J_hGK6fkGKFTHJB27TB4flsdaRCeim6v9DsG8bSjMcX_PXe8MnsT1e6a3mK4R5PUMSIQiK6V1uJFprP1lq_LM2Cc8hBQvFg=s2048,https://www.google.com/maps?cid=7136815782439120880
tokyo-cabin-nakameguro,CABIN Nakameguro,alt-2,tokyo/photos/tokyo-cabin-nakameguro/alt-2.webp,1171,903,landscape,drink,place,cozy|moody,S C,https://maps.google.com/maps/contrib/101916385256669112586,false,Photo: S C via Google Maps,google-maps-contributor,https://lh3.googleusercontent.com/gps-cs-s/AHRPTWlDYQJ3jfYRAR_rA9fOtSo1LjgyoTqwRZXMfb4OPLTXX_Ro1VC-ZxUPE0ZOy3GnO_CfcHq5qlBD58JkcFGQdm2EbwIO_D-vetnW5ATV0gJI4Oxp2Q1nUKHbsfb_WLKq-wKJmtpZqQ=s2048,https://www.google.com/maps?cid=7136815782439120880
tokyo-cabin-nakameguro,CABIN Nakameguro,alt-3,tokyo/photos/tokyo-cabin-nakameguro/alt-3.webp,1200,1600,portrait,drink,place,moody|counter-seating,M Matsumoto,https://maps.google.com/maps/contrib/117432916602707553305,false,Photo: M Matsumoto via Google Maps,google-maps-contributor,https://lh3.googleusercontent.com/gps-cs-s/AHRPTWkm5qy4rfxhSxeRmtTUm1UCUs67wi3OuECR08255WBnN1t3XReVcB_b_-C340S3z617wQErIq0NDcGznCT0vwp_l_uEsIwdBA2qylufPJAwA7o_FFSIEt05dr5UpICVdKXg3uE=s2048,https://www.google.com/maps?cid=7136815782439120880
tokyo-cafe-reissue,CAFE REISSUE,hero,tokyo/photos/tokyo-cafe-reissue/hero.webp,1600,1600,square,drink,place,cozy,Millie Tan,https://maps.google.com/maps/contrib/101860911479439943695,false,Photo: Millie Tan via Google Maps,google-maps-contributor,https://lh3.googleusercontent.com/gps-cs-s/AHRPTWm2xmkWm9Gg9APbGms0bcdpMPgjVISKEJle0ioSK01c48CMlcvh61ve26PkdeiXQDONmJRuEkqbw9ySyho31PHskG9HPEf9VmmU71EDf_fL5BRE7Q25DwB0MMdRrOZzQADfHWBdIWCRo6Il=s2048,https://www.google.com/maps?cid=14056484513827619209
tokyo-cafe-reissue,CAFE REISSUE,alt-1,tokyo/photos/tokyo-cafe-reissue/alt-1.webp,1200,1600,portrait,drink,place,cozy|bright,Diana Luk,https://maps.google.com/maps/contrib/110115918070671062557,false,Photo: Diana Luk via Google Maps,google-maps-contributor,https://lh3.googleusercontent.com/gps-cs-s/AHRPTWmGVsiw_9I9L3p6X4W0YEbiEhOnjXD8aM8olYPNVGySRoSRxljuNg4XR4SGINX6aS0EamG2MYWndrCHtJMZsQ_6G1ZcnK2PtJiB0uNUL2PtbIWtMNRlB6VijjlodpWWPAGoh5Q-1kq9crY=s2048,https://www.google.com/maps?cid=14056484513827619209
tokyo-cafe-reissue,CAFE REISSUE,alt-2,tokyo/photos/tokyo-cafe-reissue/alt-2.webp,1600,1600,square,space-exterior,place,street|daytime,TAKA7620,https://maps.google.com/maps/contrib/118367648549097196440,false,Photo: TAKA7620 via Google Maps,google-maps-contributor,https://lh3.googleusercontent.com/gps-cs-s/AHRPTWkYHmw6RkoSf06S6PzqvlJFqrHuMgeuf8WkOl74rigjJodFEm6yHcIQmKOBs1b0VAcD9S5BYQHvcqCnmjxFr_5ZDb82KZ_E5wjod0MqPE3W7FuBvhxOMo16gt504Vxt9Wqhh3RvfSMOdjFr=s2048,https://www.google.com/maps?cid=14056484513827619209
tokyo-cafe-reissue,CAFE REISSUE,alt-3,tokyo/photos/tokyo-cafe-reissue/alt-3.webp,1600,958,landscape,food,place,bright,Emilia Więsak,https://maps.google.com/maps/contrib/116557815370078076336,false,Photo: Emilia Więsak via Google Maps,google-maps-contributor,https://lh3.googleusercontent.com/gps-cs-s/AHRPTWkbO0trZc32SDip557El_DPatuy75kX_hMj8qaQyeUnBifT-f-MLsu6ZOloXvzAzAUOWX0LPyoPQDJQU8KMOxxiRW0lmeLfxgqpzh9ygJmZcn1w1Jes-QnqErQtlrcSGRIR7H8pKUuD-so7=s2048,https://www.google.com/maps?cid=14056484513827619209
tokyo-camera-kitamura,Camera Kitamura,hero,tokyo/photos/tokyo-camera-kitamura/hero.webp,1600,1200,landscape,space-interior,place,bright,陳健雄,https://maps.google.com/maps/contrib/104620915678541976006,false,Photo: 陳健雄 via Google Maps,google-maps-contributor,https://lh3.googleusercontent.com/gps-cs-s/AHRPTWnaPGuezJk_jTCRSTcnU-a3eT-8vI-J633X8O2Z725Vefyu1cQhyX23ZBpbMrW2LYUNIw_2ArgcgrfVzyf8iE9ooWXHwi8N5YCAXh9oAkFamkaVBq5Yh6Vz_mTC5MrnewgyaL3N-A=s2048,https://www.google.com/maps?cid=7881674709717269084
tokyo-camera-kitamura,Camera Kitamura,alt-1,tokyo/photos/tokyo-camera-kitamura/alt-1.webp,1600,1064,landscape,space-interior,place,bright,カメラのキタムラ 秋葉原中古買取センター,https://maps.google.com/maps/contrib/103129596784137938104,false,Photo: カメラのキタムラ 秋葉原中古買取センター via Google Maps,google-maps-contributor,https://lh3.googleusercontent.com/gps-cs-s/AHRPTWnrC1ivOiNBUTp1RLHdnrWHJsCnz6siRjALG_viWSM6KG4NUQTTQF7Q-2zIuzC--On3v5uw8Vc6VVFfp_YK3VFWzwzrU3MTO2tryATA06jmRU549GnMNO8qVsfjIcD12oyAPLCJ=s2048,https://www.google.com/maps?cid=7881674709717269084
tokyo-camera-kitamura,Camera Kitamura,alt-2,tokyo/photos/tokyo-camera-kitamura/alt-2.webp,1200,1600,portrait,detail,place,bright|retro,Somsak KULSANGCHAROEN,https://maps.google.com/maps/contrib/112544978161221468629,false,Photo: Somsak KULSANGCHAROEN via Google Maps,google-maps-contributor,https://lh3.googleusercontent.com/gps-cs-s/AHRPTWnmVBRaAzSwcRTTEIEXyQYOzS1LMsvT4YNv0It2wfnj3dh3ifhNrwzgaIIqCvtZytgPmqyy745Dn2sZ_5vj9SxWiTsV5E9ZJ2n50uj3h7bcZdfjziWH0xITALDm_38XywuTin5uxQ=s2048,https://www.google.com/maps?cid=7881674709717269084
tokyo-camera-kitamura,Camera Kitamura,alt-3,tokyo/photos/tokyo-camera-kitamura/alt-3.webp,1600,1200,landscape,space-exterior,place,street|daytime,カメラのキタムラ 秋葉原中古買取センター,https://maps.google.com/maps/contrib/103129596784137938104,false,Photo: カメラのキタムラ 秋葉原中古買取センター via Google Maps,google-maps-contributor,https://lh3.googleusercontent.com/gps-cs-s/AHRPTWl4ASEpgWUsH_J4sWx5l6FSuU1IfJe2wJJH2B8NbWNLBgMfTpejZ3FfIZgp2wKRkI-UbmnUwkZ-j8jiWCL1igUoQqQ7YBnahBq3S61wDz4LPt-6i6rn0V1FP-SfSwNZnrl_G6UK6KdQsNk=s2048,https://www.google.com/maps?cid=7881674709717269084
tokyo-capricciosa,Capricciosa,hero,tokyo/photos/tokyo-capricciosa/hero.webp,1600,1066,landscape,space-interior,place,cozy|retro,イタリア料理カプリチョーザ渋谷本店,https://maps.google.com/maps/contrib/111363189422875750114,false,Photo: イタリア料理カプリチョーザ渋谷本店 via Google Maps,google-maps-contributor,https://lh3.googleusercontent.com/grass-cs/ACvplmPL2MipRMqUamUhWyPO3qIEEBK3pvS9iIIXmzlPKqc6bGUFmPncDzSAfiAICBzu4p7W8NnR4x4wsGzArFnD28gCFFiWKe-1buBJ-VcKNOanvt0ncAEV-mUo1EysnbNiSBxMTfPD=s2048,https://www.google.com/maps?cid=10550997826479550766
tokyo-capricciosa,Capricciosa,alt-1,tokyo/photos/tokyo-capricciosa/alt-1.webp,1600,1066,landscape,food,place,cozy,イタリア料理カプリチョーザ渋谷本店,https://maps.google.com/maps/contrib/111363189422875750114,false,Photo: イタリア料理カプリチョーザ渋谷本店 via Google Maps,google-maps-contributor,https://lh3.googleusercontent.com/gps-cs-s/AHRPTWm95GDVadAJ4-meTTmU6Z82hX7AQ8PN5Y892wUV_FfXTsNa3NYUJjIWfgu71TFGVMmdqdmF-BAJYtNZeVwvxj6CINKyPs7i63XFVVWEUubbJszOd7wxTTuRuXn97RkuAfH6MeUJOA=s2048,https://www.google.com/maps?cid=10550997826479550766
tokyo-capricciosa,Capricciosa,alt-2,tokyo/photos/tokyo-capricciosa/alt-2.webp,1600,1200,landscape,food,place,cozy,飯はのどごし,https://maps.google.com/maps/contrib/100703472422290706277,false,Photo: 飯はのどごし via Google Maps,google-maps-contributor,https://lh3.googleusercontent.com/gps-cs-s/AHRPTWmK5Hf0Q81N6oGD6DIgKnoxV_LWgHFOJgiGhKGPGqIQ1pT8P0b247yViriAJb2HzCSpDvup3wBDGP6aBF0sKKwiXbfEatzfJLSROJYfdLZlhQ00J9HfcotTwMfrn1267CYL8LwlITSTZczc=s2048,https://www.google.com/maps?cid=10550997826479550766
tokyo-capricciosa,Capricciosa,alt-3,tokyo/photos/tokyo-capricciosa/alt-3.webp,1170,1170,square,space-exterior,place,street|retro,komichan tokyo,https://maps.google.com/maps/contrib/110685371896042729175,false,Photo: komichan tokyo via Google Maps,google-maps-contributor,https://lh3.googleusercontent.com/gps-cs-s/AHRPTWk8vIQsWzZd-U4qoNR7w-5XwtPhS9i7HAzR9KNKzVfv9t1fiULD5FIpmdS7Ejn2j1GHNArw1Qxf2naqHJuFHxxui5Hp0cAK98cIzluM65w9gD4NiyPVrnusxp3cds3A_HiUCtPrvMBmu1L_=s2048,https://www.google.com/maps?cid=10550997826479550766
tokyo-casita,Casita,hero,tokyo/photos/tokyo-casita/hero.webp,1600,902,landscape,space-interior,place,design|counter-seating|moody,Casita,https://maps.google.com/maps/contrib/111157425402067632660,true,Photo: Casita via Google Maps,google-maps-contributor,https://lh3.googleusercontent.com/grass-cs/ACvplmP-1ANsrwU0gpIpuK6Ibx8pDoV1ZiAtuHLN2ZWczST7jqGWo7Woij64Bxw5ngTEVtMoPJB20hgE2Vo1uZU7sBV7lRgbb_FNdDF_alqBSzOiWql_O5gMO7EvZHYr0zq2osNjikvliA=s2048,https://www.google.com/maps?cid=5547278223212914506
tokyo-casita,Casita,alt-1,tokyo/photos/tokyo-casita/alt-1.webp,1600,1065,landscape,food,place,bright|minimal,Casita,https://maps.google.com/maps/contrib/111157425402067632660,true,Photo: Casita via Google Maps,google-maps-contributor,https://lh3.googleusercontent.com/gps-cs-s/AHRPTWkz2v14giQtshhEcVD6dCYbf_XbT31i6hpdwdJCLGd2NzEDd1HtSQyAKqwbhZz1CIs6LjxXrln3fwWARgJfTvy0UyjfdrdkiNP_NH9oE5mBq7U5O2i_icZrlsNMy5gYZkE9GfQkLQ=s2048,https://www.google.com/maps?cid=5547278223212914506
tokyo-casita,Casita,alt-2,tokyo/photos/tokyo-casita/alt-2.webp,1200,1600,portrait,space-exterior,place,night|rooftop|intimate,SHUN,https://maps.google.com/maps/contrib/117966647340975652388,false,Photo: SHUN via Google Maps,google-maps-contributor,https://lh3.googleusercontent.com/gps-cs-s/AHRPTWn26gUSj_vqcBqwIE8_-l-AvVQ8YnD9DvmCINm5O9_TClLdUu93IiPW6RpEzxBD4OBTFTsaCrYjjCj3mSnEsWd49OJhan3uI4DfANnbAmgLIUHM1AwrUEZiyy7sQ-1zP2x8tXp9_sZfeDam=s2048,https://www.google.com/maps?cid=5547278223212914506
tokyo-casita,Casita,alt-3,tokyo/photos/tokyo-casita/alt-3.webp,1200,1600,portrait,food,place,minimal|skyline,Ichi go,https://maps.google.com/maps/contrib/111105387761616996126,false,Photo: Ichi go via Google Maps,google-maps-contributor,https://lh3.googleusercontent.com/gps-cs-s/AHRPTWnV-MivysCMVP81Yk3raPaPLa3pkSb6mL6xDJqS3GZ4IdOYwqC6r8ieqQl_PIRBLvXVZyokHTC1QKpXCh6d8AcATXhPkNMmcwWAsURKy_P0A86sv0eqmJ7O7VzSkXc7-XhwgLABDbJ3MOqI=s2048,https://www.google.com/maps?cid=5547278223212914506
tokyo-c-la-vi-tokyo,CÉ LA VI TOKYO,hero,tokyo/photos/tokyo-c-la-vi-tokyo/hero.webp,1600,1066,landscape,view,place,night|rooftop|skyline|neon,CÉ LA VI TOKYO,https://maps.google.com/maps/contrib/101317373233400853674,true,Photo: CÉ LA VI TOKYO via Google Maps,google-maps-contributor,https://lh3.googleusercontent.com/grass-cs/ACvplmNiPiTGQu8V_owQlS-edFRbq62FZZG6E7n8cwQ0EtO005vFwoSkV-aUiUYxxFVkKXVEL7wXehwK5iL7jWBfMIogLzKfJsOuKXPYlf_pEqVBbCpTl9EtZiYSMLU4UbtSORR16uNJLjyThk4=s2048,https://www.google.com/maps?cid=13104214989263770440
tokyo-c-la-vi-tokyo,CÉ LA VI TOKYO,alt-1,tokyo/photos/tokyo-c-la-vi-tokyo/alt-1.webp,1600,1066,landscape,space-interior,place,moody|design,CÉ LA VI TOKYO,https://maps.google.com/maps/contrib/101317373233400853674,true,Photo: CÉ LA VI TOKYO via Google Maps,google-maps-contributor,https://lh3.googleusercontent.com/gps-cs-s/AHRPTWl95ujMawSmax5UNiReK_TsfIRpjQWRHvW3_cjV8jscIcPeKJkhxB0b_p5cnpATNGqm9L2DUWFShbyPzjZPe1ISenE6lK2YL1UvzD0ZU829ctMoLvE8aUKPpTuulxOjqGh80q7AtZpytqf2=s2048,https://www.google.com/maps?cid=13104214989263770440
tokyo-c-la-vi-tokyo,CÉ LA VI TOKYO,alt-2,tokyo/photos/tokyo-c-la-vi-tokyo/alt-2.webp,1600,1200,landscape,drink,place,night|rooftop|skyline,Ashley Limo,https://maps.google.com/maps/contrib/106633157854377881919,false,Photo: Ashley Limo via Google Maps,google-maps-contributor,https://lh3.googleusercontent.com/gps-cs-s/AHRPTWladheVYfuyE0703_ueHrpgARx37W2twGO2zW-meVivxqMc4G-CoQuCuKTvqAG3tJvoLrBTmboIlysfbekVLbwqJ3Wd-adngG14BiwXFe69BH-XEcN_M3j-TWx2Eq9JKXLuIoR6owmq_1sN=s2048,https://www.google.com/maps?cid=13104214989263770440
tokyo-c-la-vi-tokyo,CÉ LA VI TOKYO,alt-3,tokyo/photos/tokyo-c-la-vi-tokyo/alt-3.webp,1600,1067,landscape,food,place,design,CÉ LA VI TOKYO,https://maps.google.com/maps/contrib/101317373233400853674,true,Photo: CÉ LA VI TOKYO via Google Maps,google-maps-contributor,https://lh3.googleusercontent.com/gps-cs-s/AHRPTWkHzu6eTAOMlYQVuJQEHFTdc7nBGqZ_NcXHS5PpwabGCytHmeDfBzehygBh3ZgJGdYlNcrv25AKhcjxQSV0w1f7M6RjqLDiDStz6uSTR8YA6JUwnXMDXWoCpGQEUKin8bj_pEU2AswTIKaX=s2048,https://www.google.com/maps?cid=13104214989263770440
tokyo-champion-bar,Champion Bar,hero,tokyo/photos/tokyo-champion-bar/hero.webp,1600,1200,landscape,space-exterior,place,night|street|lively,HTJ JP (HTJJP),https://maps.google.com/maps/contrib/114739530912741912914,false,Photo: HTJ JP (HTJJP) via Google Maps,google-maps-contributor,https://lh3.googleusercontent.com/gps-cs-s/AHRPTWknByJmxf9DjqK9niENXXsk3_AiXEo0BA8aUP4XBMUDfYiWX9b7Bi21W02gQw0xH8H5B57jGy-Xt3QZ46k1TfUvXuph2inGJrJQ8UDPTbOMZ5tTHCPDhjwTnByPVX6wLCpPT-al0otAwfVu=s2048,https://www.google.com/maps?cid=2007936942579649982
tokyo-champion-bar,Champion Bar,alt-1,tokyo/photos/tokyo-champion-bar/alt-1.webp,1379,1034,landscape,space-interior,place,lively|crowd|retro,Remi Barron,https://maps.google.com/maps/contrib/108212860931358230849,false,Photo: Remi Barron via Google Maps,google-maps-contributor,https://lh3.googleusercontent.com/gps-cs-s/AHRPTWkdUJYrmwO2bTy-A0oWqwHRTu1wVZTjuSCmMS4GAm5DtABdsebqtQZSr3z5ZWdClQTqMcxGBmNda-mu1fhuEJej1a7WXFkyILWAI_ceetzibmRr2d4MeNLbYieFNMWGfDzplJBe=s2048,https://www.google.com/maps?cid=2007936942579649982
tokyo-champion-bar,Champion Bar,alt-2,tokyo/photos/tokyo-champion-bar/alt-2.webp,1600,1273,landscape,space-exterior,place,daytime|street|retro,keigiene,https://maps.google.com/maps/contrib/100933667430544293361,false,Photo: keigiene via Google Maps,google-maps-contributor,https://lh3.googleusercontent.com/gps-cs-s/AHRPTWnfuyz6WvwVSgRxYf6-56OmOTBPiMBtfeuKChj4VyNo1sT4qRc_9btzLIvbJhs_tlmJ9akUdWSK9XW9FjcTDvc-7KajLicxXTfNizwRJwMXhoaoiitHnaX_wruJVhTnjGKJzr4_Tq5b7v0=s2048,https://www.google.com/maps?cid=2007936942579649982
tokyo-champion-bar,Champion Bar,alt-3,tokyo/photos/tokyo-champion-bar/alt-3.webp,1600,1200,landscape,space-exterior,place,daytime|street|green,H. T,https://maps.google.com/maps/contrib/100464529761977238723,false,Photo: H. T via Google Maps,google-maps-contributor,https://lh3.googleusercontent.com/gps-cs-s/AHRPTWlzVrfZC1baUcE_EhRRAAmJ9IY2xoGYuvmkmOR_ozBBMtqRUA-jQg0fgrDHl3ypgFFP60hSFftPo1NAW8mKlKqv1Njt_rw6KgUDfXKPnPkhaxwknUzyUmeePNAarjXN-LDncfrSiuLNpT8U=s2048,https://www.google.com/maps?cid=2007936942579649982
tokyo-chidorigafuchi-park,Chidorigafuchi Park,hero,tokyo/photos/tokyo-chidorigafuchi-park/hero.webp,1600,1067,landscape,nature,place,daytime|waterfront|bright,no future,https://maps.google.com/maps/contrib/118302719777803300860,false,Photo: no future via Google Maps,google-maps-contributor,https://lh3.googleusercontent.com/grass-cs/ACvplmPXpFMHQxj8kfrk6y-a5CTr0j-zccAYMgAB9y8rvAMDo8NfWd8DK0zXo6msDz4ZYyox4zwHYRK4G-WEZc0s3f9fhn9VYWtAI_mAhJ7N92H_TpgPSu8bFYo_uFxiB8MJ8b-rCGZA8g=s2048,https://www.google.com/maps?cid=17761462916358000693
tokyo-chidorigafuchi-park,Chidorigafuchi Park,alt-1,tokyo/photos/tokyo-chidorigafuchi-park/alt-1.webp,1600,1200,landscape,nature,place,night|waterfront|serene,ZHONGZHOU LYU,https://maps.google.com/maps/contrib/115749409063927327270,false,Photo: ZHONGZHOU LYU via Google Maps,google-maps-contributor,https://lh3.googleusercontent.com/gps-cs-s/AHRPTWmBGe6CDJGkR3P7Klv4TsL13jbMmpN7ihrV2UUpljBWR59lAm1B6XPaWaIBwjaYJtDuIbYWTAdKexGhyzh5cPovcz6gef4nSGMkjR5zlIp0Km3bojB279Zvp6FHKWl8iYf6dXuw=s2048,https://www.google.com/maps?cid=17761462916358000693
tokyo-chidorigafuchi-park,Chidorigafuchi Park,alt-2,tokyo/photos/tokyo-chidorigafuchi-park/alt-2.webp,1600,1113,landscape,nature,place,daytime|waterfront|green,CYK AOYAMA,https://maps.google.com/maps/contrib/101801267521970950834,false,Photo: CYK AOYAMA via Google Maps,google-maps-contributor,https://lh3.googleusercontent.com/gps-cs-s/AHRPTWnTCp3amJ8T-IUB2EL4WlQJYoD_G5fqIm4mj5Wg2U3QfrjA-OxfmJXlKCMG2TFOdPWIncowb3veZUcp2t-KTVFVy8BuC6VvPJVf2A6ZuyhHafxIeT0oJ9yxjGEjrp1jDrtAiKiZ=s2048,https://www.google.com/maps?cid=17761462916358000693
tokyo-chidorigafuchi-park,Chidorigafuchi Park,alt-3,tokyo/photos/tokyo-chidorigafuchi-park/alt-3.webp,1600,1200,landscape,view,place,daytime|green|serene|skyline,nei ryu,https://maps.google.com/maps/contrib/116729956589044003862,false,Photo: nei ryu via Google Maps,google-maps-contributor,https://lh3.googleusercontent.com/gps-cs-s/AHRPTWlKnzefrFiKTK220KZLz59EzVkAwztqUQpJtN1gHvzRsGthy5OEybZ-q8uObyw1gF9SzLYsfHmp6ZxhkgI9qQWXvz1sUehfgnGRIFzgbqJ-hAeA75ZFI_mC5HwrAV-VwD3drx6k7rJsCNk=s2048,https://www.google.com/maps?cid=17761462916358000693
tokyo-ch-kokuji-temple,Chōkokuji Temple,hero,tokyo/photos/tokyo-ch-kokuji-temple/hero.webp,1600,1200,landscape,space-exterior,place,daytime|bright,Masahiro Yamamoto,https://maps.google.com/maps/contrib/109463001801166904127,false,Photo: Masahiro Yamamoto via Google Maps,google-maps-contributor,https://lh3.googleusercontent.com/grass-cs/ACvplmM7psoj_7XXdv0g2VNhLBJHFihy1OeJT-Ylu_mYoHpshp_Kin4YuaaztbeX2CwPkc7rJsrAdCtueK8aveieV57XgJFpY6vQScQaDwQFyIAZp828hs4Z3DE33kduwmZ2pNcD1R2rGw=s2048,https://www.google.com/maps?cid=586926045682000792
tokyo-ch-kokuji-temple,Chōkokuji Temple,alt-1,tokyo/photos/tokyo-ch-kokuji-temple/alt-1.webp,1600,900,landscape,space-exterior,place,night|lively,三浦美晴,https://maps.google.com/maps/contrib/102411059160367857444,false,Photo: 三浦美晴 via Google Maps,google-maps-contributor,https://lh3.googleusercontent.com/gps-cs-s/AHRPTWlHuKpye-7ZcDVg22cjvNLIFi0RIGniSKojJpRUfO0fPcrKE0381oie0xI4QhB3SYcZ1uATrfVR74wyhqQcDs1ZJzVNsQsSAz1tK3Qb0UGQcR9XTOUQCsYCnjyVam5ckoiw_lRmhQ=s2048,https://www.google.com/maps?cid=586926045682000792
tokyo-ch-kokuji-temple,Chōkokuji Temple,alt-2,tokyo/photos/tokyo-ch-kokuji-temple/alt-2.webp,1600,1066,landscape,space-exterior,place,night|serene,田村千尋,https://maps.google.com/maps/contrib/116966303344074365749,false,Photo: 田村千尋 via Google Maps,google-maps-contributor,https://lh3.googleusercontent.com/gps-cs-s/AHRPTWnMIccyHYp3PrE_i6bw-gDE3Kyidk7DwLX-szkGPxRojkgURwM5TYbfJxQh_a-5POKIPHYZjjGdRONkTlaGZqPMU55vWGlBDhfSi9eod8YNs8GOKW2XzJcHajF4BOeKiDyePJk=s2048,https://www.google.com/maps?cid=586926045682000792
tokyo-ch-kokuji-temple,Chōkokuji Temple,alt-3,tokyo/photos/tokyo-ch-kokuji-temple/alt-3.webp,1080,1080,square,detail,place,retro,sabai e,https://maps.google.com/maps/contrib/112552280761911676372,false,Photo: sabai e via Google Maps,google-maps-contributor,https://lh3.googleusercontent.com/gps-cs-s/AHRPTWkyTAFPQwPZ1tEdL23FwzGjrl6V0iCLLJG9o-afsMuQLO1MhBTHa9AUmdABxaJJNN7-wPJgZfB0BSTXVVpGcgNUmH4CHcOHcx2kQVRl0ioEF7hVbPhupwKK4TaJM--UEjck4DQ3=s2048,https://www.google.com/maps?cid=586926045682000792
tokyo-chrome-hearts,Chrome Hearts,hero,tokyo/photos/tokyo-chrome-hearts/hero.webp,1600,1200,landscape,space-exterior,place,daytime|green|design,Hiroko kemmochi,https://maps.google.com/maps/contrib/108470404725607283195,false,Photo: Hiroko kemmochi via Google Maps,google-maps-contributor,https://lh3.googleusercontent.com/gps-cs-s/ANWiy9SGmu3vSV8UdX1-wkdRM6x27pCgcgLGUFPY4hYGNehV4B5ytSkZy-EP1kzomtPmby06XpZyhLsXu2DODcW8LMfwvzNID6e8kR235rwYR0wJfGSL4WMZIb8NnKUimWIxyHfNKN-T1XIOXJJ2=s2048,https://www.google.com/maps?cid=9875441586880837547
tokyo-chrome-hearts,Chrome Hearts,alt-1,tokyo/photos/tokyo-chrome-hearts/alt-1.webp,1600,1200,landscape,space-interior,place,cozy|retro|design,林聖勲,https://maps.google.com/maps/contrib/118033146423173987665,false,Photo: 林聖勲 via Google Maps,google-maps-contributor,https://lh3.googleusercontent.com/gps-cs-s/ANWiy9S6DtHMe_6DYPqGMftFxDfZzT4L5vBRryxmBuEodMzkuxii1m5e_17NDxi2wDGsz0e0SOuglxw2MBEnxNr5l2u_iChKihKz-g-WZAEhe8BFfJo4ZgihnO3SGsKOMDW1kuYQoP_N1HdVZ-w=s2048,https://www.google.com/maps?cid=9875441586880837547
tokyo-chrome-hearts,Chrome Hearts,alt-2,tokyo/photos/tokyo-chrome-hearts/alt-2.webp,1200,1600,portrait,space-interior,place,design|minimal|moody,Daryl L,https://maps.google.com/maps/contrib/113876788015158794506,false,Photo: Daryl L via Google Maps,google-maps-contributor,https://lh3.googleusercontent.com/gps-cs-s/ANWiy9Qa-itndFPRC5q4ALnKIDTDvFWElTqibiHW1_E7XBjUNbsNGde_aET1QrcMNHLCkovStEneUvIQnmI5P95BbBmezVIBaOt0IVxpf8mVikX4VLlYINmVn6n3bj_RQIm-4ynEaLfICRptdo4=s2048,https://www.google.com/maps?cid=9875441586880837547
tokyo-chrome-hearts,Chrome Hearts,alt-3,tokyo/photos/tokyo-chrome-hearts/alt-3.webp,1200,1600,portrait,space-exterior,place,night|moody,まを,https://maps.google.com/maps/contrib/100364709783915774802,false,Photo: まを via Google Maps,google-maps-contributor,https://lh3.googleusercontent.com/gps-cs-s/ANWiy9RgRelb3KqvuspNJGwj3bAkFRTWhAR0rEpzWW7QJR9AY9nPMuCYudlk-xebS9AUZd7_MbUfUPztQkLavg-6HQ-YyK3JjtNoKbUqWF_SEirP-TWTIL-oPiN0bDB1-CTE66uNQVUXxCrd5gvH=s2048,https://www.google.com/maps?cid=9875441586880837547
tokyo-ch-ka-soba-ginza-hachigo,Chūka Soba Ginza Hachigo,hero,tokyo/photos/tokyo-ch-ka-soba-ginza-hachigo/hero.webp,1600,1200,landscape,food,place,minimal|cozy,민동휘,https://maps.google.com/maps/contrib/111828962267139177075,false,Photo: 민동휘 via Google Maps,google-maps-contributor,https://lh3.googleusercontent.com/gps-cs-s/AHRPTWmkPFOWRwKsKKUhvMTYUh6pUDlzj9gikJW-ZakjvFzqoFVcBxZP0mVV7A8_tfdfDws0_hjB9NQKrcN0SerX7Okb32R9R9aCCawqKBshIWBwomBDuplCUQ5rJx0SOdgl2OcAhi8wOt7-7g0=s2048,https://www.google.com/maps?cid=13357916488765453786
tokyo-ch-ka-soba-ginza-hachigo,Chūka Soba Ginza Hachigo,alt-1,tokyo/photos/tokyo-ch-ka-soba-ginza-hachigo/alt-1.webp,1200,1600,portrait,space-exterior,place,street|minimal,グルメだんな,https://maps.google.com/maps/contrib/111535252734178761364,false,Photo: グルメだんな via Google Maps,google-maps-contributor,https://lh3.googleusercontent.com/gps-cs-s/AHRPTWnJgTRd1VkD6-zuNGjjhl-0fOD74CbaKBqoRJw5h1lIzUnvX-b3e3W_Bk5RaHZAWePL8tS-TbLtx7MR8ZNL2upZG3RuOUe1ET4r9LKCzn8uliSy6N6MrV328RtGfna8GnYlkk0sxrUlaYzf=s2048,https://www.google.com/maps?cid=13357916488765453786
tokyo-ch-ka-soba-ginza-hachigo,Chūka Soba Ginza Hachigo,alt-2,tokyo/photos/tokyo-ch-ka-soba-ginza-hachigo/alt-2.webp,1600,1066,landscape,space-exterior,place,street|daytime|minimal,銀座 八五,https://maps.google.com/maps/contrib/112091813805294074888,false,Photo: 銀座 八五 via Google Maps,google-maps-contributor,https://lh3.googleusercontent.com/gps-cs-s/AHRPTWmcCIe7aReH7G7Eoo2N363Ma3ZrTJ7zCLqh50USgGr7zyfeivbheZio6ITsJ5hNN3Jwo2ZFnYO_d-wuVRtIsZL_W2AMk0OiQuSjCVtgxVryo94CnbW3jibQkXUfqjLzSsgaFDs=s2048,https://www.google.com/maps?cid=13357916488765453786
tokyo-ch-ka-soba-ginza-hachigo,Chūka Soba Ginza Hachigo,alt-3,tokyo/photos/tokyo-ch-ka-soba-ginza-hachigo/alt-3.webp,1600,1600,square,food,place,cozy,銀座 八五,https://maps.google.com/maps/contrib/112091813805294074888,false,Photo: 銀座 八五 via Google Maps,google-maps-contributor,https://lh3.googleusercontent.com/gps-cs-s/AHRPTWlIqJJe6_0nIQUQgvoIo2nLgNurmbnvaaGN14-BUpTU4spmamlghJB0TERV3GYhgdSM2hf4NySbekSypoXliCCnRD9R_yADD4GAlZ8MPoogd8V-Rom_CqQJV-8SF-xBWM6VGvb07SGfDufp=s2048,https://www.google.com/maps?cid=13357916488765453786
tokyo-churrasco-restaurant-alegria-ginza,churrasco restaurant ALEGRIA GINZA,hero,tokyo/photos/tokyo-churrasco-restaurant-alegria-ginza/hero.webp,1280,1280,square,food,place,moody,アレグリアギンザ,https://maps.google.com/maps/contrib/103457022765464443973,false,Photo: アレグリアギンザ via Google Maps,google-maps-contributor,https://lh3.googleusercontent.com/gps-cs-s/ANWiy9STgLqaoS36WhK2iZqpYyX5lM1jgK0LpYNO95vOhTt4OxGs_v40HS3bK4yN6cJxxWSibAwnn9wo5rEJkNWpO7ecjV6tQO7SShF5ZzpvVb3Y_qHR5bAi7HsoHTVyLZjRD8_9Faw1Lykr21Na=s2048,https://www.google.com/maps?cid=15592243784174440214
tokyo-churrasco-restaurant-alegria-ginza,churrasco restaurant ALEGRIA GINZA,alt-1,tokyo/photos/tokyo-churrasco-restaurant-alegria-ginza/alt-1.webp,1280,1280,square,food,place,moody,アレグリアギンザ,https://maps.google.com/maps/contrib/103457022765464443973,false,Photo: アレグリアギンザ via Google Maps,google-maps-contributor,https://lh3.googleusercontent.com/gps-cs-s/ANWiy9S8IO8GpmGoL8_yOQ31tze-e5YvcF1BeYP-nhjRnzTVud5dCwKBaqK9JXU4YAJP6li_sZ-seVqaCYH7DOfP1FFrAIbpTmvmXgGs_r6l9eItpMCVQpdKLChSk-qi2MZKsZzhnPu-jGDxKNBG=s2048,https://www.google.com/maps?cid=15592243784174440214
tokyo-churrasco-restaurant-alegria-ginza,churrasco restaurant ALEGRIA GINZA,alt-2,tokyo/photos/tokyo-churrasco-restaurant-alegria-ginza/alt-2.webp,1280,1280,square,food,place,moody,アレグリアギンザ,https://maps.google.com/maps/contrib/103457022765464443973,false,Photo: アレグリアギンザ via Google Maps,google-maps-contributor,https://lh3.googleusercontent.com/gps-cs-s/ANWiy9TE6I6Si5qxtUJ70Cqtwgc4qlCuobbwRmbqJWOpuxN7EB0CnAOwd5MDq2go5wI2xVEvLNEtnDQxeXfRwwJGE51QSXCNVKYWeGiOibL8xWNg349kXdBEuZ_Tb0W_sSorOIed_INld4IRDPk=s2048,https://www.google.com/maps?cid=15592243784174440214
tokyo-cibone-aoyama,Cibone Aoyama,hero,tokyo/photos/tokyo-cibone-aoyama/hero.webp,1600,900,landscape,space-interior,place,bright|design|minimal,Víctor Ugarte Farrerons,https://maps.google.com/maps/contrib/116050591197646524519,false,Photo: Víctor Ugarte Farrerons via Google Maps,google-maps-contributor,https://lh3.googleusercontent.com/gps-cs-s/ANWiy9QosfGJ3oqVX9BftdaK8hzfqbZjCngh2W8Zxz4JQdKnLWbA8MBRWxCUGbOE9rSykBeV7J3LspPtTVMyJp95xd4hUhWF57axWFPafmY-AB-WDeygK6Ol6UL6trHKXkwKB5G0wo8=s2048,https://www.google.com/maps?cid=15470257322322228063
tokyo-cibone-aoyama,Cibone Aoyama,alt-1,tokyo/photos/tokyo-cibone-aoyama/alt-1.webp,1600,1200,landscape,space-exterior,place,street|green|design,ダイスケ,https://maps.google.com/maps/contrib/112829199445442681628,false,Photo: ダイスケ via Google Maps,google-maps-contributor,https://lh3.googleusercontent.com/gps-cs-s/AHRPTWlc363fcMOrJtQO_NHz2gxbaAL0gFac9BjnIl52wRsl0FRzkIkQ5s4vmVolNG0aokIKzCm9r_iynvlmScmkIDKJcFTfkII-G62PW9IqKwFkimOVG2eM3941tAiiW6xC-cat2zF3=s2048,https://www.google.com/maps?cid=15470257322322228063
tokyo-cibone-aoyama,Cibone Aoyama,alt-2,tokyo/photos/tokyo-cibone-aoyama/alt-2.webp,1200,1600,portrait,space-interior,place,minimal|design,이지영,https://maps.google.com/maps/contrib/101792314915670104624,false,Photo: 이지영 via Google Maps,google-maps-contributor,https://lh3.googleusercontent.com/gps-cs-s/ANWiy9R840ihwetOKso6nYOqdNrub4-xKJeyuBJvrmPd2SFQrRm80HVDqeekHL56PmoM2i7CR1WvK1iojsNdfqlkyqcKiQt8CJEtPcvtiwuP7qaiRFpvEoUG-woMsqdzRB-8aY04X-oD1ebNUK03=s2048,https://www.google.com/maps?cid=15470257322322228063
tokyo-cibone-aoyama,Cibone Aoyama,alt-3,tokyo/photos/tokyo-cibone-aoyama/alt-3.webp,1200,1600,portrait,detail,place,design|minimal,智複利133 l品牌實戰顧問Mission,https://maps.google.com/maps/contrib/111646304863403900927,false,Photo: 智複利133 l品牌實戰顧問Mission via Google Maps,google-maps-contributor,https://lh3.googleusercontent.com/gps-cs-s/ANWiy9T5IRkzQRSrlrtUxMVNTnFe3Se5sUQD7FE7NkdV1-f83o00PiuRJ9BPrzl2iIgnPDGWIiYCwvqWdu81jn1BsoU-viHwGQARh3ExPJW3A6mSabPnXPKuw-Lt6X-gVZYYHYHXwcy2F0A9TiAS=s2048,https://www.google.com/maps?cid=15470257322322228063
tokyo-common,Common,hero,tokyo/photos/tokyo-common/hero.webp,1600,1066,landscape,space-interior,place,cozy|design|green,Common,https://maps.google.com/maps/contrib/109668519266273444973,true,Photo: Common via Google Maps,google-maps-contributor,https://lh3.googleusercontent.com/gps-cs-s/AHRPTWmXXPk6iTQa8dn_6hTDh_WGkQYplfYzsoG0W5wqDq98iI0RX2NVS740rW8dU6o91tZ6upXHgknU4DYPB3XhUoZlEXv3YR8DAKFRlBjhTFu8kR01liIF488qksbLG8UR4Ao1qpx0=s2048,https://www.google.com/maps?cid=2464690548527524087
tokyo-common,Common,alt-1,tokyo/photos/tokyo-common/alt-1.webp,1300,866,landscape,space-interior,place,moody|design,日本グルメ・東京グルメ観光ガイド全国版・東京ドヤスポット,https://maps.google.com/maps/contrib/117852503109872680563,false,Photo: 日本グルメ・東京グルメ観光ガイド全国版・東京ドヤスポット via Google Maps,google-maps-contributor,https://lh3.googleusercontent.com/gps-cs-s/AHRPTWlHerskx9tHkKte5yO10IwzecCyTkg7KwbW7Rf6oy4HDMMGEHmw7YAssB4oi_i_-Fw1pQ-rOO6Sbt-Fhu40QFcNjNB-OP-QdFEXZjOSJ3GLAy_CltDJ4UdTuLQjTdP3vdfJ0QNbbm9M6Ebz=s2048,https://www.google.com/maps?cid=2464690548527524087
tokyo-common,Common,alt-2,tokyo/photos/tokyo-common/alt-2.webp,1200,1600,portrait,detail,place,cozy|counter-seating,Pedro Pablo Alvarado Berduo,https://maps.google.com/maps/contrib/112135647453760641591,false,Photo: Pedro Pablo Alvarado Berduo via Google Maps,google-maps-contributor,https://lh3.googleusercontent.com/gps-cs-s/AHRPTWm2sDCWJH8u04cZahg1ymIdWWQLgGBLaBSSUpTGkGcMO-3Te9HISQuaHrSMMsjwnCU7khq_jGTeOART3qtW7ORhJmp_IH4AhKlLaASlglRBigLeSbgrs6o5l2APV7cXPn2SY0OltjBlb00=s2048,https://www.google.com/maps?cid=2464690548527524087
tokyo-common,Common,alt-3,tokyo/photos/tokyo-common/alt-3.webp,1200,1600,portrait,space-exterior,place,street|daytime,Sam Chua,https://maps.google.com/maps/contrib/117381345809315968912,false,Photo: Sam Chua via Google Maps,google-maps-contributor,https://lh3.googleusercontent.com/gps-cs-s/AHRPTWnw6y7EZO0BjaTL-uHiqJPbKms8KHl7OkDiwc3m2VmOKVcXh3gOjyxXvKDfEOXlfkR2X6GGK3YVOFl0RczRdEcgPsXjIHCBuUpruycTY7e0fhgSUad0fGTfPHGVviqnrf5tOCPG_9Fm2_jB=s2048,https://www.google.com/maps?cid=2464690548527524087
tokyo-cow-books,COW BOOKS 中目黒,hero,tokyo/photos/tokyo-cow-books/hero.webp,1600,1200,landscape,space-exterior,place,street|daytime|design,9:00 me,https://maps.google.com/maps/contrib/114253250505510275254,false,Photo: 9:00 me via Google Maps,google-maps-contributor,https://lh3.googleusercontent.com/gps-cs-s/AHRPTWlBycvxvfJ1x_FQCB-KORa7Kgvmix1QHFJ5y2ZZLlmgnRiQ8oOGhnfSsp6G-jFP6I48YXa2LG1QU8dv89gd8N_Gh-7VY6crU86IM-av57PFmVOZ4CqMTMo2GeLRKe-HsCkR7ye1=s2048,https://www.google.com/maps?cid=12611724926463817496
tokyo-cow-books,COW BOOKS 中目黒,alt-1,tokyo/photos/tokyo-cow-books/alt-1.webp,1600,970,landscape,space-interior,place,cozy|retro,Mozhdeh,https://maps.google.com/maps/contrib/117528766702570778626,false,Photo: Mozhdeh via Google Maps,google-maps-contributor,https://lh3.googleusercontent.com/gps-cs-s/AHRPTWmURPh6M-y3OfwYFgbD1vuqj_1CQOWBw8nROb78PVJ4KxFqrB8xIgAe4R1-1ngDxHHbG7zwtAZ2NuarDuXTOED5JOBCHdJHkR8N0mf79AYc7mL6Jcwh0sCGk6LoCIZP8Jjm7N2cqQPqThCx=s2048,https://www.google.com/maps?cid=12611724926463817496
tokyo-cow-books,COW BOOKS 中目黒,alt-2,tokyo/photos/tokyo-cow-books/alt-2.webp,1200,1600,portrait,space-interior,place,cozy|retro,Shota (St.),https://maps.google.com/maps/contrib/115526299803289719309,false,Photo: Shota (St.) via Google Maps,google-maps-contributor,https://lh3.googleusercontent.com/gps-cs-s/AHRPTWl7rXqskfr82zy7eV6ct6FFRpd9uDgBqI4kFDlsU9f3D7D_fxi9e9BAQwiYVvuHImi3J9iRT9gW5t6UP_J-dC1rz59jmGvIAmXLrSmp0roFJTRf3Jq3bpfuwjUSK1drlJkU4wjM73sANwEQ=s2048,https://www.google.com/maps?cid=12611724926463817496
tokyo-cow-books,COW BOOKS 中目黒,alt-3,tokyo/photos/tokyo-cow-books/alt-3.webp,1600,1200,landscape,space-interior,place,bright|minimal,COW BOOKS 中目黒,https://maps.google.com/maps/contrib/110600293433725523576,true,Photo: COW BOOKS 中目黒 via Google Maps,google-maps-contributor,https://lh3.googleusercontent.com/gps-cs-s/AHRPTWmr7C5TLEPH3-QH1HHIJ1zQNWnijAW3YcvVExBE2S6NnNuWyzGBc5zzMdeCZJXS4NlMfSuDkG1ZTciTgYi78renoGUbBso3UAQ-fY4MId514MUWs55S5IuPuERhIH1UjnubruW7wg=s2048,https://www.google.com/maps?cid=12611724926463817496
tokyo-crypto-cafe-bar,Crypto Cafe&Bar クリプトカフェアンドバー,hero,tokyo/photos/tokyo-crypto-cafe-bar/hero.webp,1600,1200,landscape,space-interior,place,design|green|minimal,Crypto Cafe&Bar クリプトカフェアンドバー,https://maps.google.com/maps/contrib/110329235038614834103,true,Photo: Crypto Cafe&Bar クリプトカフェアンドバー via Google Maps,google-maps-contributor,https://lh3.googleusercontent.com/grass-cs/ACvplmMxKEOd7OHNfjS45r0ME4JpgoWhntzdkOBzHsX8cp6bHTp4KYShkWTA3wTOcmq6oQHQr3gXEvHndDCfe2Unly9andQbPvplJoQf8Gpy68v35GIN_W_3ykEyUXjZt3398JjbIDcq=s2048,https://www.google.com/maps?cid=2430378662415306696
tokyo-crypto-cafe-bar,Crypto Cafe&Bar クリプトカフェアンドバー,alt-1,tokyo/photos/tokyo-crypto-cafe-bar/alt-1.webp,1600,1066,landscape,activity,place,neon|lively,Crypto Cafe&Bar クリプトカフェアンドバー,https://maps.google.com/maps/contrib/110329235038614834103,true,Photo: Crypto Cafe&Bar クリプトカフェアンドバー via Google Maps,google-maps-contributor,https://lh3.googleusercontent.com/gps-cs-s/AHRPTWn0gL3wmi-BOZ1DmliNL0gA--6ittazqU3t0CsXqSLluoglNxUq9zzV3CN8WS7YSZ4EqqiiSM5kcBFVHRMikmWLA__lnMjACSFQCPqLl2cmjzHZJ7dp1AEU93jfULsHoBnvYK8R=s2048,https://www.google.com/maps?cid=2430378662415306696
tokyo-crypto-cafe-bar,Crypto Cafe&Bar クリプトカフェアンドバー,alt-2,tokyo/photos/tokyo-crypto-cafe-bar/alt-2.webp,1600,1069,landscape,drink,place,moody,Crypto Cafe&Bar クリプトカフェアンドバー,https://maps.google.com/maps/contrib/110329235038614834103,true,Photo: Crypto Cafe&Bar クリプトカフェアンドバー via Google Maps,google-maps-contributor,https://lh3.googleusercontent.com/gps-cs-s/AHRPTWmb4fVV6qywkNsst4UDL63wFX5p5MhCPbf3fwXb2acnkx8Pkr-vhuBHIoVKP3KcAadWCnb8-YA1wJgTKODu9D4pq_W3pFUMBsW45-g8S1H8Rma3utJ7R6KxkvhipMhtlIpeKbFE=s2048,https://www.google.com/maps?cid=2430378662415306696
tokyo-crypto-cafe-bar,Crypto Cafe&Bar クリプトカフェアンドバー,alt-3,tokyo/photos/tokyo-crypto-cafe-bar/alt-3.webp,1600,1069,landscape,detail,place,neon|night,Crypto Cafe&Bar クリプトカフェアンドバー,https://maps.google.com/maps/contrib/110329235038614834103,true,Photo: Crypto Cafe&Bar クリプトカフェアンドバー via Google Maps,google-maps-contributor,https://lh3.googleusercontent.com/gps-cs-s/AHRPTWno2U5MTt6tqB_Ub0Hp9n3yCXW8OFSmAR3zaAAppP8qQ2p00akdP-i5XB8Ex-XvZdn6x2v8NZIz56F-LOY4aabjSiKGpili9u2k9R_4NQsRAxsbdKGQKasXBoy5QHyYdcmTriEh=s2048,https://www.google.com/maps?cid=2430378662415306696
tokyo-daikanyama-t-site,DAIKANYAMA T-SITE,hero,tokyo/photos/tokyo-daikanyama-t-site/hero.webp,1600,1200,landscape,space-exterior,place,golden-hour|design|cozy,김스톤,https://maps.google.com/maps/contrib/102262247053124817511,false,Photo: 김스톤 via Google Maps,google-maps-contributor,https://lh3.googleusercontent.com/gps-cs-s/ANWiy9Qb0xa4Z6zAqSyrwq4RaWP5P9RvED8ap_2mCGukFJc3XiHDKo072EWRjpFt5AxQHChTyqxn5_s2tE5Quvj5ZMCM9xmhwrCaohbL9-GmWpSvRt9C4tTO2V9D-HXvZL1wY4W7NwgKH2EKUIE=s2048,https://www.google.com/maps?cid=16984859993834332588
tokyo-daikanyama-t-site,DAIKANYAMA T-SITE,alt-1,tokyo/photos/tokyo-daikanyama-t-site/alt-1.webp,1600,1066,landscape,space-exterior,place,daytime|green|design,Andrew Tan,https://maps.google.com/maps/contrib/110440546961056454972,false,Photo: Andrew Tan via Google Maps,google-maps-contributor,https://lh3.googleusercontent.com/gps-cs-s/ANWiy9RLp1bNGyMWY41JPorjXXJYhB5WtLqHwF1rwA-lz3IfvceNJUpYNFw42C4bhMTsKxr8exiR0po6Yay8bAxbaD1dLyEHqGLg-78GQAvuzjM4dwNtFpkT4l_3FcHULfwxht7PGIbi0DDxboxT=s2048,https://www.google.com/maps?cid=16984859993834332588
tokyo-daikanyama-t-site,DAIKANYAMA T-SITE,alt-2,tokyo/photos/tokyo-daikanyama-t-site/alt-2.webp,900,1600,portrait,space-interior,place,cozy|moody|design,Marta Perini,https://maps.google.com/maps/contrib/113959231575344707588,false,Photo: Marta Perini via Google Maps,google-maps-contributor,https://lh3.googleusercontent.com/gps-cs-s/ANWiy9SAlMcynui85rgGkXGp_OV4SngWNVyMoRkX0JKaUO6XrehhEgP8pteT4aWoWUirNv-OIR7tZaD17hRJMeDuaZf6pMzbxTWMqBZY6uSGgurg4C3zPix8suG8tBcV1g_oINdbr3vuZ5oL7Tf5=s2048,https://www.google.com/maps?cid=16984859993834332588
tokyo-daikanyama-t-site,DAIKANYAMA T-SITE,alt-3,tokyo/photos/tokyo-daikanyama-t-site/alt-3.webp,1200,1600,portrait,space-interior,place,cozy|design,Eduardo Barillas,https://maps.google.com/maps/contrib/104361334087366765215,false,Photo: Eduardo Barillas via Google Maps,google-maps-contributor,https://lh3.googleusercontent.com/gps-cs-s/ANWiy9SAoDnPbESxgwRb4Okurv_5SNroG7wtc9-UjxYr0MVWjYibozr1au44F5q-0PXFbm4zCXjDvJF4TCpojij_IWAZqKFIt-obFnHM8vsZdBusRFfze2jO_elgTx8kbSuXeDqc8ngOeU7hlje7=s2048,https://www.google.com/maps?cid=16984859993834332588
tokyo-dashi-no-toriko,Dashi no Toriko,hero,tokyo/photos/tokyo-dashi-no-toriko/hero.webp,1600,1200,landscape,food,place,moody,トーマス大森音楽工房,https://maps.google.com/maps/contrib/109951177101657454656,false,Photo: トーマス大森音楽工房 via Google Maps,google-maps-contributor,https://lh3.googleusercontent.com/gps-cs-s/AHRPTWl3puCTNd3ogthTbplC1_llrhZKJF5f_LArPYbmf3TOk_EcOKqxFB_BIzxiOwS8chH3lJLlJ1SZtaPhZyjWRN8XhrJG6jBbX1j1DnQ2EKIkLrMoQbYEKqmLxHKH6LnLqn167WWcbFEW8d01=s2048,https://www.google.com/maps?cid=8829621181126781848
tokyo-dashi-no-toriko,Dashi no Toriko,alt-1,tokyo/photos/tokyo-dashi-no-toriko/alt-1.webp,1600,1200,landscape,detail,place,counter-seating|cozy,Coryne S Suzuki,https://maps.google.com/maps/contrib/102655596261031643438,false,Photo: Coryne S Suzuki via Google Maps,google-maps-contributor,https://lh3.googleusercontent.com/gps-cs-s/AHRPTWkjV6Tr8ku5_msyxnG9uQFEl46GmSttHK1iwq-RpVSA2Mhzj6DIwxfTu1xeACRoLA49Dh-r5U52FZTc18N9p0-h4WQQ4kgSq6ojTqu7piJdVCxzaAx8GBoECMMhB-rFiZ3YvGfugULSg_Nx=s2048,https://www.google.com/maps?cid=8829621181126781848
tokyo-dashi-no-toriko,Dashi no Toriko,alt-2,tokyo/photos/tokyo-dashi-no-toriko/alt-2.webp,1200,1600,portrait,food,place,moody,jo S,https://maps.google.com/maps/contrib/114321784997125872065,false,Photo: jo S via Google Maps,google-maps-contributor,https://lh3.googleusercontent.com/gps-cs-s/AHRPTWnZnXZi76psoi7sUhCjvjM5WgY2V0JFNjT1mn5hEkiEssC0u77E3op5zQ-szAmr5YbGuAVGgLHeDHejWzlYUdTKIVKHitDFDzXdiAuUR3L0mEkC2oQgGAENoW5ZodNxklnbnWFrYsFIl00=s2048,https://www.google.com/maps?cid=8829621181126781848
tokyo-dashi-no-toriko,Dashi no Toriko,alt-3,tokyo/photos/tokyo-dashi-no-toriko/alt-3.webp,720,1280,portrait,food,place,moody,日本グルメ・東京グルメ観光ガイド全国版・東京ドヤスポット,https://maps.google.com/maps/contrib/117852503109872680563,false,Photo: 日本グルメ・東京グルメ観光ガイド全国版・東京ドヤスポット via Google Maps,google-maps-contributor,https://lh3.googleusercontent.com/gps-cs-s/AHRPTWlHPBkDXJXvKrromHhwMTbGzDKoZ5MhFFsBUe7GKjAqaACyCWcCEWio2EOoMZtNokQ6paKKWAT1033ajobcNb_3dEf-Cj1sQD-oKJp0A53wnMGeEjsF61WdCOdQrtX8WXW4pfV70JG9DUs=s2048,https://www.google.com/maps?cid=8829621181126781848
tokyo-design-hub,Design hub,hero,tokyo/photos/tokyo-design-hub/hero.webp,1600,1200,landscape,art,place,bright|design,Dev Cat,https://maps.google.com/maps/contrib/112169591137685557899,false,Photo: Dev Cat via Google Maps,google-maps-contributor,https://lh3.googleusercontent.com/gps-cs-s/AHRPTWnhbafwvkN7T7_oMZUFg5LliqqKG5ksofq7pkAQw-XZ6P4geqKk8wrdeOeEO_ljYQCTNU1P5tjeHp8TMoppAoUSEaRBQkw5l8wZYsh9_L-xr6r_7vIHhlt2Im4fkZ05epjBg90vgw=s2048,https://www.google.com/maps?cid=17292160713710434933
tokyo-design-hub,Design hub,alt-1,tokyo/photos/tokyo-design-hub/alt-1.webp,1600,1200,landscape,space-interior,place,bright|design,のーまん,https://maps.google.com/maps/contrib/102785834407556408270,false,Photo: のーまん via Google Maps,google-maps-contributor,https://lh3.googleusercontent.com/gps-cs-s/ANWiy9Td1u7WQS5MR7aEjhluyhftsNZfzE-nfbwHSq2B-dvad3OZSLW9B5_a5toLiKg69e4hWmuIQLgmp6Z1VqvQMAWtupVTd8Y60LtWB04TdOY_DZAFPLDuKIBaT7LSW7m-Ep6w6CcaLg=s2048,https://www.google.com/maps?cid=17292160713710434933
tokyo-design-hub,Design hub,alt-2,tokyo/photos/tokyo-design-hub/alt-2.webp,1200,1600,portrait,art,place,minimal|design,N K,https://maps.google.com/maps/contrib/117344692267949862218,false,Photo: N K via Google Maps,google-maps-contributor,https://lh3.googleusercontent.com/gps-cs-s/ANWiy9SiZfRf9KgdtQPt-OBl1WwiUyLjbpMy5o0pMLMnHUf2Zf4HzUWDEBFpGrv2O5PSCHl_jWntr3gYNnKoMQHyZnmiCEQGhSCVvwZtXk4Rf5Pzox1pVHSBIRH-dOKbb4qkg8xSQc_FlS8IZ8c=s2048,https://www.google.com/maps?cid=17292160713710434933
tokyo-design-hub,Design hub,alt-3,tokyo/photos/tokyo-design-hub/alt-3.webp,1200,1600,portrait,art,place,design,N K,https://maps.google.com/maps/contrib/117344692267949862218,false,Photo: N K via Google Maps,google-maps-contributor,https://lh3.googleusercontent.com/gps-cs-s/ANWiy9TytKrPFKn8Ng7YdNc8dpe6gY1I9cW9A2CbQuDVjK_6bctK1cZ8YjO_6pjpx_No1tcQdnndEwENFKY9O4mF6zPoITGPbdci5fMGQHh09OWSnDDoiZgcIWqa8DUoh7CSf3F2wnTyTisf7_c=s2048,https://www.google.com/maps?cid=17292160713710434933
tokyo-dj-bar-oath,DJ BAR OATH,hero,tokyo/photos/tokyo-dj-bar-oath/hero.webp,1500,1001,landscape,space-interior,place,night|retro|lively,OATH,https://maps.google.com/maps/contrib/105299096129668972812,true,Photo: OATH via Google Maps,google-maps-contributor,https://lh3.googleusercontent.com/grass-cs/ACvplmOvy4okKxWGrzMZ3dpTIgxWZkDa3Py7K6AOWSAfikn5NtyDFkTuR8M5TeGQjXslmzY2mlOFjAAaqMZc_NvlGjFXKLL-U_uONrAOrEfeTdAMZN-0naNCdz9xSK42MerGIh_lcxXY6g=s2048,https://www.google.com/maps?cid=5375830853417095277
tokyo-dj-bar-oath,DJ BAR OATH,alt-1,tokyo/photos/tokyo-dj-bar-oath/alt-1.webp,1200,1600,portrait,drink,place,night|neon,tokyoplastic,https://maps.google.com/maps/contrib/115695793728396608271,false,Photo: tokyoplastic via Google Maps,google-maps-contributor,https://lh3.googleusercontent.com/gps-cs-s/AHRPTWmD62HClr84irQV8bxb6xA_eNI9rAET2HSXmWq2c93KPRLmBYdjAhzkpY3h9_4Jv8neldxSR4Q2yUJCvWvP61KQzW8B6eS4VlabQI-pLthj_8FRKso1PXJ4NIrQcR8pt7i_7qvE=s2048,https://www.google.com/maps?cid=5375830853417095277
tokyo-dj-bar-oath,DJ BAR OATH,alt-2,tokyo/photos/tokyo-dj-bar-oath/alt-2.webp,1600,900,landscape,space-interior,place,night|lively|neon,Craig Muller,https://maps.google.com/maps/contrib/118442875811108593608,false,Photo: Craig Muller via Google Maps,google-maps-contributor,https://lh3.googleusercontent.com/gps-cs-s/AHRPTWnT8f7Ex9p-O3rglJcj_Q6Hqqr0okORrHYpoGub1KNMcg9GpOiPoLPP0bfbOBH7NuEiE6Mj610seWzF-Nc3agipDK8aPlRab2SH9GhbSr6rChhDDeiyBXrEFT1rfF-AvUNC8FOwjLMiTO-x=s2048,https://www.google.com/maps?cid=5375830853417095277
tokyo-dj-bar-oath,DJ BAR OATH,alt-3,tokyo/photos/tokyo-dj-bar-oath/alt-3.webp,1203,1600,portrait,space-exterior,place,night|street,Lil A,https://maps.google.com/maps/contrib/102900917583089107331,false,Photo: Lil A via Google Maps,google-maps-contributor,https://lh3.googleusercontent.com/gps-cs-s/AHRPTWlq8ohra2bZx2q3U64yReWHbLnM-gmVE0YFcmrV8_AexAC4bfKPnOte82TbCtrbsU9kidaqETNyLtTiNhb2sDjbc0W7ugNiVoWQX3iN2Hduc5UnP5znJoO3q2STNCsjh1RyObSQ-4gSNX8=s2048,https://www.google.com/maps?cid=5375830853417095277
tokyo-dress-grape,DRESS GRAPE,hero,tokyo/photos/tokyo-dress-grape/hero.webp,1600,1067,landscape,space-exterior,place,night|cozy|street,DRESS GRAPE,https://maps.google.com/maps/contrib/100568166097179160526,false,Photo: DRESS GRAPE via Google Maps,google-maps-contributor,https://lh3.googleusercontent.com/grass-cs/ACvplmOcduZYwtg7VfUqpTgxqTGBXIPouOLUEJWh9Fw8lr9gLZj3fZDtavilxqjHFT_F7r8ucVVUk1hejSojpAGPb0CaK3Y4votujXElCe7-Osi7_9dHGoQgim38ZU59TGBmZmpGyuYj=s2048,https://www.google.com/maps?cid=10048853108594658595
tokyo-dress-grape,DRESS GRAPE,alt-1,tokyo/photos/tokyo-dress-grape/alt-1.webp,1478,1108,landscape,food,place,design|moody,DRESS GRAPE,https://maps.google.com/maps/contrib/100568166097179160526,false,Photo: DRESS GRAPE via Google Maps,google-maps-contributor,https://lh3.googleusercontent.com/gps-cs-s/ANWiy9S7muGVF4P9rAZFQKO4b40O0gOc4gmXN9ZRqcKl25qhnW7UoWAPdh2CMlazcSpzJoSDoW6gmR-YkciWDlws2vooK1sq0l8wzs5-jeBXqA3oetwpvkkVS-072pjc4_Txnf3vedkvuz_0N9bt=s2048,https://www.google.com/maps?cid=10048853108594658595
tokyo-dress-grape,DRESS GRAPE,alt-2,tokyo/photos/tokyo-dress-grape/alt-2.webp,1568,1044,landscape,food,place,cozy,DRESS GRAPE,https://maps.google.com/maps/contrib/100568166097179160526,false,Photo: DRESS GRAPE via Google Maps,google-maps-contributor,https://lh3.googleusercontent.com/gps-cs-s/ANWiy9T4cEKeBe_iBCft9fIUkw-7sGeO9mxagOq-YpThc88Z2cAG2acPcnVNkby7QX85JERdeOTiYHAX6YOQQSrAraQB6Rc_67EcVlxqO_j5ZoKPsgrCjC735g1rT_nguXlce8mwAmpztJaHBD8=s2048,https://www.google.com/maps?cid=10048853108594658595
tokyo-dress-grape,DRESS GRAPE,alt-3,tokyo/photos/tokyo-dress-grape/alt-3.webp,1600,1200,landscape,food,place,moody,くるすけ,https://maps.google.com/maps/contrib/113245243569040503086,false,Photo: くるすけ via Google Maps,google-maps-contributor,https://lh3.googleusercontent.com/gps-cs-s/ANWiy9QgWf6_a3cBcFuPBbgKY8mTR2GDMjn8iQaf4KUUc2oU1IfQ5wpNXmystNvdIsiUUv46DgplUkjuqmBcmopkwRF1havO4JfylnM2SWjaNgJjyQn-9dP0PpLArpQZO_evuOPlkD9KMyJpPrg0=s2048,https://www.google.com/maps?cid=10048853108594658595
tokyo-eatrip,eatrip,hero,tokyo/photos/tokyo-eatrip/hero.webp,1600,900,landscape,space-interior,place,green|garden|serene,うんじEUNJI NAM,https://maps.google.com/maps/contrib/103364499124302662540,false,Photo: うんじEUNJI NAM via Google Maps,google-maps-contributor,https://lh3.googleusercontent.com/gps-cs-s/AHRPTWlBGWasgRo2EN_qraCbscT3oXirxqRZxBIAnG13E1k5qQPq61bHibSkF3AP3zbLHb0lfUWAL-WGRZzdDhWq1tFOAhTV9IpCNUr0wTrUevzPPws4AJEjlRGHD-7B2DwSts5zwRvJRQ=s2048,https://www.google.com/maps?cid=2542408983009195585
tokyo-eatrip,eatrip,alt-1,tokyo/photos/tokyo-eatrip/alt-1.webp,1600,900,landscape,space-exterior,place,garden|green|serene,うんじEUNJI NAM,https://maps.google.com/maps/contrib/103364499124302662540,false,Photo: うんじEUNJI NAM via Google Maps,google-maps-contributor,https://lh3.googleusercontent.com/gps-cs-s/AHRPTWnlCb4Wu7A_O6mQoeBubw8v2G0_5N6oXZXlB-laUrBKLP0AN_Gv_tQdNW6SfeH5dPzGl9hsZ9o8aGeO0iWCgybfO7uoV7iUN_LNegUx7mTO_uxfuixOm5t6X2Dp1oEtbvx8bEoD=s2048,https://www.google.com/maps?cid=2542408983009195585
tokyo-eatrip,eatrip,alt-2,tokyo/photos/tokyo-eatrip/alt-2.webp,1600,1600,square,space-exterior,place,garden|daytime|green,河了貂,https://maps.google.com/maps/contrib/116275201242405480065,false,Photo: 河了貂 via Google Maps,google-maps-contributor,https://lh3.googleusercontent.com/gps-cs-s/AHRPTWmykPtA0FR3YO2brmFbWEm9-uwTPOEbMNnTwNfli9TYiWhE1L4idw4Zn68hzR94c9IGka7hfjXRXVVG3qjt7xttDN3NoH5LkmGTYrNg5GdYVDFKnnUGEBIpN8AO4B9M-o7lJdch=s2048,https://www.google.com/maps?cid=2542408983009195585
tokyo-eatrip,eatrip,alt-3,tokyo/photos/tokyo-eatrip/alt-3.webp,1600,1600,square,food,place,minimal,河了貂,https://maps.google.com/maps/contrib/116275201242405480065,false,Photo: 河了貂 via Google Maps,google-maps-contributor,https://lh3.googleusercontent.com/gps-cs-s/AHRPTWkPr8sggbAwW0u-yVBgadVePO9_j7wF1C09QNKcUpP8_UQBJZr51gwh3NSsfBpb0SeSfpNPIZmnBfxQiT8xoKBjZjBfEzdfYR17fZ1bC3RhlGCgz-T9PNX0NOYjaBBysf8QYZt9GQ=s2048,https://www.google.com/maps?cid=2542408983009195585
tokyo-ebisu-kicho,Ebisu Kicho,hero,tokyo/photos/tokyo-ebisu-kicho/hero.webp,1600,1200,landscape,space-interior,place,counter-seating|moody|intimate,HTJ JP (HTJJP),https://maps.google.com/maps/contrib/114739530912741912914,false,Photo: HTJ JP (HTJJP) via Google Maps,google-maps-contributor,https://lh3.googleusercontent.com/gps-cs-s/ANWiy9QFIrB8Hob985TBAlwnEM3pXxpG_fDVoGofGF-6IRoDyGgL0OQoFXPECpl2N7jNHGwKR-T7uLAqWdQttOhDRgI9eJsVAOGzapMeyPuMA0-oIVRHrLrZwdCtc_kLXn8VD3Dn_ivrLfqEGcKy=s2048,https://www.google.com/maps?cid=9390579452224431570
tokyo-ebisu-kicho,Ebisu Kicho,alt-1,tokyo/photos/tokyo-ebisu-kicho/alt-1.webp,1600,1200,landscape,food,place,moody,HTJ JP (HTJJP),https://maps.google.com/maps/contrib/114739530912741912914,false,Photo: HTJ JP (HTJJP) via Google Maps,google-maps-contributor,https://lh3.googleusercontent.com/gps-cs-s/ANWiy9RtbJcDs1vH-GVNcxmPX3MOnN3NKUhytrTWNK_jSdrGfC9G1QqcDicrZAdNFHBa7k37RgLZR894kiu19R4nUIWFjjqSRT1NexLYCrqAIx5h_lqs8aRUYurZTH2utoaofKGEjbnQJFq9Az8=s2048,https://www.google.com/maps?cid=9390579452224431570
tokyo-ebisu-kicho,Ebisu Kicho,alt-2,tokyo/photos/tokyo-ebisu-kicho/alt-2.webp,1600,1600,square,food,place,cozy,Yurika Imai,https://maps.google.com/maps/contrib/110460229462627871687,false,Photo: Yurika Imai via Google Maps,google-maps-contributor,https://lh3.googleusercontent.com/gps-cs-s/ANWiy9Tt3nbPLfQ1KC22iTVXP-yzWp6ml5bVzs8lJ741WQ7PtBSEyOF_7UaljexBBwWHT5LOohWXq7eI49uTh3fgtffgixLOmG_6O3-AM4qETR2Pya8N6cIvQ9P6xAXT_bP_KGJZ01letyypbRBR=s2048,https://www.google.com/maps?cid=9390579452224431570
tokyo-ebisu-kicho,Ebisu Kicho,alt-3,tokyo/photos/tokyo-ebisu-kicho/alt-3.webp,1200,1600,portrait,food,place,cozy|minimal,coo kelly,https://maps.google.com/maps/contrib/100899978278548165141,false,Photo: coo kelly via Google Maps,google-maps-contributor,https://lh3.googleusercontent.com/gps-cs-s/ANWiy9SOfxQxpG0VKKTsC-jymCXcIR9z6MwpITDtwT-JUCE5EqXP0z1a5b8EvaWT0TDnNWCbIZROVGQBfigwb8MZ9O8JaAfLbBtnQtAClg5BUqcxFurs4Ov6gqBp4m35X6RDPptAXB6PdJ2rcQYA=s2048,https://www.google.com/maps?cid=9390579452224431570
tokyo-edo-tokyo-open-air-architectural-museum,Edo-Tokyo Open Air Architectural Museum,hero,tokyo/photos/tokyo-edo-tokyo-open-air-architectural-museum/hero.webp,1600,1200,landscape,space-exterior,place,daytime|retro|street,mo,https://maps.google.com/maps/contrib/101122722212724677647,false,Photo: mo via Google Maps,google-maps-contributor,https://lh3.googleusercontent.com/gps-cs-s/AHRPTWkj48JARcdgdMIkP048akfcOvRqHfia4qvDKG48ZgBsSO80-YonW2KyTf47GCCJrZDA4OwMKDaDI0NFveTrBPV5F1bNtJhc9UwMdTOPzubaMBjiGHUZTfPxpFQYDe12cQA5J_pmPg=s2048,https://www.google.com/maps?cid=2629868023087343463
tokyo-edo-tokyo-open-air-architectural-museum,Edo-Tokyo Open Air Architectural Museum,alt-1,tokyo/photos/tokyo-edo-tokyo-open-air-architectural-museum/alt-1.webp,1600,1200,landscape,space-interior,place,retro|bright,アルファアロン,https://maps.google.com/maps/contrib/113642299915154650250,false,Photo: アルファアロン via Google Maps,google-maps-contributor,https://lh3.googleusercontent.com/gps-cs-s/AHRPTWl9xOEz99Hk1An92XKXXZfEC1CWOVe2nvArTigeCxLYLPsx5Q22C3NX2_8hc_NfiqWKvx1bNF8FRcDDVtW8qYIR0P01AhCgFzTbRmTsiFR8cZJiGjJt7591ilp7hGZYwdwVBntMhg=s2048,https://www.google.com/maps?cid=2629868023087343463
tokyo-edo-tokyo-open-air-architectural-museum,Edo-Tokyo Open Air Architectural Museum,alt-2,tokyo/photos/tokyo-edo-tokyo-open-air-architectural-museum/alt-2.webp,1600,1205,landscape,space-exterior,place,night|serene,Makoto Ken,https://maps.google.com/maps/contrib/112729113490691658503,false,Photo: Makoto Ken via Google Maps,google-maps-contributor,https://lh3.googleusercontent.com/gps-cs-s/AHRPTWk9_OPvv7Q_ID8U_KtC5WY2xSGfvwM-ywiKZk4ARvA3cpqbU7J5euhbpZy9ttC0t9FiCtQen9am14MSXGiSZp9TTaYSf6mnls7i2LJ2qu9a_b9b02hbZVHMwEyOESP62AymoU1F=s2048,https://www.google.com/maps?cid=2629868023087343463
tokyo-edo-tokyo-open-air-architectural-museum,Edo-Tokyo Open Air Architectural Museum,alt-3,tokyo/photos/tokyo-edo-tokyo-open-air-architectural-museum/alt-3.webp,1600,1200,landscape,detail,place,retro|daytime|green,mo,https://maps.google.com/maps/contrib/101122722212724677647,false,Photo: mo via Google Maps,google-maps-contributor,https://lh3.googleusercontent.com/gps-cs-s/AHRPTWleJioGqsArj9_ipaF9xHDfptc_IkXgoPqaHlBxeST88VeQKgq_5sb8bfecv8UI3rM8TAq950q8-UvpGYX0EH1VqFFMsJHNrsISjIOWSnkK1SzTslPIS15Zw_v1WD1OJNEhvBht7w=s2048,https://www.google.com/maps?cid=2629868023087343463
tokyo-eliminator,ELIMINATOR,hero,tokyo/photos/tokyo-eliminator/hero.webp,1600,1068,landscape,space-exterior,place,night|minimal|design,Eliminator,https://maps.google.com/maps/contrib/113966283213366309764,true,Photo: Eliminator via Google Maps,google-maps-contributor,https://lh3.googleusercontent.com/gps-cs-s/ANWiy9Qa1_fyE7UO6Ct0NBkUGQn-5xuIE2Y5lEpnZlPFxdUS0DGGmRpEdneDPe6v2vKsnYHXAzTgUv0JEBwNSOFDq8H81yTu2J2jc_sBjaf2qgIL3u5QLm_FVbYUNNM5aPwhUfcrMS42=s2048,https://www.google.com/maps?cid=4064045144198740369
tokyo-eliminator,ELIMINATOR,alt-1,tokyo/photos/tokyo-eliminator/alt-1.webp,900,1600,portrait,space-interior,place,minimal|design,Alejandro Ochoa,https://maps.google.com/maps/contrib/106208429915061947241,false,Photo: Alejandro Ochoa via Google Maps,google-maps-contributor,https://lh3.googleusercontent.com/gps-cs-s/ANWiy9TGqQNsz3S7wgghdLkzJkwIOyBZwn403N4CM-voyduoJ7dlWYxP5Ck6omJGZMHMoqy7RoFBfvJb0j_UfJPVkELqD-pS_-_dnEr-okLBaqqSCcdN8DVRw1Ats99--c_RiOs3oZvKUJOsdUFG=s2048,https://www.google.com/maps?cid=4064045144198740369
tokyo-eliminator,ELIMINATOR,alt-2,tokyo/photos/tokyo-eliminator/alt-2.webp,1600,1600,square,space-exterior,place,minimal|street,44devjp,https://maps.google.com/maps/contrib/103023555556205225504,false,Photo: 44devjp via Google Maps,google-maps-contributor,https://lh3.googleusercontent.com/grass-cs/AABkmLfWfHdbsdaJ-5T8__emXzbBDVCu74mP6N0_T60gCnNDTpHr4Jg4e883nFHHDXMea_0pn5un0DHPno9CujZo_Y4BljZB6RxYNGzwMiYlMql2hM4D8QJP2KDxRNNIm437veGRet9ctA=s2048,https://www.google.com/maps?cid=4064045144198740369
tokyo-eliminator,ELIMINATOR,alt-3,tokyo/photos/tokyo-eliminator/alt-3.webp,900,1600,portrait,detail,place,minimal,Alejandro Ochoa,https://maps.google.com/maps/contrib/106208429915061947241,false,Photo: Alejandro Ochoa via Google Maps,google-maps-contributor,https://lh3.googleusercontent.com/gps-cs-s/ANWiy9RQi6t2hgJuSseoWqmXlZQP_dJGuFoTgS03Cuw10KEVULuoYKwbBZ1yj9_2TngJNeV52Px1SysODov4D9dqCYIynlB4jo-_uJZDFRbBtalTU5vt-2jw3jQ1RPhlObYwlItQyF_WrU3hVkb0=s2048,https://www.google.com/maps?cid=4064045144198740369
tokyo-es,es,hero,tokyo/photos/tokyo-es/hero.webp,1600,1200,landscape,food,place,moody|intimate,Erena O,https://maps.google.com/maps/contrib/110047522794477798603,false,Photo: Erena O via Google Maps,google-maps-contributor,https://lh3.googleusercontent.com/gps-cs-s/AHRPTWkRrkIrj-Qyt-9lqHWLXPfRgiO3uuxeWGTW0uJ41V5-fVO41AyY1erQs8AiCvaBFISsvxBrWHlVzYMeKCZt-pr77xB0AOcxtbHlqeBcCefXEJvtvaeZq-E-7YG3piERpdVxsYmwCYvRqTxn=s2048,https://www.google.com/maps?cid=17576966245611650808
tokyo-es,es,alt-1,tokyo/photos/tokyo-es/alt-1.webp,1200,1600,portrait,food,place,design|moody,ぺろりーぬper0rine,https://maps.google.com/maps/contrib/103337686970616110311,false,Photo: ぺろりーぬper0rine via Google Maps,google-maps-contributor,https://lh3.googleusercontent.com/gps-cs-s/AHRPTWlsxZggg3AjItwAf4_oIGCc36eSdxvA0vAFhfqtwAVbKasrNjp4q42XQlmuqifgsWnnaNZSvHStAtg6udaJ74Hq_NXhHCVgK8f5mhhAt6XjpF3pbr4PEKdxcOlYmDzMs_mkGqHNQsyAvHiv=s2048,https://www.google.com/maps?cid=17576966245611650808
tokyo-es,es,alt-2,tokyo/photos/tokyo-es/alt-2.webp,1600,1600,square,drink,place,design|intimate,Ryota Imanishi,https://maps.google.com/maps/contrib/102961540831720225770,false,Photo: Ryota Imanishi via Google Maps,google-maps-contributor,https://lh3.googleusercontent.com/gps-cs-s/AHRPTWmKilfjYY-EwrhfNaNaYFOr6-6P8aauHacXwFdZSU1__0vLrgtMVAzsDTteoWs9Qe8Ic_jvUIwYUEOjQ09QO2QqzSBdjGZ8x8KfD5VzW9CaudKK3CE9l6Jw4mOgtQGDZZ0LvRGJHOp1y0Fa=s2048,https://www.google.com/maps?cid=17576966245611650808
tokyo-es,es,alt-3,tokyo/photos/tokyo-es/alt-3.webp,1200,1600,portrait,food,place,moody,Ryota Imanishi,https://maps.google.com/maps/contrib/102961540831720225770,false,Photo: Ryota Imanishi via Google Maps,google-maps-contributor,https://lh3.googleusercontent.com/gps-cs-s/AHRPTWl-nTDlBch8D1kbqLLtohvTSUlJapiNAlFEKQJMJdVDust0x8WK3kAIm6DGIRrZpuvwoLQption_BTfk7i015WofRFCEBOjpghdPzU6vnGpYvyRilPWD5lU2jk1WpbBxXKdKdW469Zi_c4=s2048,https://www.google.com/maps?cid=17576966245611650808
tokyo-filmcamera-tokyo,FILMCAMERA TOKYO,hero,tokyo/photos/tokyo-filmcamera-tokyo/hero.webp,1600,1066,landscape,space-interior,place,bright|minimal|design,FILMCAMERA TOKYO,https://maps.google.com/maps/contrib/105325879207610874873,true,Photo: FILMCAMERA TOKYO via Google Maps,google-maps-contributor,https://lh3.googleusercontent.com/gps-cs-s/AHRPTWmrR2JyFVsrytUtwVDiEuN25_go0iD4ZpYm0_vY1iRAUmaPVAqMv3Zf_bbq7guceAQy2Y8JZ-Ck9SwmXS0sjz_gfzNnLBaQw6tLuDKCeaHVcx9OAKrLLURy_QKSkdkEGj8mzL9g=s2048,https://www.google.com/maps?cid=9355692324350715532
tokyo-filmcamera-tokyo,FILMCAMERA TOKYO,alt-1,tokyo/photos/tokyo-filmcamera-tokyo/alt-1.webp,1200,1600,portrait,space-interior,place,minimal|bright,FILMCAMERA TOKYO,https://maps.google.com/maps/contrib/105325879207610874873,true,Photo: FILMCAMERA TOKYO via Google Maps,google-maps-contributor,https://lh3.googleusercontent.com/gps-cs-s/AHRPTWkcurY26ffBgIR7TPvNwKk4UMaoipLUz5HFk4dMJI97iG4kIfMoizUL0oPkQRrhc6U7f4Qc6SL8ScxHwU_NQX_6H2kbr5edKRmXXY39jjK5u6pfBtuhlMGdsSccskAsqmiThDFHhjuZOVuM=s2048,https://www.google.com/maps?cid=9355692324350715532
tokyo-filmcamera-tokyo,FILMCAMERA TOKYO,alt-2,tokyo/photos/tokyo-filmcamera-tokyo/alt-2.webp,1200,1600,portrait,space-exterior,place,street|daytime,Clara,https://maps.google.com/maps/contrib/112668823657703301460,false,Photo: Clara via Google Maps,google-maps-contributor,https://lh3.googleusercontent.com/gps-cs-s/AHRPTWmkqqeAuhocVMrf1NX0Rwrt4yXN0bsbsuXKQ59uaG6wcDdu9_RlJF4DaoKmfR7QLXob1oSn-DIYyTU4Ps4jYhbYimIrnUhNd7JYBrHDvPx5DXl5y9xXqskhMNKxbdGXGKerc3VW=s2048,https://www.google.com/maps?cid=9355692324350715532
tokyo-filmcamera-tokyo,FILMCAMERA TOKYO,alt-3,tokyo/photos/tokyo-filmcamera-tokyo/alt-3.webp,1600,1200,landscape,detail,place,retro|bright,FILMCAMERA TOKYO,https://maps.google.com/maps/contrib/105325879207610874873,true,Photo: FILMCAMERA TOKYO via Google Maps,google-maps-contributor,https://lh3.googleusercontent.com/gps-cs-s/AHRPTWk7Zc2NKQi9CgkqkGAJnGjOS-hqP5au-ageLvoF2bBLWG-cVfDfKuWXZYe_1yDwHk2HqAoCPnx8XU4vg2ick5QNORz9UqlB6dcWNpSXNm4qOokbo4jXakzALfhiwyLlIgStfYHPGna0zZc=s2048,https://www.google.com/maps?cid=9355692324350715532
tokyo-fireking-cafe,Fireking Cafe,hero,tokyo/photos/tokyo-fireking-cafe/hero.webp,1600,1200,landscape,space-exterior,place,street|retro|daytime,Yung-sunce Kiyah,https://maps.google.com/maps/contrib/106603790792247199501,false,Photo: Yung-sunce Kiyah via Google Maps,google-maps-contributor,https://lh3.googleusercontent.com/grass-cs/ACvplmNRqZ5kcn5yMitttyTzJuDZvdjU9KateFT7pZi3OiVWRsQlPbEiu7bc-siP4ApAp5N_bzYWA9cIIcLoBOzIwGPsGuBShyw9z1jw3bj4QVLRRVI7zeS-FLpiMSgSR-wtGhsmcRmV92zKHAtm=s2048,https://www.google.com/maps?cid=10952675265306749269
tokyo-fireking-cafe,Fireking Cafe,alt-1,tokyo/photos/tokyo-fireking-cafe/alt-1.webp,1600,1201,landscape,space-interior,place,lively|retro,Takashiy,https://maps.google.com/maps/contrib/100073092099900284957,false,Photo: Takashiy via Google Maps,google-maps-contributor,https://lh3.googleusercontent.com/gps-cs-s/AHRPTWlSV3Bcb8mw9VMB2WnO0jdTXEsUH8MXwusGPRiEoJPkc7nzL-vSqX_g5rr89wPZdmlNfPRYK3OdJ6cs57FU6DCs87wntlmt_uO5TSBQrFWhwiM3ZfrLxwleCmu98gjcIOqYyMoCpp5emE1h=s2048,https://www.google.com/maps?cid=10952675265306749269
tokyo-fireking-cafe,Fireking Cafe,alt-2,tokyo/photos/tokyo-fireking-cafe/alt-2.webp,1200,1600,portrait,space-interior,place,retro|counter-seating,るる,https://maps.google.com/maps/contrib/109493077664806587718,false,Photo: るる via Google Maps,google-maps-contributor,https://lh3.googleusercontent.com/gps-cs-s/AHRPTWkWruTlOfsC8rAIgrGXodvzx93eEvceGHPuDiOm4gQMqGpWe33o-vDSOeEcBS1kfdvNKMUG7eWzY-htddp5yjgAHSgTYkoFKL_acIDPUn5WpgUq52-EiB7cxPAxu0byWv74XkGozhiqHbg=s2048,https://www.google.com/maps?cid=10952675265306749269
tokyo-fireking-cafe,Fireking Cafe,alt-3,tokyo/photos/tokyo-fireking-cafe/alt-3.webp,1200,1600,portrait,drink,place,cozy|retro,star three,https://maps.google.com/maps/contrib/102284985906568727347,false,Photo: star three via Google Maps,google-maps-contributor,https://lh3.googleusercontent.com/gps-cs-s/AHRPTWnY1ILCDMUwTRudRBH1CBf16pSdsLtUrTLeK5rf-T2CufzLqUYq6BSBbKiKvnFJIOl_M1st3p5j8BcaEPfYajcEhPs9j4C2NA94z7prIeKyZOF__1B7SPTm1fhSCAuc0nj2LCG9rw7Hq5M=s2048,https://www.google.com/maps?cid=10952675265306749269
tokyo-fishing-restaurant-zauo-meguro,Fishing Restaurant ZAUO Meguro,hero,tokyo/photos/tokyo-fishing-restaurant-zauo-meguro/hero.webp,1200,1600,portrait,space-interior,place,lively|retro,Thomas Reinbacher,https://maps.google.com/maps/contrib/109637892720939851100,false,Photo: Thomas Reinbacher via Google Maps,google-maps-contributor,https://lh3.googleusercontent.com/gps-cs-s/AHRPTWnO9MWWJc21DDVnFhGBp40CgeQ7xyXbVJcfJHxz0nK9kUoqzuC0UteKN9TAifbnK2apq9E5uqOHEzf1-HiJThQn9Hfj-GfZiBg6gp9cblj5IJu_166Jt8oqNRgIvCZXnEsexN2c9hCuPe8=s2048,https://www.google.com/maps?cid=1893315499752537651
tokyo-fishing-restaurant-zauo-meguro,Fishing Restaurant ZAUO Meguro,alt-1,tokyo/photos/tokyo-fishing-restaurant-zauo-meguro/alt-1.webp,1600,1200,landscape,food,place,lively,Yuma Kanazawa,https://maps.google.com/maps/contrib/114653181372817949552,false,Photo: Yuma Kanazawa via Google Maps,google-maps-contributor,https://lh3.googleusercontent.com/gps-cs-s/AHRPTWlyByBTnsNc2CYqhh_40cer3yd2HUGcdsF-AovoRfomBj_45xxSJrZtah-1JD19DQ-Gt3G414Y8Mm6OyXUnPSz0VMJV0UBFzkNvG6Ea_wUC2n76lqKRqHBMGjxkJ75TOP856zIyp4is32Q=s2048,https://www.google.com/maps?cid=1893315499752537651
tokyo-fishing-restaurant-zauo-meguro,Fishing Restaurant ZAUO Meguro,alt-2,tokyo/photos/tokyo-fishing-restaurant-zauo-meguro/alt-2.webp,1280,1280,square,food,place,cozy,釣船茶屋 ざうお目黒店,https://maps.google.com/maps/contrib/105978058584682272368,false,Photo: 釣船茶屋 ざうお目黒店 via Google Maps,google-maps-contributor,https://lh3.googleusercontent.com/gps-cs-s/AHRPTWlVEfTqGxqbsk9kxEaryFQZUyBnyoBAJsc8SSULThrT8mu_2OcopWmLwid_oBxfiAbuzv1kQx8go7m0p3szhZttqiVZE5Bmxk60AsWZzsaSnZWJbd1sVSEv3yLuDN3vh26yLOvP=s2048,https://www.google.com/maps?cid=1893315499752537651
tokyo-fishing-restaurant-zauo-meguro,Fishing Restaurant ZAUO Meguro,alt-3,tokyo/photos/tokyo-fishing-restaurant-zauo-meguro/alt-3.webp,1000,665,landscape,space-interior,place,cozy|retro,釣船茶屋 ざうお目黒店,https://maps.google.com/maps/contrib/105978058584682272368,false,Photo: 釣船茶屋 ざうお目黒店 via Google Maps,google-maps-contributor,https://lh3.googleusercontent.com/gps-cs-s/AHRPTWnY6qN2-aaRGSgdkySDstgapxlhB3G1lN4uGM9D4Yi7NYI_zTe8i8hOYbU_EzZut4F-RvLE4sc8akPVVDQh8gheRQ40mysljgvc_KnjIQrbdqrnUTBpt9G4nj0BSx5vMyK2vcrAXQ=s2048,https://www.google.com/maps?cid=1893315499752537651
tokyo-fred-perry-shop-tokyo,FRED PERRY Shop Tokyo,hero,tokyo/photos/tokyo-fred-perry-shop-tokyo/hero.webp,1600,1066,landscape,space-exterior,place,night|design|street,FRED PERRY SHOP 東京,https://maps.google.com/maps/contrib/115984482797928206014,false,Photo: FRED PERRY SHOP 東京 via Google Maps,google-maps-contributor,https://lh3.googleusercontent.com/gps-cs-s/AHRPTWkXNaAmzA4IQGrAf8QzVfnv1FOcvr30WSyYWkznXpO1Q9aH6A5YIIhoYE9N3T0UJ2CZv_lU_6rs10fDyUa5yvzEF8beUH7W3h9MNnl40qwFPjvM8Z604PaRjTag9JTpvJw2JFD2vq5YEW3f=s2048,https://www.google.com/maps?cid=1222695863396075053
tokyo-fred-perry-shop-tokyo,FRED PERRY Shop Tokyo,alt-1,tokyo/photos/tokyo-fred-perry-shop-tokyo/alt-1.webp,1600,1200,landscape,space-interior,place,counter-seating|design|cozy,畠山衣,https://maps.google.com/maps/contrib/111095890379421877816,false,Photo: 畠山衣 via Google Maps,google-maps-contributor,https://lh3.googleusercontent.com/gps-cs-s/ANWiy9TvxwNyQBX9fDIgRfwjwoW54eur-ar03_xR0b4rTO5EeH0-0aMcFZPqgIkiuuKjfBwkPjnDBgTAmmUjcwILklPnRrB9Hqvm8ECQ3dQzxmaGPz_qqwy6j1e-AiFydmOOrO22Y70R=s2048,https://www.google.com/maps?cid=1222695863396075053
tokyo-fred-perry-shop-tokyo,FRED PERRY Shop Tokyo,alt-2,tokyo/photos/tokyo-fred-perry-shop-tokyo/alt-2.webp,1066,1600,portrait,art,place,design|bright|minimal,FRED PERRY SHOP 東京,https://maps.google.com/maps/contrib/115984482797928206014,false,Photo: FRED PERRY SHOP 東京 via Google Maps,google-maps-contributor,https://lh3.googleusercontent.com/gps-cs-s/ANWiy9RDcEszLkpQGSH-Ul21N7JpR3SfgUQCdnKOoWF90tReGMogxgESaDRSeDwWrMLxMktz9pA0knXXPXMj5nKqJT81VGi3R6s8_hqDnjh_wOTWYYmzzUeDXl1UgAyO_47F4AwL7U8N=s2048,https://www.google.com/maps?cid=1222695863396075053
tokyo-fred-perry-shop-tokyo,FRED PERRY Shop Tokyo,alt-3,tokyo/photos/tokyo-fred-perry-shop-tokyo/alt-3.webp,1200,1600,portrait,space-interior,place,bright|design,eagle eye,https://maps.google.com/maps/contrib/100289872529607109793,false,Photo: eagle eye via Google Maps,google-maps-contributor,https://lh3.googleusercontent.com/gps-cs-s/ANWiy9SlWnUorA05esXY8KU3WApPxqOELKfvT8Mnlc8Vz3lN4DwH_81Nn7WraAv13baDQk3T3huJxDNTVfpHbJakTO-8FUNQJQ9ospaUFVVhc28hAYJ9hvNo5HJCKAtA-hnxxrFiOu-X=s2048,https://www.google.com/maps?cid=1222695863396075053
tokyo-fujiya-camera,Fujiya Camera,hero,tokyo/photos/tokyo-fujiya-camera/hero.webp,1600,900,landscape,space-exterior,place,street|daytime|retro,陳尚緯,https://maps.google.com/maps/contrib/114848968652731552640,false,Photo: 陳尚緯 via Google Maps,google-maps-contributor,https://lh3.googleusercontent.com/gps-cs-s/AHRPTWlQ6W_6JH4hIYdjSBqV6gn9g5mnuNXSe2Yxkl2jmibqEruYMr6uqArBbaE81MisOsN6gE3vyvrFEXNRrhLU2kAvWoN5L0rkIS-SRJ87eBEcOwnk3Dwb1h44YMcxKknnYcubnB8jbnnOmDj7=s2048,https://www.google.com/maps?cid=15823683778229544482
tokyo-fujiya-camera,Fujiya Camera,alt-1,tokyo/photos/tokyo-fujiya-camera/alt-1.webp,1600,1200,landscape,detail,place,bright|lively,Kina,https://maps.google.com/maps/contrib/103710215905402629630,false,Photo: Kina via Google Maps,google-maps-contributor,https://lh3.googleusercontent.com/gps-cs-s/ANWiy9R4UmH_bSegpE-X8TaO-z6WzNIQWTI5EnwhlzI4Cqtl41fmnDTZUsRvXJ9VchD_U414QFW_tqQ-G82sPW3dfWJZf9YLkuxHGRQXauZzHyk5uVpbr5DV8BnLrww33D4whsLQoSvQ6_gOMAk=s2048,https://www.google.com/maps?cid=15823683778229544482
tokyo-fujiya-camera,Fujiya Camera,alt-2,tokyo/photos/tokyo-fujiya-camera/alt-2.webp,1200,1600,portrait,space-interior,place,bright|retro,ねぎし秀男,https://maps.google.com/maps/contrib/105312161704114261979,false,Photo: ねぎし秀男 via Google Maps,google-maps-contributor,https://lh3.googleusercontent.com/gps-cs-s/ANWiy9RGWPG1230UJDpG3u6Nh39T-bwdPrB330c0Fqt12TEMdLuqRO74LjqE4y0Dr6Q5FHD6Pxgtt0J_7IpBm40o3hh4k5Lk32dEYhDXO3mENftiYO2Focm16eNRJ6zSBeFfO3z2AfHIgj1bOPcS=s2048,https://www.google.com/maps?cid=15823683778229544482
tokyo-fujiya-camera,Fujiya Camera,alt-3,tokyo/photos/tokyo-fujiya-camera/alt-3.webp,1600,1202,landscape,space-exterior,place,street|daytime,K S,https://maps.google.com/maps/contrib/106262485127731775266,false,Photo: K S via Google Maps,google-maps-contributor,https://lh3.googleusercontent.com/gps-cs-s/ANWiy9QBRQE8qwyDNOJ69kOxKgYr6uRp-8XEZ1Zo0lCWXwGagqrFcXofGN-pCGPfw62kVDLHQiZFs7e7enxL9DeKZ2h7ATv1UwesEIK1X8ZW-09v2upZ_lRQ9PiLA5KufB_BZVr3LHOqBF8Jf8S7=s2048,https://www.google.com/maps?cid=15823683778229544482
tokyo-funabashi-ya-koyomi-hiroo,Funabashi-ya Koyomi Hiroo,hero,tokyo/photos/tokyo-funabashi-ya-koyomi-hiroo/hero.webp,1600,1305,landscape,space-exterior,place,street|daytime|retro,船橋屋 こよみ広尾店,https://maps.google.com/maps/contrib/117087744315757351729,false,Photo: 船橋屋 こよみ広尾店 via Google Maps,google-maps-contributor,https://lh3.googleusercontent.com/gps-cs-s/AHRPTWnXPBFniCFRSm963PnP8NI6QFvkgMyAtobqLkZNx3D9OY0cb8gbwpwYN2DlCOdRsojuhol32zWYAXyqy4RHz-j577azi4vlEtCPTRdNvd63c0kTpMo8btS3XxhWziMVkNP83zJbuA=s2048,https://www.google.com/maps?cid=12124967038719932077
tokyo-funabashi-ya-koyomi-hiroo,Funabashi-ya Koyomi Hiroo,alt-1,tokyo/photos/tokyo-funabashi-ya-koyomi-hiroo/alt-1.webp,1600,900,landscape,food,place,bright|cozy,きよみ,https://maps.google.com/maps/contrib/106295860609790572804,false,Photo: きよみ via Google Maps,google-maps-contributor,https://lh3.googleusercontent.com/gps-cs-s/AHRPTWmeJg_1W0sD--tvMEqiwQUHScQEDTjC2n793COaZFQuOnsy9MVCLLI4JBIiw3LL9QVqcvuOZTwRujApiTk-PwkwFUYCYdf9ItAhOstmEPvyV0krrDpcdZgo9uiLCOHKObsW-vXE1w=s2048,https://www.google.com/maps?cid=12124967038719932077
tokyo-funabashi-ya-koyomi-hiroo,Funabashi-ya Koyomi Hiroo,alt-2,tokyo/photos/tokyo-funabashi-ya-koyomi-hiroo/alt-2.webp,1440,1439,square,food,place,cozy|design,takashi murakami,https://maps.google.com/maps/contrib/114476682878957249408,false,Photo: takashi murakami via Google Maps,google-maps-contributor,https://lh3.googleusercontent.com/gps-cs-s/AHRPTWlf151dtMLBY3O4GpQwUtUBSyEevWU9rNjCDx-o3ezMYbcKWZPLV-rKG-uuC6RaDYOw7af0buxAk__GdaKgH6D2iFCOoBNRQgkeVNBjoHZMZClokreHuSkAKk08pTts92-2AAqr=s2048,https://www.google.com/maps?cid=12124967038719932077
tokyo-funabashi-ya-koyomi-hiroo,Funabashi-ya Koyomi Hiroo,alt-3,tokyo/photos/tokyo-funabashi-ya-koyomi-hiroo/alt-3.webp,1477,832,landscape,food,place,bright|daytime,船橋屋 こよみ広尾店,https://maps.google.com/maps/contrib/117087744315757351729,false,Photo: 船橋屋 こよみ広尾店 via Google Maps,google-maps-contributor,https://lh3.googleusercontent.com/gps-cs-s/AHRPTWnap_H0GRJ5kTxyHrMsSVQa6WI6NPKvBR36mUYCXRByT6tFTMwfiFIpslpB321q_LIR29UGoE-NQriIw01U0C5-8isldYgA2eFemC6Rh5i2755sBANM-IS-Qtr8gFffVg4kb_s-Ow=s2048,https://www.google.com/maps?cid=12124967038719932077
tokyo-garageville,GARAGEVILLE,hero,tokyo/photos/tokyo-garageville/hero.webp,1600,1200,landscape,space-exterior,place,street|retro|daytime,Jun Okubo,https://maps.google.com/maps/contrib/105034064171431764793,false,Photo: Jun Okubo via Google Maps,google-maps-contributor,https://lh3.googleusercontent.com/gps-cs-s/AHRPTWmR68PZxibzRLQ0JA2mVDn8QRhMiHeqCy1wC2t5WcQQ8zimYnxC39oSA4s2a1t8FZxOE0aPFQZwEAQFdYki2iCWM1tMkAKvAvaxdm4ErkISr6usVD4C6bSkEO_-FIOmyqDB7-pNtg=s2048,https://www.google.com/maps?cid=12963234546333228093
tokyo-garageville,GARAGEVILLE,alt-1,tokyo/photos/tokyo-garageville/alt-1.webp,1600,1200,landscape,space-interior,place,cozy|daytime|retro,otsuka yas,https://maps.google.com/maps/contrib/112839795558927438097,false,Photo: otsuka yas via Google Maps,google-maps-contributor,https://lh3.googleusercontent.com/gps-cs-s/AHRPTWnfXXO87OjCIo17ImuOJx9EoxwEc0-E02pIwsZsMmsMCZC59LLexzrXb7C670QtHe2-d-wI1SJI4zA09p7jGSuLRvW5tyl9SnBBmJNtkJ3udij2muyOUhrGmpI5KpsNh55MywOhyA=s2048,https://www.google.com/maps?cid=12963234546333228093
tokyo-garageville,GARAGEVILLE,alt-2,tokyo/photos/tokyo-garageville/alt-2.webp,900,1600,portrait,detail,place,retro|cozy,Sean Slater,https://maps.google.com/maps/contrib/115157693492477775196,false,Photo: Sean Slater via Google Maps,google-maps-contributor,https://lh3.googleusercontent.com/gps-cs-s/AHRPTWkBqsm--sSY-J2kjCW_Pe8zHjcseDA6xsf3b0Vx3pxZ5DTzMVkm-lG8bWQyWmOD2Twvwjsdpwyud-kH3iQtY7WL9YPmJfvNUCuBQCHFW7pxr2vDO8N7bZT9fU40e8Urzl8GQLAB=s2048,https://www.google.com/maps?cid=12963234546333228093
tokyo-garageville,GARAGEVILLE,alt-3,tokyo/photos/tokyo-garageville/alt-3.webp,1200,1600,portrait,drink,place,retro|intimate,H Kusunoki,https://maps.google.com/maps/contrib/106616463049827404692,false,Photo: H Kusunoki via Google Maps,google-maps-contributor,https://lh3.googleusercontent.com/gps-cs-s/AHRPTWmFJgW4cwGm2XnY8H2pSPgIDbDl8Ezoe7q58ULhGL5Oc_H-9BhTAx_5AWlmdRf08daSWrqq_Wkyd_LJlHi7vWkDS4GCONWJOvomLh1FXSz8C6KGp237cnHzYYW1-MWwn4EEkrIKig=s2048,https://www.google.com/maps?cid=12963234546333228093
tokyo-garden-house-crafts-daikanyama,GARDEN HOUSE CRAFTS DAIKANYAMA,hero,tokyo/photos/tokyo-garden-house-crafts-daikanyama/hero.webp,1600,1066,landscape,space-interior,place,bright|daytime|lively,GARDEN HOUSE CRAFTS DAIKANYAMA ガーデンハウス クラフツ ダイカンヤマ,https://maps.google.com/maps/contrib/103389554742577966429,false,Photo: GARDEN HOUSE CRAFTS DAIKANYAMA ガーデンハウス クラフツ ダイカンヤマ via Google Maps,google-maps-contributor,https://lh3.googleusercontent.com/gps-cs-s/ANWiy9S9ira2M6py8hncmsGo14l7Fpco6Crih_q8zo1EcdwXb8XnL91ybS-Rz6_5ZZ5N82_vnYbob28I-PoGh4KeTSeSPnZQ9vys902NScCjTJg9G6JEFu49pPOCuWZc5EamgbMre2CF=s2048,https://www.google.com/maps?cid=13289684904586081089
tokyo-garden-house-crafts-daikanyama,GARDEN HOUSE CRAFTS DAIKANYAMA,alt-1,tokyo/photos/tokyo-garden-house-crafts-daikanyama/alt-1.webp,1600,901,landscape,food,place,daytime|cozy,Hippo888,https://maps.google.com/maps/contrib/114364711413146065948,false,Photo: Hippo888 via Google Maps,google-maps-contributor,https://lh3.googleusercontent.com/gps-cs-s/AHRPTWnIZx4GGZOTqMl5WY-8cAwc8ajB8J6g_VTWibpehH7XtHcdxFoRvv4gtxoRnW3cuO4tgwiXLymKpftWQhWNt_RDMn94OW5zfQyZ8zQqFheQ1xs7allQf4BnDBHQli-nTdm1UhnzYvWjQvgy=s2048,https://www.google.com/maps?cid=13289684904586081089
tokyo-garden-house-crafts-daikanyama,GARDEN HOUSE CRAFTS DAIKANYAMA,alt-2,tokyo/photos/tokyo-garden-house-crafts-daikanyama/alt-2.webp,1200,1600,portrait,space-exterior,place,green|daytime|bright,Chi,https://maps.google.com/maps/contrib/108053883233541606778,false,Photo: Chi via Google Maps,google-maps-contributor,https://lh3.googleusercontent.com/gps-cs-s/AHRPTWmAf6CJ59CQxYPFl12-aEnS6ZFAVQ1zpNKZfXfEG46RQ8sWjAyE8Ec-VXIHkJ3oh1STfVTVAuoNxxrMxplkjrjfrfX-vEN169xSaLb67bDOC5RaHE0Ot9lRrABNxq8ARREfwqUI2uB9m0E=s2048,https://www.google.com/maps?cid=13289684904586081089
tokyo-garden-house-crafts-daikanyama,GARDEN HOUSE CRAFTS DAIKANYAMA,alt-3,tokyo/photos/tokyo-garden-house-crafts-daikanyama/alt-3.webp,1600,900,landscape,space-exterior,place,street|design,めかぶ,https://maps.google.com/maps/contrib/107401714152006381760,false,Photo: めかぶ via Google Maps,google-maps-contributor,https://lh3.googleusercontent.com/gps-cs-s/AHRPTWk0UbOc7n5lREodQ88OwsSDr61E4diT5k19w8bEGYlfTkfuotP3-DL6CImOpZOLna9PnXwVvK7lgK5V5Wnrx7yqzaxQw2FVrojT_9aq0pApc0Jgq9B9JYsiaIm-tYaUpE-xungGMyREjR6D=s2048,https://www.google.com/maps?cid=13289684904586081089
tokyo-giant-3d-cat-cafe,GIANT 3D CAT CAFE,hero,tokyo/photos/tokyo-giant-3d-cat-cafe/hero.webp,1170,878,landscape,space-interior,place,bright|minimal|design,新宿東口の猫のカフェ,https://maps.google.com/maps/contrib/100551979089259907744,false,Photo: 新宿東口の猫のカフェ via Google Maps,google-maps-contributor,https://lh3.googleusercontent.com/gps-cs-s/AHRPTWkyHa9He5Kl7ltIbPUDYfL8sRj-_Mbz_m2beqMfEdqv-fXYSGYInbgmT4fXq0G85ll0lwnOMH63ZE54Wa_5AidYkvnHiKMzmL11RT7yUxgQ-DvxS9r7NFbm6MNhozFX8gbZmNDB=s2048,https://www.google.com/maps?cid=13616080237658994635
tokyo-giant-3d-cat-cafe,GIANT 3D CAT CAFE,alt-1,tokyo/photos/tokyo-giant-3d-cat-cafe/alt-1.webp,1170,878,landscape,space-exterior,place,street|daytime,新宿東口の猫のカフェ,https://maps.google.com/maps/contrib/100551979089259907744,false,Photo: 新宿東口の猫のカフェ via Google Maps,google-maps-contributor,https://lh3.googleusercontent.com/grass-cs/AABkmLdwFGK0my-ImS40ites4qoSkrVHY1czAr7awdx3b1StYnc8TV49iEfGr4ltWJPyGC2RohJ8ifIpe2B2iEZ-P71zSQvZE-K5dOIU9eEEsNKrl_mqTkZ2GsLlUKrZn03VPWlnaPFr=s2048,https://www.google.com/maps?cid=13616080237658994635
tokyo-giant-3d-cat-cafe,GIANT 3D CAT CAFE,alt-2,tokyo/photos/tokyo-giant-3d-cat-cafe/alt-2.webp,1600,900,landscape,drink,place,bright,Jeanne,https://maps.google.com/maps/contrib/103285525710536884679,false,Photo: Jeanne via Google Maps,google-maps-contributor,https://lh3.googleusercontent.com/gps-cs-s/AHRPTWl8GYE8H0rDLOeL0nBUk7j8HU-A5YUSzpDvikfkK5ccDkB8uRJO0ZBm6mnIx-ixgiq2hpLVRnj62akPVb-wvEMUT4SXDCekDiae9THL_l66aP3RmBkwCkk9lwFB6WkirNhCaIqU=s2048,https://www.google.com/maps?cid=13616080237658994635
tokyo-ginmeisui-ginza,Ginmeisui Ginza,hero,tokyo/photos/tokyo-ginmeisui-ginza/hero.webp,1280,852,landscape,food,place,design|intimate,銀明翠 GINZA,https://maps.google.com/maps/contrib/109210482860217792153,false,Photo: 銀明翠 GINZA via Google Maps,google-maps-contributor,https://lh3.googleusercontent.com/gps-cs-s/ANWiy9TghHYKqxVb8_mBQVbDAndxy3nfb5uXV-4Pz7Y59wfZvSq6fnvhWzJoy362BHfNZgaTlHyx7DtSAk1d7SITWi8muTYkOYyXFjiuV14pgrWB7pnGykkZyClJN5B1WG5wzLni6MjJ=s2048,https://www.google.com/maps?cid=6480445611489153830
tokyo-ginmeisui-ginza,Ginmeisui Ginza,alt-1,tokyo/photos/tokyo-ginmeisui-ginza/alt-1.webp,1600,900,landscape,activity,place,counter-seating,ほんものがたり,https://maps.google.com/maps/contrib/104570694203689573950,false,Photo: ほんものがたり via Google Maps,google-maps-contributor,https://lh3.googleusercontent.com/gps-cs-s/ANWiy9S4Gc1GufWhXuLdU8v3Si3bC1cFU-AVyeHDbkU8PZGXyG_upH1wezi09zSi_3wQaAHMVsBnoWhPqflwmOCC3mI4BASE3V1bOhOJxafNdUkMJXRUQyBjPd6z-PoUZlTSKsXsAHw=s2048,https://www.google.com/maps?cid=6480445611489153830
tokyo-ginmeisui-ginza,Ginmeisui Ginza,alt-2,tokyo/photos/tokyo-ginmeisui-ginza/alt-2.webp,1600,1200,landscape,food,place,counter-seating,M I,https://maps.google.com/maps/contrib/111583237780106170124,false,Photo: M I via Google Maps,google-maps-contributor,https://lh3.googleusercontent.com/gps-cs-s/ANWiy9S5InU9fHySv7-RVvmTs2RO54XNohW90voGLaMR88bSqmS6z4cDh9f92kXmc_tKAAFCdxRErazALnHYXRUfm9NV9RDxeCnmvuT2GrnxD-j4RiUfsIOTELuOQ_ue3R6Q7psRdZVJKWkzQc7X=s2048,https://www.google.com/maps?cid=6480445611489153830
tokyo-ginmeisui-ginza,Ginmeisui Ginza,alt-3,tokyo/photos/tokyo-ginmeisui-ginza/alt-3.webp,900,1600,portrait,activity,place,counter-seating|intimate,Corie Chu,https://maps.google.com/maps/contrib/103803426935177766004,false,Photo: Corie Chu via Google Maps,google-maps-contributor,https://lh3.googleusercontent.com/gps-cs-s/ANWiy9RrIs67Q5XvMqYX00Th6J_0DvLHhZi-LAVj4PNoQcYirkFbWnS_FmLzCO2i3rcAfcdzIwMmon_YW4MNVQGKSHKcV1d2upoE2vSNxAWKMJK_YrqZjPlv4_ziDI6EYSIlDqthMwvemQ=s2048,https://www.google.com/maps?cid=6480445611489153830
tokyo-ginza-graphic-gallery,Ginza Graphic Gallery,hero,tokyo/photos/tokyo-ginza-graphic-gallery/hero.webp,1600,1200,landscape,art,place,bright|design,Leonard “Leo” Pak,https://maps.google.com/maps/contrib/111204144985196422357,false,Photo: Leonard “Leo” Pak via Google Maps,google-maps-contributor,https://lh3.googleusercontent.com/gps-cs-s/ANWiy9So1Fa0CdSAxtS5arZi4d38uThaVIk-q0hxSKQI22Sy3gXb3ugzWXqZEa27i-stedPmD9_fnBBorQ4L_Ov4BOnvF_YRaWic2QkbT0Heflf_gLYegeH2TYl6kA67LZwd07eziKojNg=s2048,https://www.google.com/maps?cid=7650076872670109441
tokyo-ginza-graphic-gallery,Ginza Graphic Gallery,alt-1,tokyo/photos/tokyo-ginza-graphic-gallery/alt-1.webp,1600,720,landscape,space-interior,place,moody|design,QQQ,https://maps.google.com/maps/contrib/114031680147948376719,false,Photo: QQQ via Google Maps,google-maps-contributor,https://lh3.googleusercontent.com/gps-cs-s/ANWiy9Rn9_2R7YkNWHjek0aV8qrSKAM1jnwnYgNrjnDc3g5gZqvrqazufhiRXk9ZcUZ6_Wt_n3OLRnXwWtGH1s6d9ut9Bx9dZ7wQPMtVqSAz7_GBUQXULHkoXavZkGQurSBIsFUBPn9J=s2048,https://www.google.com/maps?cid=7650076872670109441
tokyo-ginza-graphic-gallery,Ginza Graphic Gallery,alt-2,tokyo/photos/tokyo-ginza-graphic-gallery/alt-2.webp,1600,1600,square,space-exterior,place,street|daytime|design,四の五のギャラリー,https://maps.google.com/maps/contrib/105272480806684990522,false,Photo: 四の五のギャラリー via Google Maps,google-maps-contributor,https://lh3.googleusercontent.com/gps-cs-s/ANWiy9SshY6PG1XWU55aenMbfghQCtVs0FwJHjh25TeAf31zhnMfip_gEwK3TQyLPbYD-pkikPCBFrImsui62KzKEPkeZfabk56RcncyMrf-uw5U7aRv8TyBFemkZ-8mxJya3S_UnVDH=s2048,https://www.google.com/maps?cid=7650076872670109441
tokyo-ginza-graphic-gallery,Ginza Graphic Gallery,alt-3,tokyo/photos/tokyo-ginza-graphic-gallery/alt-3.webp,1200,1600,portrait,art,place,design|lively,kiichiro sugaodai,https://maps.google.com/maps/contrib/118357797452531911349,false,Photo: kiichiro sugaodai via Google Maps,google-maps-contributor,https://lh3.googleusercontent.com/gps-cs-s/ANWiy9TWJ7j1R76PYhLVlBUa8CyHIh13O8np6UiNbhYfYn_krsnFHhQnNAWVm-zAdgxfUol4aKPrB6AXlpSw3w9-8KRx1LeZ35_NIfa_gwNAcgQKrtdr0wMrv7rVVWt_EHKZv-k2De3M=s2048,https://www.google.com/maps?cid=7650076872670109441
tokyo-ginza-itoya,Ginza Itoya,hero,tokyo/photos/tokyo-ginza-itoya/hero.webp,1600,1200,landscape,detail,place,bright|design,Snow Ball,https://maps.google.com/maps/contrib/111814791178182816910,false,Photo: Snow Ball via Google Maps,google-maps-contributor,https://lh3.googleusercontent.com/gps-cs-s/AHRPTWnek9JekyNka8QVb5JO4LvHe6PmthgqRHLi2OYHRNeJkQICYnw9Z6K4uUiT4G7BLZcwrmCfWPO4HqLN0OtTu6XKsCZTiH5C5WrWBMtnBmVtIEKcDy5FTuH_XnchOWERkIiA0zLpSdsKYNA8=s2048,https://www.google.com/maps?cid=9979308774657714368
tokyo-ginza-itoya,Ginza Itoya,alt-1,tokyo/photos/tokyo-ginza-itoya/alt-1.webp,1600,1066,landscape,space-exterior,place,street|daytime|design,銀座・伊東屋,https://maps.google.com/maps/contrib/101314729324830830630,false,Photo: 銀座・伊東屋 via Google Maps,google-maps-contributor,https://lh3.googleusercontent.com/gps-cs-s/AHRPTWlvmfRNZ2zr4A_2dLMjb9gmm1J2TdKwgGTWylw4LUEgty2Nzb4lDIZ4ouCI4nkytMywilj-i-tF3hxQVGQh6ba-vNdl5gU4xzg7x6UmYVpsyzDqnzDVP0UmeM5JnIs0nvKw9TzJ=s2048,https://www.google.com/maps?cid=9979308774657714368
tokyo-ginza-itoya,Ginza Itoya,alt-2,tokyo/photos/tokyo-ginza-itoya/alt-2.webp,1600,1200,landscape,space-interior,place,bright|design,백련산타이거,https://maps.google.com/maps/contrib/113723294688434727473,false,Photo: 백련산타이거 via Google Maps,google-maps-contributor,https://lh3.googleusercontent.com/gps-cs-s/AHRPTWlxd0hGuhqs71e5UXqe2w8TvT--8WWzy-ihDR7hpEvZNgZrpaXevErTG35qrUHncPGrQeSeMiji8UhgHsFPmlxFtOCwr6xRcT78PugTwy2hLXI3djVfQ2LLGQGMvm1xUZsNocJ1baQh9_Lc=s2048,https://www.google.com/maps?cid=9979308774657714368
tokyo-ginza-itoya,Ginza Itoya,alt-3,tokyo/photos/tokyo-ginza-itoya/alt-3.webp,1600,1200,landscape,space-interior,place,bright|design,dinosaur meow,https://maps.google.com/maps/contrib/100127608995840606122,false,Photo: dinosaur meow via Google Maps,google-maps-contributor,https://lh3.googleusercontent.com/gps-cs-s/AHRPTWkEnp-Q3S1QFqqN4lnKz-SUNqKeL_rebej4IA-pd6cxFKCvnNQeBHKL7veDGhCgbas7qc0SCeBVXWiwIHZUFMTL7-R36buJhBmPQrqbgOG-Z3IqbtQuoi5GdZTmMwsLRW2O_oDHmC20DWDL=s2048,https://www.google.com/maps?cid=9979308774657714368
tokyo-ginza-kagari-soba,Ginza Kagari - Soba,hero,tokyo/photos/tokyo-ginza-kagari-soba/hero.webp,1600,1065,landscape,space-exterior,place,street|night|moody,銀座 篝 本店,https://maps.google.com/maps/contrib/104995805343088760032,false,Photo: 銀座 篝 本店 via Google Maps,google-maps-contributor,https://lh3.googleusercontent.com/grass-cs/ACvplmPAsxNv6b-7kRdPSWwRZRRCMO0iXc2GKNlFuVGWuXWEbQRii5CmzTj9DsohY0Uv4CrA_IMoL8cjXld6w8vTJidiq5EQgQu3_S2TDnmEz4m9iQctmFyX8s2MRknskzsgx27YaLFqpQ8Erd5a=s2048,https://www.google.com/maps?cid=9392657951139765811
tokyo-ginza-kagari-soba,Ginza Kagari - Soba,alt-1,tokyo/photos/tokyo-ginza-kagari-soba/alt-1.webp,1600,1200,landscape,food,place,cozy,徹（boowy-dreamin）,https://maps.google.com/maps/contrib/108284042209092361471,false,Photo: 徹（boowy-dreamin） via Google Maps,google-maps-contributor,https://lh3.googleusercontent.com/gps-cs-s/AHRPTWlM9Qb2jIMoyYhezDBVf31NbaCh9Ux5s_-2ESB2xpH3dYDN3MOwc9h5u5IYriQLFWG8xE48eqLc-6KhA4HPbwgB9r22w2rFmYaJaBFlzN6Iqv12DafsvE6M2lcgHddQVgvUk2UNUGj05RiD=s2048,https://www.google.com/maps?cid=9392657951139765811
tokyo-ginza-kagari-soba,Ginza Kagari - Soba,alt-2,tokyo/photos/tokyo-ginza-kagari-soba/alt-2.webp,1600,1095,landscape,space-exterior,place,night|intimate,銀座 篝 本店,https://maps.google.com/maps/contrib/104995805343088760032,false,Photo: 銀座 篝 本店 via Google Maps,google-maps-contributor,https://lh3.googleusercontent.com/gps-cs-s/AHRPTWnxG0PqoJJOONwgLejNuSvRX3-ibR6pY8UYHfa7m9Voj6cLeZ-g5_4OdOG5LOAZgz9OYubidKTIvQus_pVFEGg3o7qXha2f9hyydHe6nANah_M6-nHOtBZtI7QtI_Dl3y5oU67lbR7dVyly=s2048,https://www.google.com/maps?cid=9392657951139765811
tokyo-ginza-kagari-soba,Ginza Kagari - Soba,alt-3,tokyo/photos/tokyo-ginza-kagari-soba/alt-3.webp,1600,900,landscape,food,place,bright,Enjoy Life,https://maps.google.com/maps/contrib/116896688719721788874,false,Photo: Enjoy Life via Google Maps,google-maps-contributor,https://lh3.googleusercontent.com/gps-cs-s/AHRPTWnihU1FNBhJ5nIieCrTzj9Z9fu3_1Kt8MCK7BQzFeYRKDUpFMQIViYhri28xyq26fm1RCIlANcANfGkIJA92JuX1jwV9GZ7nbpXUqoH3rH88UQcRYJQAG0LtiAs0qv2MewTFMi-cA=s2048,https://www.google.com/maps?cid=9392657951139765811
tokyo-ginza-music-bar,GINZA MUSIC BAR,hero,tokyo/photos/tokyo-ginza-music-bar/hero.webp,1600,1068,landscape,space-interior,place,moody|counter-seating|retro,GINZA MUSIC BAR,https://maps.google.com/maps/contrib/113925100713421590259,true,Photo: GINZA MUSIC BAR via Google Maps,google-maps-contributor,https://lh3.googleusercontent.com/gps-cs-s/AHRPTWklGK2SiprLABRidxEJN_SM5xwVw2nxWOWHqZWz96TN_HE0hZZUYYakS932tNke385S3h98rkJ93fJJ1IhhIlNbwDvwaI6ViQOfroJJ_-w7T1vFMDeO3aGA712E-s3Tb8mrrfzh=s2048,https://www.google.com/maps?cid=13838969146770977948
tokyo-ginza-music-bar,GINZA MUSIC BAR,alt-1,tokyo/photos/tokyo-ginza-music-bar/alt-1.webp,1200,1600,portrait,space-interior,place,neon|night|moody,Josh Green,https://maps.google.com/maps/contrib/100678357402802166149,false,Photo: Josh Green via Google Maps,google-maps-contributor,https://lh3.googleusercontent.com/gps-cs-s/AHRPTWntEtMcmVu8KIDE5yazZ6haBCXx0remDXzdtMPjRSm6uQMVDtgadpKwcDheteieEq6csDM0ZfqNnNhWqmee94b66GYUUTvCe9HzGOhSRVP9J2MhNyjzkjphUpleko_8OM8JM7dLU3t2GJM=s2048,https://www.google.com/maps?cid=13838969146770977948
tokyo-ginza-music-bar,GINZA MUSIC BAR,alt-2,tokyo/photos/tokyo-ginza-music-bar/alt-2.webp,1200,1600,portrait,detail,place,retro|design,海豚,https://maps.google.com/maps/contrib/104882589154134169493,false,Photo: 海豚 via Google Maps,google-maps-contributor,https://lh3.googleusercontent.com/gps-cs-s/AHRPTWnBrMDm42LgxmvK3WN6dOjDcXl7fQb09QgYF4wN_Q_7oGjb27kFJb6Q-uW8GfoD1N2F-B3DVMK8D6BT7sK5aJb9_gFbepdyfqDPAH6gW-Jel4NLN5aj92YUV0aIXV5kMb2us6XpJtzdwG9N=s2048,https://www.google.com/maps?cid=13838969146770977948
tokyo-ginza-music-bar,GINZA MUSIC BAR,alt-3,tokyo/photos/tokyo-ginza-music-bar/alt-3.webp,1200,1600,portrait,drink,place,intimate|moody,Zoso Bonzo,https://maps.google.com/maps/contrib/118254086252943130302,false,Photo: Zoso Bonzo via Google Maps,google-maps-contributor,https://lh3.googleusercontent.com/gps-cs-s/AHRPTWkhhkLg1Fp2vMU-vWqhcglOHKt9ydBv_WzjddK4YgYoSlH9lv3nYHRGsfQRkmjueeuRkh_cPF2gRAexxvsc2HD2dXA1XcZE8pw_dtjg9XBtWkBB0FtZ_Bo8U25w5fdU8hpW77VwBPgcEREW=s2048,https://www.google.com/maps?cid=13838969146770977948
tokyo-ginza-natsuno,Ginza Natsuno,hero,tokyo/photos/tokyo-ginza-natsuno/hero.webp,1333,1000,landscape,space-exterior,place,street|retro|cozy,銀座 夏野,https://maps.google.com/maps/contrib/108974241315001092018,false,Photo: 銀座 夏野 via Google Maps,google-maps-contributor,https://lh3.googleusercontent.com/gps-cs-s/AHRPTWkRyjKwg296iM1yX85blrshj-Er1iNGeAbAZnxwRMVlxfiy7yVMWws1KRDLquhgGFzZejrIM_7eqE2OwwZ7kI1WWg-o1fdEWYub-iNK56x72T2tmQbWdGSxWr3srrn0FVmMkc00xg=s2048,https://www.google.com/maps?cid=12236859821785660569
tokyo-ginza-natsuno,Ginza Natsuno,alt-1,tokyo/photos/tokyo-ginza-natsuno/alt-1.webp,1600,1205,landscape,space-interior,place,retro|bright,麻ー子,https://maps.google.com/maps/contrib/100640608122641338943,false,Photo: 麻ー子 via Google Maps,google-maps-contributor,https://lh3.googleusercontent.com/gps-cs-s/AHRPTWkdayDPu46EkdwD4VgjGu_rMuShlqkL8QUSr9KOh8gc_4pOVyQ1fZXkJklMajQzifdMviq2sjq-EDvSzXasVFsv6Hu7ldZoJNgfmHi42DelMQIDHDcbqW_PEXFtG6C3lUrZoQDYQVzQtK64=s2048,https://www.google.com/maps?cid=12236859821785660569
tokyo-ginza-natsuno,Ginza Natsuno,alt-2,tokyo/photos/tokyo-ginza-natsuno/alt-2.webp,1200,1600,portrait,detail,place,bright|lively,中井都美子,https://maps.google.com/maps/contrib/108090352780123952182,false,Photo: 中井都美子 via Google Maps,google-maps-contributor,https://lh3.googleusercontent.com/gps-cs-s/AHRPTWmYfWAfNmdMRqbLhdv19VDdRNxNcPyHGyMTB8hzhACUkpJ3xeQSBnacMh1Vu_EmyJvNwM6LxXmzf0ldPBbkaF4gjA89mt-V0DKDqRJvFUase-Fjh9LkR8JVisE37mhLNNV6rDWRnhKgkcy1=s2048,https://www.google.com/maps?cid=12236859821785660569
tokyo-ginza-natsuno,Ginza Natsuno,alt-3,tokyo/photos/tokyo-ginza-natsuno/alt-3.webp,1600,1200,landscape,detail,place,design|retro,Jagoda Z.,https://maps.google.com/maps/contrib/114315983371897991887,false,Photo: Jagoda Z. via Google Maps,google-maps-contributor,https://lh3.googleusercontent.com/gps-cs-s/AHRPTWnQV4W2Ag6pbzXY9GLeJBhNDxmebYzNZP7cSGqtmy-4yUmiwn77XahT6U_oyJuYAK9yXCIDP69xWkAJ8dRacziwjcIAFpCdcaPzQArlu4NAel5-iBvbGcASLIwUZXaGTqE43Q-eaEA2wsU=s2048,https://www.google.com/maps?cid=12236859821785660569
tokyo-ginza-sand,Ginza Sand,hero,tokyo/photos/tokyo-ginza-sand/hero.webp,1600,900,landscape,food,place,moody|minimal,銀座サンド,https://maps.google.com/maps/contrib/118313783934779029986,false,Photo: 銀座サンド via Google Maps,google-maps-contributor,https://lh3.googleusercontent.com/gps-cs-s/ANWiy9QjFMJVkGVSSEsRWoMA-KdC2QwsufHR4G_YRmrbHECCCTQjKcNX1bKq0n2YYK72FyFJPKtp35fUUQVOI5TOhsgF4iV_PaMdlL3spYdWdXvfLwWPD74h3p7eZXXWwAnMtDXm8Sy7=s2048,https://www.google.com/maps?cid=992059522184691072
tokyo-ginza-sand,Ginza Sand,alt-1,tokyo/photos/tokyo-ginza-sand/alt-1.webp,1200,1600,portrait,space-exterior,place,night|street,Tsai Howe Yee,https://maps.google.com/maps/contrib/113757302885529020323,false,Photo: Tsai Howe Yee via Google Maps,google-maps-contributor,https://lh3.googleusercontent.com/gps-cs-s/ANWiy9RdsEz-1899fQUFa7tAMJoYH__tpV533T2fNvR6LgUlvl0DlTu_GFk9XFoBycUXcE35jNrBSHxIjjuHFImOkZmMbhDzS8v175mtxxX9HGUy8wYcX8g162V-jsGIpg6HUuVbd2K1Etcg6vLf=s2048,https://www.google.com/maps?cid=992059522184691072
tokyo-ginza-sand,Ginza Sand,alt-2,tokyo/photos/tokyo-ginza-sand/alt-2.webp,1600,1200,landscape,food,place,minimal,Brandon Nelson,https://maps.google.com/maps/contrib/108837742065065306122,false,Photo: Brandon Nelson via Google Maps,google-maps-contributor,https://lh3.googleusercontent.com/gps-cs-s/ANWiy9TZheoUY12eghw0rvpPsN7g6kRHv83Zbq97dcG79BDt_8arUx4SlgivtYYf4dF1UrwHHZ7xnWzfEcVK7yERvhl7aA7B46JB8rVBmV1Wj4nyUD42U9PttXxx4osMPT077hebstcoyUGpg48=s2048,https://www.google.com/maps?cid=992059522184691072
tokyo-ginza-steak-shibuya,Ginza Steak Shibuya,hero,tokyo/photos/tokyo-ginza-steak-shibuya/hero.webp,1078,720,landscape,space-interior,place,counter-seating|design|moody,銀座のステーキ 渋谷店,https://maps.google.com/maps/contrib/101527238217909908123,false,Photo: 銀座のステーキ 渋谷店 via Google Maps,google-maps-contributor,https://lh3.googleusercontent.com/grass-cs/ACvplmM4XErl_exAdhX25XZ1CwFhkkNGwkTUnvMK4rJU3Kt2-vStba-QWsOt6rZaW0hareoVCgr2sJH5izZ30PFKYFmgDEwR4vLmHdux02R8AIoGhTufDxSo8UAuuuM5tQ7gyMyJH13k=s2048,https://www.google.com/maps?cid=18121907323098063121
tokyo-ginza-steak-shibuya,Ginza Steak Shibuya,alt-1,tokyo/photos/tokyo-ginza-steak-shibuya/alt-1.webp,1600,1200,landscape,food,place,intimate,Marra Chan,https://maps.google.com/maps/contrib/103253963852695972445,false,Photo: Marra Chan via Google Maps,google-maps-contributor,https://lh3.googleusercontent.com/gps-cs-s/AHRPTWlhk8SuZqae5ABPOVAYLHS7Pyq3o6GL2ltLux4PsT32looGVlN8CUYzVzBrzeVIPYaT3wrGUgxgWXPwFux7Q0E06cruE1MFYuKzwryQMQSIEKbGi3kpLZwDF7oYOsP2yyGRBdUr2TiBKrgY=s2048,https://www.google.com/maps?cid=18121907323098063121
tokyo-ginza-steak-shibuya,Ginza Steak Shibuya,alt-2,tokyo/photos/tokyo-ginza-steak-shibuya/alt-2.webp,1200,1600,portrait,food,place,counter-seating,Ezekiel Barrios,https://maps.google.com/maps/contrib/101532381175568809054,false,Photo: Ezekiel Barrios via Google Maps,google-maps-contributor,https://lh3.googleusercontent.com/gps-cs-s/AHRPTWnK9NeCLfdDldQ6W69wWWYHPr-Dy8gMSujFF7PVL2t-U-2YPfS0oP4-LKX4XtedDu7kw3lw5dm6T-KF0DlOr_2qscw2ahHDRYG-YVaHzC8ayLW8k6avSZkOUdaJ6xfFL8DXxgo92l3Do4Um=s2048,https://www.google.com/maps?cid=18121907323098063121
tokyo-ginza-steak-shibuya,Ginza Steak Shibuya,alt-3,tokyo/photos/tokyo-ginza-steak-shibuya/alt-3.webp,1600,1200,landscape,food,place,counter-seating|intimate,梅干しヘッド,https://maps.google.com/maps/contrib/109934762582365861520,false,Photo: 梅干しヘッド via Google Maps,google-maps-contributor,https://lh3.googleusercontent.com/gps-cs-s/AHRPTWmxduvaK5DEvFUm2vUcnAxwCBSNXJsgfRUxT6oXu-zb77LwAKVRVe2NlW0IxfhSeKhyp_hXcs68EkDMR8H8qw4TzW8jFrga0V8TkJ6iUthgmQ87F7cFYS_8qhcal84rNDQkKlBaFvz2cn4=s2048,https://www.google.com/maps?cid=18121907323098063121
tokyo-glitch-coffee-and-roasters-ginza,Glitch Coffee and Roasters GINZA,hero,tokyo/photos/tokyo-glitch-coffee-and-roasters-ginza/hero.webp,1600,1200,landscape,drink,place,minimal|cozy,최민식,https://maps.google.com/maps/contrib/110850963957328763103,false,Photo: 최민식 via Google Maps,google-maps-contributor,https://lh3.googleusercontent.com/gps-cs-s/ANWiy9T0Rliau9ifj04C1iAOTsu89Oz9ZQzrPXm9gctq9uZ2UL1Axc8K_oYy_AKY5Mf9ZdB8uxXg-8HZJRXKB6bNXXeWquY_0GwVpkUqRhgP5OuvElxG4p9IkMAD8cJyQAtWMf64QxsJ6Fkm0zw=s2048,https://www.google.com/maps?cid=7690982991018637456
tokyo-glitch-coffee-and-roasters-ginza,Glitch Coffee and Roasters GINZA,alt-1,tokyo/photos/tokyo-glitch-coffee-and-roasters-ginza/alt-1.webp,1170,1385,portrait,space-interior,place,counter-seating|design,GLITCH COFFEE GINZA,https://maps.google.com/maps/contrib/118231571404764726828,false,Photo: GLITCH COFFEE GINZA via Google Maps,google-maps-contributor,https://lh3.googleusercontent.com/gps-cs-s/ANWiy9QwxhnYjcIlUnG7wo2BJfI_tsU7cLt9MXR9qrxRtfERVRxWyrzUPlMBU2of9BAWsRr4iK9yRs4VVHfRild2WFCRYw3A28QDoDpMKtMvpX1-x7yCNQeByNT_aXJTjXuoUQuYCukW=s2048,https://www.google.com/maps?cid=7690982991018637456
tokyo-glitch-coffee-and-roasters-ginza,Glitch Coffee and Roasters GINZA,alt-2,tokyo/photos/tokyo-glitch-coffee-and-roasters-ginza/alt-2.webp,1205,1600,portrait,activity,place,counter-seating|design,John Glessner,https://maps.google.com/maps/contrib/100324110390529585483,false,Photo: John Glessner via Google Maps,google-maps-contributor,https://lh3.googleusercontent.com/gps-cs-s/ANWiy9QUgY0NmraMdaRUfmaiePRQ8m0KC7U06KzBSwcNpdmo7sWmRsYlNE6Keso4R9DsoT7eNZFMD5Y43x005-NS5okjb09zQyUXF8deUkfdQpbml8SMvv-TVKqFriuJp_L3Q9RxUjNt=s2048,https://www.google.com/maps?cid=7690982991018637456
tokyo-glitch-coffee-and-roasters-ginza,Glitch Coffee and Roasters GINZA,alt-3,tokyo/photos/tokyo-glitch-coffee-and-roasters-ginza/alt-3.webp,1200,1600,portrait,space-exterior,place,street|daytime|design,許子琼,https://maps.google.com/maps/contrib/113996617378246348299,false,Photo: 許子琼 via Google Maps,google-maps-contributor,https://lh3.googleusercontent.com/gps-cs-s/ANWiy9RfeSepBc_QcAglvXB6WS09Cm-86Is35wlbOSeGAnagmrJPeeuZFrBS9f-5O-M4N-ar_shP0MQNKBdbp0HY_lIWLtqUVqMZ-vcWidTaBpRisrZEwNl_l3sdibhr9Jz_saq3DIT-fgPcDZA=s2048,https://www.google.com/maps?cid=7690982991018637456
tokyo-goku-burger,GOKU BURGER ゴクバーガー,hero,tokyo/photos/tokyo-goku-burger/hero.webp,1600,1066,landscape,space-interior,place,moody|retro|cozy,GOKU BURGER,https://maps.google.com/maps/contrib/101019010973409849722,true,Photo: GOKU BURGER via Google Maps,google-maps-contributor,https://lh3.googleusercontent.com/grass-cs/ACvplmMAYlsqChckj87SngMOKYpSiEgKkiguV2AIeQFf-HGS_2n2gJZbHXRyp__HRyCIOcni8pnpijmIMaispdY9W6MKbTbI6s0Lh1mlTctSuu1OIRTJ1eOjUDA_GtYzyWsKM3KLdEw=s2048,https://www.google.com/maps?cid=18205655312913860409
tokyo-goku-burger,GOKU BURGER ゴクバーガー,alt-1,tokyo/photos/tokyo-goku-burger/alt-1.webp,1600,1066,landscape,food,place,bright,GOKU BURGER,https://maps.google.com/maps/contrib/101019010973409849722,true,Photo: GOKU BURGER via Google Maps,google-maps-contributor,https://lh3.googleusercontent.com/gps-cs-s/AHRPTWmvYzvYZ37eqC-oNzyYZWSgbQ-CRQIjTSUJDzs-DqzqpVG1PD0Lem3po0bW1-4TVN3kwk4-Ui5q5igDXVP9MUfGjf7MpXAOY5bsl6vbS5vBfKJtPtXnm01DfEU3T-ALAuTJX0nq=s2048,https://www.google.com/maps?cid=18205655312913860409
tokyo-goku-burger,GOKU BURGER ゴクバーガー,alt-2,tokyo/photos/tokyo-goku-burger/alt-2.webp,1600,1066,landscape,food,place,lively,N輝,https://maps.google.com/maps/contrib/100295024699183813925,false,Photo: N輝 via Google Maps,google-maps-contributor,https://lh3.googleusercontent.com/gps-cs-s/AHRPTWnMmGQhjKGu8lzNQypoW10s8rhJ0ZdZ1gbKR0cYWTPbv-xA5ENrRig3k6xtBaC2pfKisS1jWq3RXmFjql5xPt5SqyBnP2zPtalBF2jmfCyvdeqXJb2ZeExq5BTPPNv1h5sAy8PN44iCJyw=s2048,https://www.google.com/maps?cid=18205655312913860409
tokyo-goku-burger,GOKU BURGER ゴクバーガー,alt-3,tokyo/photos/tokyo-goku-burger/alt-3.webp,1200,1600,portrait,food,place,cozy,AndyD,https://maps.google.com/maps/contrib/102774637014435633753,false,Photo: AndyD via Google Maps,google-maps-contributor,https://lh3.googleusercontent.com/gps-cs-s/AHRPTWlrr5OCQgo1xLHNWdVjKRdZ3TY9egNF0Q5rugb2OuLxvNvxjVmAA1GGfzjVTYUTOwqjTAPK6vy5_9yKbxCr7RwSSIPkkt0Mw7hcg10OxYDOGXMDHmk5ejNrxFfPJfhxHlSLWh5OKYjAobhJ=s2048,https://www.google.com/maps?cid=18205655312913860409
tokyo-gold-bar-at-edition,Gold Bar at EDITION,hero,tokyo/photos/tokyo-gold-bar-at-edition/hero.webp,1600,1066,landscape,space-interior,place,moody|design|night,Gold Bar at EDITION,https://maps.google.com/maps/contrib/106682936153423124197,true,Photo: Gold Bar at EDITION via Google Maps,google-maps-contributor,https://lh3.googleusercontent.com/grass-cs/ACvplmNTYF7yH4ArCtsmfkjJbGZl7nLEaiMylmPYis_dAu_adaph0d5f7le33egUZgGPzS8d52VnSoWXcIO-EKbsvhdrClpkQNI3LsU4zLlHrpeKffAOmvIwYmah7OQ4NKxIvpV9NUPc=s2048,https://www.google.com/maps?cid=908513682639246483
tokyo-gold-bar-at-edition,Gold Bar at EDITION,alt-1,tokyo/photos/tokyo-gold-bar-at-edition/alt-1.webp,1600,1151,landscape,space-interior,place,design|counter-seating|moody,Gold Bar at EDITION,https://maps.google.com/maps/contrib/106682936153423124197,true,Photo: Gold Bar at EDITION via Google Maps,google-maps-contributor,https://lh3.googleusercontent.com/gps-cs-s/AHRPTWmcHAXu0soQ10sr6FXgTjw4Ytpt91-LQxmkIYqK0hLXnIiwcdxVlKj5a3YG4BTtfpVRbPmLxcy8t7esz9WQqdJL69aL5maoeVBsLw9BxoKikmm8lMstmcD7zOOQZyRMA1zXLIt7Yw=s2048,https://www.google.com/maps?cid=908513682639246483
tokyo-gold-bar-at-edition,Gold Bar at EDITION,alt-2,tokyo/photos/tokyo-gold-bar-at-edition/alt-2.webp,1066,1600,portrait,drink,place,moody|intimate,Gold Bar at EDITION,https://maps.google.com/maps/contrib/106682936153423124197,true,Photo: Gold Bar at EDITION via Google Maps,google-maps-contributor,https://lh3.googleusercontent.com/gps-cs-s/AHRPTWk2E7iBtfAw_pztSn3AekiitBAhjl4uzdlV4WX6n5IVSzPq-ShCQbSiXRPxoOL5Y744AQJtPlmVzbFsn-0qLTTAbIZy_mYvSomchlS3-__o7FH7atpvd4rAZyraVEhTDfXC39c9GgcX5XGE=s2048,https://www.google.com/maps?cid=908513682639246483
tokyo-gold-bar-at-edition,Gold Bar at EDITION,alt-3,tokyo/photos/tokyo-gold-bar-at-edition/alt-3.webp,900,1600,portrait,food,place,candlelit|intimate,Abhaye Madhok,https://maps.google.com/maps/contrib/118172391703168944111,false,Photo: Abhaye Madhok via Google Maps,google-maps-contributor,https://lh3.googleusercontent.com/gps-cs-s/AHRPTWnMnN-xm18AGKK0RjLKgUUqmU-XVa5R-X_eo3sz7MlYwWtd_3X01Hf-uoT8iS7FAEGFhPFmUA7-VeiyYFcEDyrJDsdjFz-ik5DGn-jQWfM2w9WItxNN0e2sYz3o4X1WxVkIvb4N_RUXMxA=s2048,https://www.google.com/maps?cid=908513682639246483
tokyo-golden-boy,GOLDEN BOY,hero,tokyo/photos/tokyo-golden-boy/hero.webp,1200,1600,portrait,space-interior,place,moody|retro|counter-seating,Eunsil Choi,https://maps.google.com/maps/contrib/116624707706053325835,false,Photo: Eunsil Choi via Google Maps,google-maps-contributor,https://lh3.googleusercontent.com/grass-cs/ACvplmP7CZzMDsYVOmcG-pj3zdTQEG6AsU0Wqt2oUQAiN_ZKpGZJgozPYp2xNSX-W7CljfpeUaTAAr2R9Q7oPjijGAzwBvGTjRNrkSxUZg6Q90nxGgikcl1XR4SlRuoAOS8EyqVI6dyzpw=s2048,https://www.google.com/maps?cid=7801345112317273247
tokyo-golden-boy,GOLDEN BOY,alt-1,tokyo/photos/tokyo-golden-boy/alt-1.webp,1200,1600,portrait,space-interior,place,candlelit|moody|intimate,Melanie Ramirez,https://maps.google.com/maps/contrib/103887488123194573356,false,Photo: Melanie Ramirez via Google Maps,google-maps-contributor,https://lh3.googleusercontent.com/gps-cs-s/AHRPTWk72jnGlHRrZwJSRBtyyRpTB7VhPRyfcI8AynxcaDwiWlbvTubtvoORTEom24aa5WCm6jE74TYS1qIODcSLzGy_daQhGQFjMj9ZYzqPnIXw4voFwQZyGhwLwqHe0xqZiDOyaVp-=s2048,https://www.google.com/maps?cid=7801345112317273247
tokyo-golden-boy,GOLDEN BOY,alt-2,tokyo/photos/tokyo-golden-boy/alt-2.webp,1200,1600,portrait,space-interior,place,retro|intimate,jun,https://maps.google.com/maps/contrib/115098428993549509505,false,Photo: jun via Google Maps,google-maps-contributor,https://lh3.googleusercontent.com/gps-cs-s/AHRPTWnXaK01pOTfJb4qzrZnTyIxiWePQETWwnJ4Eov3PpLSzJEWv1FTSEMvovS5qR0m6v8IB20JJ1gGGPNQe5oaQqbz4f0U2nEfxZ-L7i4OqtIaweNFo_fw0a1CPaFaWjSgrG4_OdR8=s2048,https://www.google.com/maps?cid=7801345112317273247
tokyo-golden-boy,GOLDEN BOY,alt-3,tokyo/photos/tokyo-golden-boy/alt-3.webp,1200,1600,portrait,drink,place,moody|cozy,Kenny,https://maps.google.com/maps/contrib/118403611574927713010,false,Photo: Kenny via Google Maps,google-maps-contributor,https://lh3.googleusercontent.com/gps-cs-s/AHRPTWk1yuDDOAgiRaEGD9C2rb7TbPby_2ysNWhtyuzFhyIsNd80LjNAD4_8NKPe-kP0HFAlt7Qbr-2brXBNJSOEZJsOVauAgE14EtjirVAO0BDlNnmJDMSEVsawNk_ku7PVXZU_BUJ_tqBz5Lrw=s2048,https://www.google.com/maps?cid=7801345112317273247
tokyo-gompachi-nishi-azabu,Gompachi Nishi-Azabu,hero,tokyo/photos/tokyo-gompachi-nishi-azabu/hero.webp,1600,1200,landscape,space-interior,place,lively|crowd|night,Rica Otares,https://maps.google.com/maps/contrib/105630482103834658315,false,Photo: Rica Otares via Google Maps,google-maps-contributor,https://lh3.googleusercontent.com/gps-cs-s/ANWiy9TK37rB2lO9VEYT16fC47znRUUmJwsacbHe6QqPsITfjOlRAQdtQ8g6WWNhcrXscrOOQA8dbc785nHnHTt_IrtXRABTldGnnFXryYDzs_PFOrPXOHwIUZ1Q4htrCKt7FKWZHesx5ASN5Jgy=s2048,https://www.google.com/maps?cid=1337614840498094983
tokyo-gompachi-nishi-azabu,Gompachi Nishi-Azabu,alt-1,tokyo/photos/tokyo-gompachi-nishi-azabu/alt-1.webp,1600,900,landscape,space-interior,place,lively|retro|counter-seating,C Khan,https://maps.google.com/maps/contrib/101896003603246203677,false,Photo: C Khan via Google Maps,google-maps-contributor,https://lh3.googleusercontent.com/gps-cs-s/ANWiy9T1nMWo9dW27N4qsYARIcKNGeb69COy8wmNLa1chbbJn_VwB3B1rDec_tVmqBchZxjUUkDj31HE0H7iIpe7ydv1IE6nXx40WpSkDFa2u-TTov8RpGwcm0dnduHVgBto-6zPNuOK=s2048,https://www.google.com/maps?cid=1337614840498094983
tokyo-gompachi-nishi-azabu,Gompachi Nishi-Azabu,alt-2,tokyo/photos/tokyo-gompachi-nishi-azabu/alt-2.webp,1600,1200,landscape,food,place,cozy,SeeKiat SK KOH,https://maps.google.com/maps/contrib/112696991715580767538,false,Photo: SeeKiat SK KOH via Google Maps,google-maps-contributor,https://lh3.googleusercontent.com/gps-cs-s/ANWiy9RKcE2SHflwMoujEOCp2CB59tl_4MrlvXGmvShdnPTlDCu34YxCilVVcxDcXr5Jk8tkSOrh-Kd40-N5eJUHOBoYvB5YCAQw6C6qYVwzv_JO4OHse6l8K6cUj9UMDBlivVofU5xKdJHNgKg=s2048,https://www.google.com/maps?cid=1337614840498094983
tokyo-gompachi-nishi-azabu,Gompachi Nishi-Azabu,alt-3,tokyo/photos/tokyo-gompachi-nishi-azabu/alt-3.webp,1600,1068,landscape,food,place,lively,権八 西麻布,https://maps.google.com/maps/contrib/110483870973456030084,false,Photo: 権八 西麻布 via Google Maps,google-maps-contributor,https://lh3.googleusercontent.com/gps-cs-s/ANWiy9RZKjUP_6BKIkDqK3FzmpRAsdB2GF090MPIODRCJDYCWgOb3gzfyFt2HBkvHg1jmsXOD5XNmYUtH5RnVB7_umNCMc3m2ZaAy9WtQwPNeoXbMOujgDNP-jkN8CPJwdC9Ka9HAKHDjw=s2048,https://www.google.com/maps?cid=1337614840498094983
tokyo-good-wood-terrace,Good Wood Terrace,hero,tokyo/photos/tokyo-good-wood-terrace/hero.webp,1600,1200,landscape,food,place,moody|cozy,Dani Perez,https://maps.google.com/maps/contrib/100863988664715990426,false,Photo: Dani Perez via Google Maps,google-maps-contributor,https://lh3.googleusercontent.com/gps-cs-s/AHRPTWngIuC9OKZLyivVT-On6sNdLRlFD53ierEhZl477x0svFyXMfQzON_WHlYJ7xxMMZw5AFyyHuWEiiI0GJKPAhUWnjcN3nm_N44xaF2WgETkdd9BkNU1fzyUfkBUrKuPMBBlJa2lrhc8ec5l=s2048,https://www.google.com/maps?cid=8751517082940748519
tokyo-good-wood-terrace,Good Wood Terrace,alt-1,tokyo/photos/tokyo-good-wood-terrace/alt-1.webp,1600,1200,landscape,space-exterior,place,street|daytime|green,原龍馬,https://maps.google.com/maps/contrib/118227734920430726729,false,Photo: 原龍馬 via Google Maps,google-maps-contributor,https://lh3.googleusercontent.com/gps-cs-s/AHRPTWlofhbJBk_LKV4dhfBR4RRkqoD7acyI9ZiGHnjfcumqnZI9bSPgHR_hh7ZQM9CzXrlbTrHZ7FQsGJYvihf2sh4WqshUDy6CpY9h2ufF1JCF70OagbDf9XuYyyY9mipfegIONd3BEvAgdTd3=s2048,https://www.google.com/maps?cid=8751517082940748519
tokyo-good-wood-terrace,Good Wood Terrace,alt-2,tokyo/photos/tokyo-good-wood-terrace/alt-2.webp,1600,1200,landscape,space-interior,place,cozy|bright,原龍馬,https://maps.google.com/maps/contrib/118227734920430726729,false,Photo: 原龍馬 via Google Maps,google-maps-contributor,https://lh3.googleusercontent.com/gps-cs-s/AHRPTWn1Pdq0W1x3naWGlqUZKljUO8SmjHBZFn-kk9bPBi8RAbJWG8AgWvq1dsFewFmj7souDGuLSUxoBPqLMwgrJF39TOb3CRYUu6KDGq7fDGejjVC1iVrJ06ftYYSJJffg0YYEEm809EiRU-4W=s2048,https://www.google.com/maps?cid=8751517082940748519
tokyo-good-wood-terrace,Good Wood Terrace,alt-3,tokyo/photos/tokyo-good-wood-terrace/alt-3.webp,1280,1280,square,food,place,daytime|bright,グッドウッドテラス,https://maps.google.com/maps/contrib/115136951243618171265,false,Photo: グッドウッドテラス via Google Maps,google-maps-contributor,https://lh3.googleusercontent.com/gps-cs-s/AHRPTWkxnZkC19rK50x4cUP22UCVftyWgb4KSmAMscoITejgu1qXX-ahIDArWiuJHbnr6tvUOSy1ElUH-67TzFIltj9qcq095Y2dMPXQiBc9F2GQsDH8L8YdZ8Fb6wbMjVd5ZasVadWf=s2048,https://www.google.com/maps?cid=8751517082940748519
tokyo-g-tokuji-temple,Gōtokuji Temple,hero,tokyo/photos/tokyo-g-tokuji-temple/hero.webp,1600,1200,landscape,detail,place,daytime|lively,Alex Kim,https://maps.google.com/maps/contrib/101984175421601980461,false,Photo: Alex Kim via Google Maps,google-maps-contributor,https://lh3.googleusercontent.com/grass-cs/ACvplmMF8cro8Qi-jWNewALTVq0T-K2E0oHLMeMwHb98UazEw9qb90p6eR149rDnzcHIp9AwY0g-WJlS37mF8LLrI0R0ppT_wCc2dMpi9DZmw70LZmBoPSwso2xERAWGgVHlwaX_Fv3l9w=s2048,https://www.google.com/maps?cid=482142090738683052
tokyo-g-tokuji-temple,Gōtokuji Temple,alt-1,tokyo/photos/tokyo-g-tokuji-temple/alt-1.webp,1600,1200,landscape,space-exterior,place,green|daytime|serene,o ke,https://maps.google.com/maps/contrib/109025357945799437808,false,Photo: o ke via Google Maps,google-maps-contributor,https://lh3.googleusercontent.com/gps-cs-s/AHRPTWkEAnTdKwcENcYCA37407y5WWz6atqvic1Xas47PVg4LQSxehWIDbX3fcbGQCZv0QAQovoulyY8puMCuDQACFNiIKmVZC81muWR-s-aesbc3SMHEcDikKdY_Z-lBK3mPJBPMIIO=s2048,https://www.google.com/maps?cid=482142090738683052
tokyo-g-tokuji-temple,Gōtokuji Temple,alt-2,tokyo/photos/tokyo-g-tokuji-temple/alt-2.webp,1600,1200,landscape,space-exterior,place,daytime|serene,Autchi JinZawa,https://maps.google.com/maps/contrib/116783744975649860938,false,Photo: Autchi JinZawa via Google Maps,google-maps-contributor,https://lh3.googleusercontent.com/gps-cs-s/AHRPTWkat_-PLLtCANMrasYKa28_F-ptjZF1czxJQgSxJRr9e8SVMS2KtIZ2ijI6-68Ob2DDetjGyXpLkOJHIN2taCSPolengOlxCBm9rwuhgjp4aDQs_HQyi4CKJb44_z75D1lRAavJCA=s2048,https://www.google.com/maps?cid=482142090738683052
tokyo-g-tokuji-temple,Gōtokuji Temple,alt-3,tokyo/photos/tokyo-g-tokuji-temple/alt-3.webp,1600,1200,landscape,space-exterior,place,daytime|serene,Lizzet Castro,https://maps.google.com/maps/contrib/112365073623026642327,false,Photo: Lizzet Castro via Google Maps,google-maps-contributor,https://lh3.googleusercontent.com/gps-cs-s/AHRPTWleU_dumGedcb-dd1V_QFY0udhpzKUfqF4wVUMAbjzuOxR89Ok9Z3pW79am6gM6Rctl-0IDOnMK9MrkOq_Li09DvhNj5iziRKGSnaGPMZqKgcWjV1GsGWoCYHBP_5qsqLjSIzQ=s2048,https://www.google.com/maps?cid=482142090738683052
tokyo-grandfather-s,Grandfather's,hero,tokyo/photos/tokyo-grandfather-s/hero.webp,1200,1600,portrait,space-interior,place,moody|retro|counter-seating,Josh Green,https://maps.google.com/maps/contrib/100678357402802166149,false,Photo: Josh Green via Google Maps,google-maps-contributor,https://lh3.googleusercontent.com/gps-cs-s/ANWiy9R47VP1DX16QFGE5II5csajDsLb0RStOGFIe0p2wsrGPHIMuVXuRU9JUlQWVLmE7bnTlhK_OPK1Cg-VCkGsBTXCW1pWmcZWIDfNyzPPlh3FzkSEJHghDnMG6VOdQ4u8CMRN0zB4T7L_dwHP=s2048,https://www.google.com/maps?cid=15101352574701464944
tokyo-grandfather-s,Grandfather's,alt-1,tokyo/photos/tokyo-grandfather-s/alt-1.webp,1200,1600,portrait,drink,place,moody|night|intimate,Jessica Robertson,https://maps.google.com/maps/contrib/101084977297238671564,false,Photo: Jessica Robertson via Google Maps,google-maps-contributor,https://lh3.googleusercontent.com/gps-cs-s/ANWiy9Rey5sTMhocD31HdzghppEJ83fy7I5xXVJ9L7xwBZUOk3uLQZ2DO35aidbI6gSBvvhpMgUtsvlj6mZJ_B1fW-V-y9XeCzmVgwwfLSscm4BzK-H-2i8cB0bspiQzjzgROtfwAYCERD4C2oo=s2048,https://www.google.com/maps?cid=15101352574701464944
tokyo-grandfather-s,Grandfather's,alt-2,tokyo/photos/tokyo-grandfather-s/alt-2.webp,1600,1478,square,detail,place,moody|retro,Sarah Christiansen,https://maps.google.com/maps/contrib/101150472965805328677,false,Photo: Sarah Christiansen via Google Maps,google-maps-contributor,https://lh3.googleusercontent.com/gps-cs-s/ANWiy9RjfDKv7PqwPWmy-zPFIUH0_8CdK9OjmuO9K3uLDkrgbYgQzHdQeiLmIfTS3iVJn1vdpQJONYoFIVXq_Cvg38DEXJdpMvRhKZrnnw39eYXiVDXsH9qAF_6C-zUxhyR7eYevWQGi5PE3EkDC=s2048,https://www.google.com/maps?cid=15101352574701464944
tokyo-grandfather-s,Grandfather's,alt-3,tokyo/photos/tokyo-grandfather-s/alt-3.webp,1200,1600,portrait,drink,place,cozy|counter-seating,A.E.,https://maps.google.com/maps/contrib/114103820822247207160,false,Photo: A.E. via Google Maps,google-maps-contributor,https://lh3.googleusercontent.com/gps-cs-s/ANWiy9RqnUC53rXTuC47OKFwhfREbay8DyOTybjD6fMVfCee7UViYModfXLShMwZGoBJFezmzaBXD4I-Q68WmmPYMWej0LgFvVO8yqJXPnqDNrZ7gL-LPjW-eL1jx1xYt0Rx7i1byS9R_c_NWKY=s2048,https://www.google.com/maps?cid=15101352574701464944
tokyo-gyukatsu-motomura-koredo-muromachi-store,Gyukatsu Motomura Koredo Muromachi Store,hero,tokyo/photos/tokyo-gyukatsu-motomura-koredo-muromachi-store/hero.webp,1600,1200,landscape,food,place,cozy,onon Wong,https://maps.google.com/maps/contrib/103553529249869488448,false,Photo: onon Wong via Google Maps,google-maps-contributor,https://lh3.googleusercontent.com/gps-cs-s/ANWiy9SBHZl5ilLcApreuKw49mzxD_OOP3n8SDfPeUZA_AvcGNjWN0PVBIU2c_7j0RGFmKfUzVUPTrDWO_e1PMkJQ-n8zIc3eaSRfo8I-E9hGS8f8bzcAJSJ7ZtY3VTjEcG0Gd4W1BpLVLiMCapm=s2048,https://www.google.com/maps?cid=7836157086609805135
tokyo-gyukatsu-motomura-koredo-muromachi-store,Gyukatsu Motomura Koredo Muromachi Store,alt-1,tokyo/photos/tokyo-gyukatsu-motomura-koredo-muromachi-store/alt-1.webp,1600,1200,landscape,food,place,cozy,Joseph Charles Cruel,https://maps.google.com/maps/contrib/108774645880509829299,false,Photo: Joseph Charles Cruel via Google Maps,google-maps-contributor,https://lh3.googleusercontent.com/gps-cs-s/ANWiy9TaqD9HlmdN-WFDSfBivSBumZVArpvH5cuQCfdKB5IYEJqibqvNvXI0Bn6DixgCFM7mZGmUVUg1uE8g74biL-WNG8R0d1tMEe4dI9siZSJ2wt2CHZS4AUPloGLyEL037SamauAN6w2QpRJR=s2048,https://www.google.com/maps?cid=7836157086609805135
tokyo-gyukatsu-motomura-koredo-muromachi-store,Gyukatsu Motomura Koredo Muromachi Store,alt-2,tokyo/photos/tokyo-gyukatsu-motomura-koredo-muromachi-store/alt-2.webp,1207,906,landscape,food,place,bright,Khoi Le,https://maps.google.com/maps/contrib/104153643202719936630,false,Photo: Khoi Le via Google Maps,google-maps-contributor,https://lh3.googleusercontent.com/gps-cs-s/ANWiy9TKzDBSt0QPM_khOiK-ejKYxypg_pqvO2UTG1BcAMH8HhX0O3ilPah7OeuSi38dQKmgRED1QDOs7_hyrG-p5WC56a8qRHWazNocLEHzJHigJSMLFG9Wej95cBjpHKzApl5-T87PmPyZ0FA=s2048,https://www.google.com/maps?cid=7836157086609805135
tokyo-gyukatsu-motomura-koredo-muromachi-store,Gyukatsu Motomura Koredo Muromachi Store,alt-3,tokyo/photos/tokyo-gyukatsu-motomura-koredo-muromachi-store/alt-3.webp,900,1600,portrait,space-interior,place,bright|minimal|counter-seating,Stephanie Cheng,https://maps.google.com/maps/contrib/101446779867309305692,false,Photo: Stephanie Cheng via Google Maps,google-maps-contributor,https://lh3.googleusercontent.com/gps-cs-s/ANWiy9QnmjzmHQtQZFpEG1yiWPW2Fkza2MR9VWszzvj7_tF98BAaa3m8ivNj-yuq_pe6VuzTDiG_V-240plNQ-Q2LoMJEGLGyPvIEtcmWCP9Cw9J3g70PSN4pLvEJOnK7uCCexjVI1wjf_ACtNWZ=s2048,https://www.google.com/maps?cid=7836157086609805135
tokyo-gyukatsu-motomura-ueno,Gyukatsu Motomura Ueno,hero,tokyo/photos/tokyo-gyukatsu-motomura-ueno/hero.webp,1600,1200,landscape,food,place,cozy,지쓰,https://maps.google.com/maps/contrib/100220210164491251248,false,Photo: 지쓰 via Google Maps,google-maps-contributor,https://lh3.googleusercontent.com/gps-cs-s/AHRPTWkJ8eS1gQRysUzcxOCjefU_aCaFP92aQQeIJwbKNC3neKvslfqXXjg5POc3WJR5uUYb9VLqaDQV1ZVtlGO65A7LK0Z7UvRIYbjBl8x_AJtOYJxD-zkf5uXOSOnT20BX3DnGZG_05Gez6FRB=s2048,https://www.google.com/maps?cid=6534178951041514028
tokyo-gyukatsu-motomura-ueno,Gyukatsu Motomura Ueno,alt-1,tokyo/photos/tokyo-gyukatsu-motomura-ueno/alt-1.webp,1600,1200,landscape,food,place,cozy,Justin,https://maps.google.com/maps/contrib/107409970980260462705,false,Photo: Justin via Google Maps,google-maps-contributor,https://lh3.googleusercontent.com/gps-cs-s/AHRPTWkEx-hnTQXTBlnbX-Up6JMCTz3xr6TdSD2UDAuCeMMilaP7xE085W6jYQ04EcbBPwBYPCXuKYnL0TBY9jxRq-xCM7RIgMLmaQlxR2_nKr9HO2ioFc54T2i1KknVLZm11_rofdg2Z5xtlXTK=s2048,https://www.google.com/maps?cid=6534178951041514028
tokyo-gyukatsu-motomura-ueno,Gyukatsu Motomura Ueno,alt-2,tokyo/photos/tokyo-gyukatsu-motomura-ueno/alt-2.webp,1250,1600,portrait,space-exterior,place,street,Christine T,https://maps.google.com/maps/contrib/101809174486229298101,false,Photo: Christine T via Google Maps,google-maps-contributor,https://lh3.googleusercontent.com/gps-cs-s/AHRPTWm15ANynn2vI2gQtoy4C9Av7QrQnNyPPI1M_R-r6wKV7fATtStVcMf7O4uJkGPNTMZF7WaY_-JumaPZrt6Ocr3uJI3e3z0wP7BFLsQ8iBwqn00mFAg7y82GtC9E_A-nhKoJwR4NGqP6vXgG=s2048,https://www.google.com/maps?cid=6534178951041514028
tokyo-gyukatsu-motomura-ueno,Gyukatsu Motomura Ueno,alt-3,tokyo/photos/tokyo-gyukatsu-motomura-ueno/alt-3.webp,1200,1600,portrait,space-interior,place,minimal|bright,Jayden,https://maps.google.com/maps/contrib/115830966998520638015,false,Photo: Jayden via Google Maps,google-maps-contributor,https://lh3.googleusercontent.com/gps-cs-s/AHRPTWlqXUj-ht9z1fc5yDk63yq54grf8wupPBpxKrKwnL6YbvqNSg9mrCBs5Sw8st3ftPrQBlpE4l6KDo03GNwOlqkKcR0A8AEdHPn1-txr4rBVMK0VD6ok-Ya0vNo6x8taioyvJltC2KPAUjkp=s2048,https://www.google.com/maps?cid=6534178951041514028
tokyo-hanadaikon,Hanadaikon,hero,tokyo/photos/tokyo-hanadaikon/hero.webp,1600,1067,landscape,space-interior,place,skyline|night|intimate,銀座 塒 ねぐら,https://maps.google.com/maps/contrib/116352343146466354009,false,Photo: 銀座 塒 ねぐら via Google Maps,google-maps-contributor,https://lh3.googleusercontent.com/gps-cs-s/AHRPTWk7UA1Kgm70aznPxm8PXzNHv_VigmeLHi9k1ValUkvquw6dYCeeekZo6CIL6dlOttlk7R1lSylHCztJIe5yMfgz35OWTrdEnOEVny7PG2MkKMybt25qmHEVzPDwVTs6BegyLrE=s2048,https://www.google.com/maps?cid=12811207727313182066
tokyo-hanadaikon,Hanadaikon,alt-1,tokyo/photos/tokyo-hanadaikon/alt-1.webp,1600,1066,landscape,food,place,moody,銀座 塒 ねぐら,https://maps.google.com/maps/contrib/116352343146466354009,false,Photo: 銀座 塒 ねぐら via Google Maps,google-maps-contributor,https://lh3.googleusercontent.com/gps-cs-s/AHRPTWmB7wL8Erz-ijkd7fpYQfWcqOqai4mCtRNBBSTZQVfWv3Kp3kv99MS3KZh3KIfAa0XfBuxUfELn-D3DQhplZS-aMQtv3JYIuBwvaRFKghFb-psi8ipwAOVl36JlHh5eAUlrHZkA=s2048,https://www.google.com/maps?cid=12811207727313182066
tokyo-hanadaikon,Hanadaikon,alt-2,tokyo/photos/tokyo-hanadaikon/alt-2.webp,1600,1200,landscape,food,place,cozy,Yan Pan,https://maps.google.com/maps/contrib/105419032105752206637,false,Photo: Yan Pan via Google Maps,google-maps-contributor,https://lh3.googleusercontent.com/gps-cs-s/AHRPTWl9FJ4LGGp0ndCzbONj5JkyZreO8za8zKcM3iRuclj1tbxKetTKkKCWIGzU4ea_sa8EaLexzuFNpck3twJoY0EpcNB1GKX9wpqJ8hvDXNFumjbe2El7xRjgoliHR1EHF8geVQ3TgVMy33o_=s2048,https://www.google.com/maps?cid=12811207727313182066
tokyo-hanadaikon,Hanadaikon,alt-3,tokyo/photos/tokyo-hanadaikon/alt-3.webp,1600,1200,landscape,food,place,bright,すあ,https://maps.google.com/maps/contrib/112085235699554675821,false,Photo: すあ via Google Maps,google-maps-contributor,https://lh3.googleusercontent.com/gps-cs-s/AHRPTWkL1L4EeXlzeEFhVW2GpUzBCtEwRfg8khTf2j0q4kt3MjSuufT3hYefVyKLDp63h1KbB6EKJ5cyyIsUZfjVnIZDM1JgWlRa2RxgeWJwOttLoJMYor4G06ISNTm77pHitpeaeuYJLuCczDkx=s2048,https://www.google.com/maps?cid=12811207727313182066
tokyo-hard-off-hobby-off,HARD OFF & HOBBY OFF,hero,tokyo/photos/tokyo-hard-off-hobby-off/hero.webp,1600,1200,landscape,space-interior,place,bright|retro,総統閣下,https://maps.google.com/maps/contrib/100530361717481938024,false,Photo: 総統閣下 via Google Maps,google-maps-contributor,https://lh3.googleusercontent.com/gps-cs-s/ANWiy9Qci_T9ZMimdqnodUcZs7bvGeC3cEvJo1TnAbHHUanMrVgTDCD7l2q-CLcHbVaniRdf6kc1vBqPom0DeRsewiqQrSVP3pTyGneXPERSd4r045MYhOj_MnuS7bu5IfMMCzZdbNrxafv-mGCh=s2048,https://www.google.com/maps?cid=13149875258985211016
tokyo-hard-off-hobby-off,HARD OFF & HOBBY OFF,alt-1,tokyo/photos/tokyo-hard-off-hobby-off/alt-1.webp,1600,1195,landscape,space-exterior,place,street|daytime,みかど,https://maps.google.com/maps/contrib/111139316463867389106,false,Photo: みかど via Google Maps,google-maps-contributor,https://lh3.googleusercontent.com/gps-cs-s/AHRPTWkzZo1a_adjcy5nSvQTVdYYpISFlEDahM5AUrznBBxFBFHKERGnp83BOtLNSwG82narKUTlSpycM64B4NtvTMFSdnEzP6RwCPUtB_BqpoHQfrhxtKALrr-NMYxiPePSIoxMVela4aVf0gyb=s2048,https://www.google.com/maps?cid=13149875258985211016
tokyo-hard-off-hobby-off,HARD OFF & HOBBY OFF,alt-2,tokyo/photos/tokyo-hard-off-hobby-off/alt-2.webp,1202,1600,portrait,detail,place,bright|retro,Yasuyuki Takahashi,https://maps.google.com/maps/contrib/104561643950827531278,false,Photo: Yasuyuki Takahashi via Google Maps,google-maps-contributor,https://lh3.googleusercontent.com/gps-cs-s/ANWiy9RzBdiWrU-RXrEX_kOg4GV7ZtUnd8QNcigft3itRhu7CHY8z1tl6gYgcr3hXUiRFlvkOpRIhB6ofZkfJPIYN5Fl9S3YNyCUCmw3aHL66ax2iCbCBeKGuQ5G0ZDrTU7HO7u3BVS5=s2048,https://www.google.com/maps?cid=13149875258985211016
tokyo-hard-off-hobby-off,HARD OFF & HOBBY OFF,alt-3,tokyo/photos/tokyo-hard-off-hobby-off/alt-3.webp,1600,1200,landscape,space-interior,place,lively|bright,SBK6401,https://maps.google.com/maps/contrib/109069089866836939341,false,Photo: SBK6401 via Google Maps,google-maps-contributor,https://lh3.googleusercontent.com/gps-cs-s/ANWiy9RiVJ1SydjBDIQcCtUqNb8U2ipT6lmpSuaFRD832y5LIvzo5GHqXPpmbDQa1RJmCk5rE3fwUp4zVStddMvGs8aMpCp7Ta3YJ1KwZrJGpaIMvz7SIpydtfHayGk6RJcP4QTFJdBy6gXnLXid=s2048,https://www.google.com/maps?cid=13149875258985211016
tokyo-hard-off-akihabara-1st-store,HARD OFF Akihabara 1st store,hero,tokyo/photos/tokyo-hard-off-akihabara-1st-store/hero.webp,1600,1200,landscape,space-interior,place,retro|bright,Jim Reaugh,https://maps.google.com/maps/contrib/109691856019690716832,false,Photo: Jim Reaugh via Google Maps,google-maps-contributor,https://lh3.googleusercontent.com/gps-cs-s/AHRPTWkgWZnfSiPR-RXltmvXqlBdGY5_J9ug5a7oL6XUPUJnDaOp5-hjMwMck6muBwtPMMOHGqMPK8jrw7-9v7-bx2C9IOsMa9aePeYNqPmx-F5xrH5aKBzJkSpDdikQB0BCpAFbdBvGOOu1BapM=s2048,https://www.google.com/maps?cid=7061239041517159531
tokyo-hard-off-akihabara-1st-store,HARD OFF Akihabara 1st store,alt-1,tokyo/photos/tokyo-hard-off-akihabara-1st-store/alt-1.webp,1600,1202,landscape,space-exterior,place,street|lively,1日券でどこ行こう?,https://maps.google.com/maps/contrib/113217336447382438198,false,Photo: 1日券でどこ行こう? via Google Maps,google-maps-contributor,https://lh3.googleusercontent.com/gps-cs-s/AHRPTWk1Ie4k-79hfN7XPpgOfBKiOoZnVnR3WZtQwmCiyl1ATWmMSWmRspGTR6NbVIxfWCpgGiOv-0shymH4Ap_USP5jWLtywPjd4C8OxSKtVh3gdFit3MhUuCU8qclgAAz3XaDs-Pox=s2048,https://www.google.com/maps?cid=7061239041517159531
tokyo-hard-off-akihabara-1st-store,HARD OFF Akihabara 1st store,alt-2,tokyo/photos/tokyo-hard-off-akihabara-1st-store/alt-2.webp,1205,1600,portrait,detail,place,bright|retro,Paul Fitz,https://maps.google.com/maps/contrib/100474572635620055838,false,Photo: Paul Fitz via Google Maps,google-maps-contributor,https://lh3.googleusercontent.com/gps-cs-s/AHRPTWkq_LkDx01v4xLA98LLepQZY5M0DJn0fB7DAX7ULGlnfrNtBrTLF-FTkVnokbFdr0tufoRlfSugvHLNQ7cXmmLAPnPrEU6KqyGd_mktrNh13CZa3xKMYu4JfS9mDROi8DsM2FKs2O-NQpzr=s2048,https://www.google.com/maps?cid=7061239041517159531
tokyo-hard-off-akihabara-1st-store,HARD OFF Akihabara 1st store,alt-3,tokyo/photos/tokyo-hard-off-akihabara-1st-store/alt-3.webp,1600,901,landscape,detail,place,retro|bright,Demir Demiral,https://maps.google.com/maps/contrib/110353961177116948966,false,Photo: Demir Demiral via Google Maps,google-maps-contributor,https://lh3.googleusercontent.com/gps-cs-s/AHRPTWkIZlr8DnGoccF9utyxBuPrMULib5azu5NUdnVNvJu7vun9RvoBOa2Z8i0oAHLE3hCPMWDEqUupM_87X1bNYF5-DOm_g7kVGQ0RabcweK7US1eKCnRPFzsQy9C7AgrsdzRCUiDM2JFMBUet=s2048,https://www.google.com/maps?cid=7061239041517159531
tokyo-hard-off-hachioji-owada,Hard Off Hachioji Owada,hero,tokyo/photos/tokyo-hard-off-hachioji-owada/hero.webp,1600,1200,landscape,detail,place,bright|lively,佃吉松,https://maps.google.com/maps/contrib/101132033604950442777,false,Photo: 佃吉松 via Google Maps,google-maps-contributor,https://lh3.googleusercontent.com/gps-cs-s/AHRPTWkobniQaNkXBeUtwWpH4_k3dbkWtxjEkwGsPDl9cB7r79gjTnFNBUd8iklBRw76nk3OcFAJIgn3OlZFImGnISNunYhZivHPtNHkmctP6RYq8Htcr0o0-Dl00MhfKrTGANvM5U0Ctml8Holv=s2048,https://www.google.com/maps?cid=17052947215123218921
tokyo-hard-off-hachioji-owada,Hard Off Hachioji Owada,alt-1,tokyo/photos/tokyo-hard-off-hachioji-owada/alt-1.webp,1600,1200,landscape,space-exterior,place,daytime|street|bright,TipsyWalker,https://maps.google.com/maps/contrib/118246097944281470065,false,Photo: TipsyWalker via Google Maps,google-maps-contributor,https://lh3.googleusercontent.com/gps-cs-s/AHRPTWkH8naqHiYnU42InrheNy4rwGKZ91SzxGsJXvvEDwtWvi_WPkTzXBlIE9M37wEucik-374nI31fmVGmNU4Q3MihHB1vdUNN05tnRNCJnaGSANmtyeGfhlaWI0VoJiTQ7paKjZBBAEIOS85R=s2048,https://www.google.com/maps?cid=17052947215123218921
tokyo-hard-off-hachioji-owada,Hard Off Hachioji Owada,alt-2,tokyo/photos/tokyo-hard-off-hachioji-owada/alt-2.webp,1600,1200,landscape,space-interior,place,bright|retro,TVっ子,https://maps.google.com/maps/contrib/112429588079122072366,false,Photo: TVっ子 via Google Maps,google-maps-contributor,https://lh3.googleusercontent.com/gps-cs-s/AHRPTWnGYmICv3PDiZfaRSl4ODapAx5hVbA3tUxy6rRjq07OkSeArGEMMMWMnldC1FTrFZxm4U_MMEvQFcBXDj4X2dOI_S2DXxnf7pitbnU6wOa2jjJmkiwXYctHO8iMehhTRw5DODKPcTIc-3c=s2048,https://www.google.com/maps?cid=17052947215123218921
tokyo-hard-off-hachioji-owada,Hard Off Hachioji Owada,alt-3,tokyo/photos/tokyo-hard-off-hachioji-owada/alt-3.webp,1600,1357,landscape,space-interior,place,bright|minimal,TVっ子,https://maps.google.com/maps/contrib/112429588079122072366,false,Photo: TVっ子 via Google Maps,google-maps-contributor,https://lh3.googleusercontent.com/gps-cs-s/AHRPTWnkcdKhgl1DfKY-KNWwdQWv_847tXSJzSr1fLF01-iztowfp1LJb13UV7TRJK_6k4t_K19pqJZbe1OYR_amV7WufMo7p53iujK-jdXnYClQ44epE0J9HJ4G1tXF_7W8_aPuJXLlidrf3cVM=s2048,https://www.google.com/maps?cid=17052947215123218921
tokyo-harlem,HARLEM,hero,tokyo/photos/tokyo-harlem/hero.webp,1181,886,landscape,activity,place,crowd|night|lively,HARLEM,https://maps.google.com/maps/contrib/106341113568140421032,true,Photo: HARLEM via Google Maps,google-maps-contributor,https://lh3.googleusercontent.com/gps-cs-s/AHRPTWnIA1aaOe6-NSN102DR1OAIKpfWbUwTPvvqlCVTa3NRSOn_4FNSyZg8gYU9yL-4yEYmA-SB3aD_01Axpi2VylpxktSLaapZnuFYOkw5lKC7VlhQwGXgWwN82WCFhzlZzAUiMFjF=s2048,https://www.google.com/maps?cid=10093361732727214922
tokyo-harlem,HARLEM,alt-1,tokyo/photos/tokyo-harlem/alt-1.webp,1568,1044,landscape,space-interior,place,night|moody,HARLEM,https://maps.google.com/maps/contrib/106341113568140421032,true,Photo: HARLEM via Google Maps,google-maps-contributor,https://lh3.googleusercontent.com/gps-cs-s/AHRPTWmi06-6s3D2Xp7t6dj2ciGc5wH-H0I3CjuZs-JpeDh-yVQF_uhK1D5d2qyx4F-SiWrkTV43cyQS25pqzkeSV0B5QIaqwZ5p90i6ebuczZfE_23zRV-S4netbYGXItwE8aIGe7w-=s2048,https://www.google.com/maps?cid=10093361732727214922
tokyo-harlem,HARLEM,alt-2,tokyo/photos/tokyo-harlem/alt-2.webp,1600,1600,square,space-exterior,place,street|daytime,Takamichi Okazaki,https://maps.google.com/maps/contrib/104108832530362680553,false,Photo: Takamichi Okazaki via Google Maps,google-maps-contributor,https://lh3.googleusercontent.com/gps-cs-s/AHRPTWnpVkw3eHndS_p-QJ2W6m7PD43NDQDZUOLKl5C7BkspFdlvjMX_Rud8MZTlu_uVwcN8u1eXmsmPg1R1uN3b85wEc-NIpQ8h2T02myyeUF_VtM4eU_KJBNrgM9S3mjLRL7M3ccVTBKiFiWCQ=s2048,https://www.google.com/maps?cid=10093361732727214922
tokyo-harlem,HARLEM,alt-3,tokyo/photos/tokyo-harlem/alt-3.webp,1600,1600,square,art,place,street|lively,Takamichi Okazaki,https://maps.google.com/maps/contrib/104108832530362680553,false,Photo: Takamichi Okazaki via Google Maps,google-maps-contributor,https://lh3.googleusercontent.com/gps-cs-s/AHRPTWka-M8WMIKeKAZULJP6-JzY3r26W1b3eLl9CHPsqGP9VN9aAHnnFI4hQvrCpXvBOhD9Dl1AkgoAYbJ62JIoPGfpsM18r0saK00MrVHnfiY1l4vp4Vq_ZXOPwdaBKJ5yBrbAq9StPCZ2ugjF=s2048,https://www.google.com/maps?cid=10093361732727214922
tokyo-hatosbar,HATOSBAR,hero,tokyo/photos/tokyo-hatosbar/hero.webp,1600,1200,landscape,space-exterior,place,night|cozy|street,HATOSBAR,https://maps.google.com/maps/contrib/115128364244518486211,true,Photo: HATOSBAR via Google Maps,google-maps-contributor,https://lh3.googleusercontent.com/gps-cs-s/ANWiy9TMyaF8ULoJKeHzpfk5PBfwy1lMB34S6EcD-WxaqEnyjo6lw9LGA3cMv2ZqNXtlZjZMEHI4G9cb1NbssuiwzSh-DWYfLnNuYl3yLIEBHXv4SKlMCWFcPeX9QSkICHGWn_mTOhOo6Q=s2048,https://www.google.com/maps?cid=17556611377424915551
tokyo-hatosbar,HATOSBAR,alt-1,tokyo/photos/tokyo-hatosbar/alt-1.webp,1600,1200,landscape,food,place,cozy,KYOTA K.,https://maps.google.com/maps/contrib/100541148155672379384,false,Photo: KYOTA K. via Google Maps,google-maps-contributor,https://lh3.googleusercontent.com/gps-cs-s/AHRPTWlcUCSuxBpBm09lfbCXF7S62cmucgeP68N6Jeejv-sZw1Xmlee-TRM09jITZ14W7oCj8GC9UNmRY7t1xYmys6ySbcEO8m2Xqs2BH2I281In11fRziYwTDX4sJg_sl-24VriZM5fgjJIlfa2=s2048,https://www.google.com/maps?cid=17556611377424915551
tokyo-hatosbar,HATOSBAR,alt-2,tokyo/photos/tokyo-hatosbar/alt-2.webp,1600,1200,landscape,food,place,lively,Eric Yap,https://maps.google.com/maps/contrib/109399401497128225567,false,Photo: Eric Yap via Google Maps,google-maps-contributor,https://lh3.googleusercontent.com/gps-cs-s/AHRPTWnYNsiK8EVFCoqp6-t7pkCkiPsGDQh6oZHO93hUe13DiqkIGtLh045oofCLZzkThU9w_Lg21c7PVqCydS4dHsg5y5ESkuGx2B-mBiSYDVuso_k3oCq3pLEeO8clIuVREInmWqP0=s2048,https://www.google.com/maps?cid=17556611377424915551
tokyo-hatosbar,HATOSBAR,alt-3,tokyo/photos/tokyo-hatosbar/alt-3.webp,1200,1600,portrait,space-interior,place,counter-seating|retro,Chris Brooks,https://maps.google.com/maps/contrib/114193028687099230161,false,Photo: Chris Brooks via Google Maps,google-maps-contributor,https://lh3.googleusercontent.com/gps-cs-s/AHRPTWmu0CCKjlUI7sw4IuxxI4Q0pJA4IgpV6gx2qQWvuoJwpbN-s2cORDpS9PRBscd-xd06oDGqEc6lB3vDhACjKPHZz2YAb9J53k2czz0BAjmkP9R0QkQjvVf9e9OEqp5GCFHdx22gsTIms99M=s2048,https://www.google.com/maps?cid=17556611377424915551
tokyo-havana1950,HAVANA1950,hero,tokyo/photos/tokyo-havana1950/hero.webp,1600,1200,landscape,space-interior,place,moody|retro|night,The Bear,https://maps.google.com/maps/contrib/102456206733282411913,false,Photo: The Bear via Google Maps,google-maps-contributor,https://lh3.googleusercontent.com/gps-cs-s/AHRPTWkJwJH-53mcweGeq62Q3--TuIKWY0n3f7QiyBANT9clKpiuRkN70cVsRLbWv4Y0onFuywVn5Erzu5FqyqTGzoE_OngLspzVeP5rx122j0a4SIktKB0fCL5NbO60FYxNKdcAiPSh_HGvvKY=s2048,https://www.google.com/maps?cid=17736497042587631393
tokyo-havana1950,HAVANA1950,alt-1,tokyo/photos/tokyo-havana1950/alt-1.webp,1600,1600,square,space-interior,place,retro|counter-seating|design,tokiYo from Tokyo,https://maps.google.com/maps/contrib/116238075054550374331,false,Photo: tokiYo from Tokyo via Google Maps,google-maps-contributor,https://lh3.googleusercontent.com/gps-cs-s/AHRPTWkBZCcAPIa8F83aCACCELEZPn4CEo-IUQMVYUIf50eBCEyIsnNY6hsU3BtNbeGTikt02x56g_-k4vmMgVyvcj0NVY06suqRD5zF_hpbt6gFBQ5fLz8uXGc0eRSDRP2fk7kidCY=s2048,https://www.google.com/maps?cid=17736497042587631393
tokyo-havana1950,HAVANA1950,alt-2,tokyo/photos/tokyo-havana1950/alt-2.webp,1108,1477,portrait,drink,place,lively,HAVANA 1950 (ハバナ•イチキュウゴーゼロ),https://maps.google.com/maps/contrib/109729329214182246695,false,Photo: HAVANA 1950 (ハバナ•イチキュウゴーゼロ) via Google Maps,google-maps-contributor,https://lh3.googleusercontent.com/gps-cs-s/AHRPTWlAt10Atu-wCmmUYk5oWlMVXjJmYkV_D362i0YkA9qlvYR3SjYxN-XS3Ufb_A3wyrvq3XEGMBonIga_qYxMpaadKWSl3lpWVejQ7nIlT3RaLwlt_NZG8AZ8Udo7hqzaC8nOU85PjT7XXtk=s2048,https://www.google.com/maps?cid=17736497042587631393
tokyo-havana1950,HAVANA1950,alt-3,tokyo/photos/tokyo-havana1950/alt-3.webp,1600,1065,landscape,food,place,bright,HAVANA 1950 (ハバナ•イチキュウゴーゼロ),https://maps.google.com/maps/contrib/109729329214182246695,false,Photo: HAVANA 1950 (ハバナ•イチキュウゴーゼロ) via Google Maps,google-maps-contributor,https://lh3.googleusercontent.com/gps-cs-s/AHRPTWmd88dFjG7ut0-1PIakfRBmFtsCDt-h_--YWhFBU4YUhWYgdZP5YzesYnIRsNLUCRmbl8_KFuhVy9GzMsQxxtovmwL9qF8z32h9uK9v72riQG-hAaCqhbCW8wJKinW0UvzTKeZ0Zx5dx2G6=s2048,https://www.google.com/maps?cid=17736497042587631393
tokyo-higashi-hongan-ji,Higashi Hongan-ji,hero,tokyo/photos/tokyo-higashi-hongan-ji/hero.webp,1600,1200,landscape,space-exterior,place,daytime|street,Victor Perez,https://maps.google.com/maps/contrib/116609235385607228650,false,Photo: Victor Perez via Google Maps,google-maps-contributor,https://lh3.googleusercontent.com/gps-cs-s/AHRPTWnkoIguAfqFeG9nhqLHHJ3--vTkMzrGds8azvT7iFKi76vdQ_OaEZ_i_VIYco5a7-tT0ZXhkOJ_PzhDFl-ckiyTKOecfpim9cgsGGqqeQoI8FAZNp0cG_7kQwZYGJto60WGRdhPQyfiRG4A=s2048,https://www.google.com/maps?cid=3325836197225526332
tokyo-higashi-hongan-ji,Higashi Hongan-ji,alt-1,tokyo/photos/tokyo-higashi-hongan-ji/alt-1.webp,1600,1205,landscape,space-interior,place,serene,石川利彦,https://maps.google.com/maps/contrib/105733072121173818410,false,Photo: 石川利彦 via Google Maps,google-maps-contributor,https://lh3.googleusercontent.com/gps-cs-s/AHRPTWmw0NyOKJDH28l7Ta3CObqoagD2WM9yZ0HVUDO5G_1YVwJ_hjOYYBzeBto8PCix5cOVwLfmqe6SEfsW9-SOSLwFZRdysfGGVJrKV9UWkirluDOYG4xzmjVYJVRR5Xr2SLbP4-i_qY_XIOwj=s2048,https://www.google.com/maps?cid=3325836197225526332
tokyo-high-five,High Five,hero,tokyo/photos/tokyo-high-five/hero.webp,1600,1200,landscape,space-interior,place,counter-seating|cozy|intimate,BAR HIGH FIVE,https://maps.google.com/maps/contrib/103456156612975574092,false,Photo: BAR HIGH FIVE via Google Maps,google-maps-contributor,https://lh3.googleusercontent.com/gps-cs-s/AHRPTWlK3XrAa2VjeTTT8GJaXXC2A2fnZRwZOnrpN0WvF6vk3Hv1-OnCBQx6tL4yjdQXxkWMCkZRp7QJcF9N39ntSfnjuzI-2vIvOUWwJzeoVEDZEvt-6LryAiCX6dnfPC0thzQNgtf1=s2048,https://www.google.com/maps?cid=8408645250618919136
tokyo-high-five,High Five,alt-1,tokyo/photos/tokyo-high-five/alt-1.webp,1205,1600,portrait,drink,place,moody|counter-seating,Yao Wong,https://maps.google.com/maps/contrib/103449363440725061249,false,Photo: Yao Wong via Google Maps,google-maps-contributor,https://lh3.googleusercontent.com/gps-cs-s/AHRPTWlu7yOXerz1DVjNUQTH0gUivXohZ1f0ZIgrP07xjgJlBMZEmxBg62Wn95SUZ121G0bxPZGTzl8r_l2WbdM4PH37JpgJx-WIhA8xKaYB22IH0sZKcwn-IM_w8EFJY7a6kgCVOTqKO2GyNeg=s2048,https://www.google.com/maps?cid=8408645250618919136
tokyo-high-five,High Five,alt-2,tokyo/photos/tokyo-high-five/alt-2.webp,1200,1600,portrait,drink,place,moody|intimate,David Elena,https://maps.google.com/maps/contrib/105459772746199595504,false,Photo: David Elena via Google Maps,google-maps-contributor,https://lh3.googleusercontent.com/gps-cs-s/AHRPTWmw1nwl8BhBzjrfD8cCzT696JiAD8sj-OhWlu29c358XzEzxTGxTfSh-dlSSh8xZR6ey3ISIgHLjQQ7E7rLNyhQu6Sp0DmaH0D6cJP2kRuQdpUuXaAx5qk5IZ0XT5YPs77v8cao3Qv9mOn3=s2048,https://www.google.com/maps?cid=8408645250618919136
tokyo-high-five,High Five,alt-3,tokyo/photos/tokyo-high-five/alt-3.webp,1600,1200,landscape,drink,place,intimate|moody,PlayerC,https://maps.google.com/maps/contrib/104683498655689721575,false,Photo: PlayerC via Google Maps,google-maps-contributor,https://lh3.googleusercontent.com/gps-cs-s/AHRPTWlUoGRJg-B59KL9TB7nsH5lghagoo3nYhcpVJSPsmuetNPpJlQ8CnVI-qbIIbjWQ2a7IQ3z0qZcHOkC9ltfUpIlBTLuFw6QUXj_Gg_wDhBDTUMe4oYkEHyUM9qf4cZmWL3r484_UQXDeWY=s2048,https://www.google.com/maps?cid=8408645250618919136
tokyo-hijiri-bashi-bridge,Hijiri-bashi Bridge,hero,tokyo/photos/tokyo-hijiri-bashi-bridge/hero.webp,1600,1200,landscape,view,place,daytime|green|waterfront,黄信維（コウ）,https://maps.google.com/maps/contrib/104254887370611251902,false,Photo: 黄信維（コウ） via Google Maps,google-maps-contributor,https://lh3.googleusercontent.com/gps-cs-s/AHRPTWniSwL16wSQ6kI8glizaX0-GBs4y1bKGhF5V79ROHWdZBOw23UYrdn8UXh7INlOJgRMCAVnxL0VEcihsPzLCshHKKpEyHAPgfHcxe62a3umydcgvugJ89qYhpDsgfjapin3O2uz1A=s2048,https://www.google.com/maps?cid=17902067192321843275
tokyo-hijiri-bashi-bridge,Hijiri-bashi Bridge,alt-1,tokyo/photos/tokyo-hijiri-bashi-bridge/alt-1.webp,1600,1200,landscape,space-exterior,place,daytime|waterfront,栞のテーマ,https://maps.google.com/maps/contrib/116180607944816982410,false,Photo: 栞のテーマ via Google Maps,google-maps-contributor,https://lh3.googleusercontent.com/gps-cs-s/AHRPTWmZMWnyfVdcpKIHswZlNXSdjcaRe9-IfR_cuPWJ05akzJWpxPfJMFtcrAiCnWINM6XqYQLNjDmRBvYJ--MB9R4vXijMUo_gYQsBpEmZiTZvK20EO0fXQ7a-qW2qb-LFVShYnvN3=s2048,https://www.google.com/maps?cid=17902067192321843275
tokyo-hijiri-bashi-bridge,Hijiri-bashi Bridge,alt-2,tokyo/photos/tokyo-hijiri-bashi-bridge/alt-2.webp,1600,1201,landscape,view,place,street|bright,カメレオンマン,https://maps.google.com/maps/contrib/103007638873893186244,false,Photo: カメレオンマン via Google Maps,google-maps-contributor,https://lh3.googleusercontent.com/gps-cs-s/AHRPTWkEPBLZZGnYvW9X0diwjIRHx6ZLBJRJKdJvgmQN1WCcHSAH3SKDDcl5j_87gY3Fzj-WPlxpPFGcaKxwkStGjeFFFDB_C2Z3xNmMjQNDH9GpHEqBHPcV55xa4pXEtwhd2Lgdn1GF5A=s2048,https://www.google.com/maps?cid=17902067192321843275
tokyo-hijiri-bashi-bridge,Hijiri-bashi Bridge,alt-3,tokyo/photos/tokyo-hijiri-bashi-bridge/alt-3.webp,1600,900,landscape,view,place,skyline|daytime,William,https://maps.google.com/maps/contrib/102458793273390108651,false,Photo: William via Google Maps,google-maps-contributor,https://lh3.googleusercontent.com/gps-cs-s/AHRPTWkIQUNkPAUtBY3no2NoGshtAa_HOI3yObCnIJqUMLyrDKthA3ScoEeVeZD2unyUzTuQ5RjGHVJS_emN9fnFnhaw-llj3qf68jvsFVk47HEcpK6JhrNwhzWQoC2mBguX60tEb1D2Tz5mx00=s2048,https://www.google.com/maps?cid=17902067192321843275
tokyo-hikawa-gorge,Hikawa Gorge,hero,tokyo/photos/tokyo-hikawa-gorge/hero.webp,1600,900,landscape,nature,place,green|daytime|serene,ノブ,https://maps.google.com/maps/contrib/117379316176323404025,false,Photo: ノブ via Google Maps,google-maps-contributor,https://lh3.googleusercontent.com/gps-cs-s/AHRPTWlrihGghihSAlOdCWnSU-9CxTE0ia5BnvTNTZhwDsR49cyiOS-AAh2CcKMLGvakMDlNvTtpdRdT9b6Eto2bzK2yu6JQqVRPM9lqONh8qLeLJh8OpP3ChTW_myxM2i95ggPFUog9pw=s2048,https://www.google.com/maps?cid=5971891428733358341
tokyo-hikawa-gorge,Hikawa Gorge,alt-1,tokyo/photos/tokyo-hikawa-gorge/alt-1.webp,1600,1200,landscape,nature,place,green|daytime,_ Kind,https://maps.google.com/maps/contrib/113541185673646451238,false,Photo: _ Kind via Google Maps,google-maps-contributor,https://lh3.googleusercontent.com/gps-cs-s/AHRPTWl9hSL9t6D0dLLxqGIvLKBIRP0qLgG80EEhjDODvbGS1MjGJhLr-mRukJEMrTVAayinvsPxyenUc8Aywy9oesgVmJnFEPyOG2AmZUT3n-6fiZj-iqdngozx2J3I3HZrNjPDf-sIG21X0tE=s2048,https://www.google.com/maps?cid=5971891428733358341
tokyo-hikawa-gorge,Hikawa Gorge,alt-2,tokyo/photos/tokyo-hikawa-gorge/alt-2.webp,1600,1200,landscape,nature,place,serene|green,Dino Lin,https://maps.google.com/maps/contrib/114495166808820085336,false,Photo: Dino Lin via Google Maps,google-maps-contributor,https://lh3.googleusercontent.com/gps-cs-s/AHRPTWlrmYMNK06-gOfGDAct5SKTGUUyQvfI-o_efvDJS9Ef121LmMbO0Cyj55eTopgNg5NLjsWpB_pIJyBsruIZ9BEsm8a6gSWq-FEU12vQIcuodky0yjJ_zJw5kd_870nQMbaIFu0qQJm9I1oJ=s2048,https://www.google.com/maps?cid=5971891428733358341
tokyo-hikawa-gorge,Hikawa Gorge,alt-3,tokyo/photos/tokyo-hikawa-gorge/alt-3.webp,1017,1600,portrait,nature,place,serene|daytime,Major Ursa,https://maps.google.com/maps/contrib/112280986019568875836,false,Photo: Major Ursa via Google Maps,google-maps-contributor,https://lh3.googleusercontent.com/gps-cs-s/AHRPTWnm9TWq98GMi4iNFDyOEhgn8MXT_M414PTLlQdxdVjxsh1jWGOtGyIfkGThkNQmX7EGUrbMAhexWRroZdxZpakPmQdwHQf2erO_3_hM8-J6hr_XnLME_gdHBXExQoKde_uLYdM=s2048,https://www.google.com/maps?cid=5971891428733358341
tokyo-hikiniku-to-kome-shibuya,Hikiniku to Kome (Shibuya),hero,tokyo/photos/tokyo-hikiniku-to-kome-shibuya/hero.webp,1600,1200,landscape,space-interior,place,counter-seating|design|bright,かずかず,https://maps.google.com/maps/contrib/107506744181506233200,false,Photo: かずかず via Google Maps,google-maps-contributor,https://lh3.googleusercontent.com/gps-cs-s/ANWiy9SUoEnZWJXIoGRbl1c5w6P6WRDrbmTfNL1ONWGkEN719figjMy9y-jnv6-XFrswlIifBIAGM0kYjp5LzoRQ7P04LRDzh6UE3DsNjfR0TqUHNoW65ioBPjgI9ZjkC4d975CjvK3jaiqP6qpL=s2048,https://www.google.com/maps?cid=17184128562937308401
tokyo-hikiniku-to-kome-shibuya,Hikiniku to Kome (Shibuya),alt-1,tokyo/photos/tokyo-hikiniku-to-kome-shibuya/alt-1.webp,1600,1067,landscape,food,place,minimal|cozy,挽肉と米 渋谷,https://maps.google.com/maps/contrib/106228427104910709499,false,Photo: 挽肉と米 渋谷 via Google Maps,google-maps-contributor,https://lh3.googleusercontent.com/gps-cs-s/ANWiy9TSKwjxoX65sKWNqGzrx3heqCllEblp2GkJZxHTKidofpGjXEQ-UxsW48XJwkyEggrQemvTD67jan2cnZJVFeBt69KwRmLfXTgjxsJDzMOxPUiijXgUbwrhOaHp1LorHhj6RuvhYjF8dBZp=s2048,https://www.google.com/maps?cid=17184128562937308401
tokyo-hikiniku-to-kome-shibuya,Hikiniku to Kome (Shibuya),alt-2,tokyo/photos/tokyo-hikiniku-to-kome-shibuya/alt-2.webp,1600,1200,landscape,activity,place,lively|counter-seating,Briana Moore,https://maps.google.com/maps/contrib/116146186936554780768,false,Photo: Briana Moore via Google Maps,google-maps-contributor,https://lh3.googleusercontent.com/gps-cs-s/ANWiy9T-jYQUu1yWaoIsF6GG3AGShkqR2yWvcrUoFblnWzluIKzYFlKq95YmJP65RXNPWELTbLjc8ffWVrE2wATSb3ZZ4bbVZvldMisIV2EY2uUpYRA6BCVTpKgw1tVrOYRnTBN8lVlBs4COH5g=s2048,https://www.google.com/maps?cid=17184128562937308401
tokyo-hikiniku-to-kome-shibuya,Hikiniku to Kome (Shibuya),alt-3,tokyo/photos/tokyo-hikiniku-to-kome-shibuya/alt-3.webp,1179,1278,square,detail,place,moody,椎茸の原木,https://maps.google.com/maps/contrib/103299704709703074628,false,Photo: 椎茸の原木 via Google Maps,google-maps-contributor,https://lh3.googleusercontent.com/gps-cs-s/ANWiy9TMUVWUoIXxaE_AMZNDNvNIDwuroIkEL0N_FACcUzJCNgkS1Ycvqno3b9FARy_GLmLK-Xp6mRKBSm1gpmimZXTJd7yH2azofEb4ksEjmZ8imPDnrIUuZUDQjLE7JEKt5xWKAJ8S5-fcw9xE=s2048,https://www.google.com/maps?cid=17184128562937308401
tokyo-hotel-gajoen-tokyo,Hotel Gajoen Tokyo,hero,tokyo/photos/tokyo-hotel-gajoen-tokyo/hero.webp,1600,1470,square,space-interior,place,design|moody,Gajoen Tokyo,https://maps.google.com/maps/contrib/104444700411573921198,true,Photo: Gajoen Tokyo via Google Maps,google-maps-contributor,https://lh3.googleusercontent.com/gps-cs-s/AHRPTWlPDG0siKsSry_DJfy24LPHKocRGWhRnCCItAaGYB05UeVU-7qwQiNaCysj4pMH3oixJoGh9nXa-poLk9sk8huFQ5xNKZEr-ssCaNH9sMbfguUXcUl96dD3277t05Ri_w8SRFYlnOo4oJ0=s2048,https://www.google.com/maps?cid=3420185787641866716
tokyo-hotel-gajoen-tokyo,Hotel Gajoen Tokyo,alt-1,tokyo/photos/tokyo-hotel-gajoen-tokyo/alt-1.webp,1600,1200,landscape,art,place,garden|design|daytime,Kevin Jade Kim,https://maps.google.com/maps/contrib/107134227016569840348,false,Photo: Kevin Jade Kim via Google Maps,google-maps-contributor,https://lh3.googleusercontent.com/gps-cs-s/AHRPTWnLKrqhFIy-s18_Zws6gOcpevLFcCKhwBQSC2VZe4StkHQ-Ix2GYXPtmifTl_OF1DcthpvADA3j4LxnN00L6NhxtbVHwcbqKa34MG_MMEPw213SUwKvHPke4JHwgOfke1TLj9zOWA=s2048,https://www.google.com/maps?cid=3420185787641866716
tokyo-hotel-gajoen-tokyo,Hotel Gajoen Tokyo,alt-2,tokyo/photos/tokyo-hotel-gajoen-tokyo/alt-2.webp,1600,1066,landscape,space-interior,place,design|cozy,Gajoen Tokyo,https://maps.google.com/maps/contrib/104444700411573921198,true,Photo: Gajoen Tokyo via Google Maps,google-maps-contributor,https://lh3.googleusercontent.com/gps-cs-s/AHRPTWkdPVUbWF8-pgwgQ1HRLj0051ZjFWetNE7_lVRZIHO9a1I16UYtr20zlQ6XF59WYxTmylQL2wIRNJ1LrUv0RfD9w4508Z8ZWRuJqxsDw-NJLQ4uz5CgNikx3dRgjkg6PSYeksYO=s2048,https://www.google.com/maps?cid=3420185787641866716
tokyo-hotel-gajoen-tokyo,Hotel Gajoen Tokyo,alt-3,tokyo/photos/tokyo-hotel-gajoen-tokyo/alt-3.webp,1600,1066,landscape,space-interior,place,bright|minimal,Gajoen Tokyo,https://maps.google.com/maps/contrib/104444700411573921198,true,Photo: Gajoen Tokyo via Google Maps,google-maps-contributor,https://lh3.googleusercontent.com/gps-cs-s/AHRPTWmht5WdM94xW_3CgY7stLssd_DwigxZPHhQV9TKFJJxZG4PQiyRzrVta_YdBFzxWCSNYwoUC3IENXeijXDQqX_vVgB_Ezs4Ro8Vz4H72G7zUB084pPDQae2PmOKs6xkFwNzzf9-o0eS_lrx=s2048,https://www.google.com/maps?cid=3420185787641866716
tokyo-hypermix,HYPERMIX門前仲町,hero,tokyo/photos/tokyo-hypermix/hero.webp,1600,900,landscape,space-exterior,place,daytime|design|street,HYPERMIX門前仲町,https://maps.google.com/maps/contrib/117868961942050524612,false,Photo: HYPERMIX門前仲町 via Google Maps,google-maps-contributor,https://lh3.googleusercontent.com/gps-cs-s/AHRPTWmXGzDp6fmMvLBBYWYKRhCEHtRkiE9VBXfITstHHCc-UDoMozUe2AaTv4Zi3o3KIkCGUBvQWEZMhOnusWW28ThpW9aNL1skxb1hl7zo-L6G9qnSsO1l9eupKSeF89XRJnPHZ3YroA=s2048,https://www.google.com/maps?cid=5225785056258029638
tokyo-hypermix,HYPERMIX門前仲町,alt-1,tokyo/photos/tokyo-hypermix/alt-1.webp,1600,900,landscape,space-interior,place,minimal|bright|design,HYPERMIX門前仲町,https://maps.google.com/maps/contrib/117868961942050524612,false,Photo: HYPERMIX門前仲町 via Google Maps,google-maps-contributor,https://lh3.googleusercontent.com/gps-cs-s/AHRPTWkV4k0b6f9T-J72jQv-3tJvNmJagT8LCYxYPCLoQtGzGOeARdpPQ3AWC2fthntNOZDTyy45_vK12xksd1FXu5RWB9QNT8aBgLv4l1UDP_ni5WEeqiu8SrYyUNv93b9e4jP5NppL=s2048,https://www.google.com/maps?cid=5225785056258029638
tokyo-hypermix,HYPERMIX門前仲町,alt-2,tokyo/photos/tokyo-hypermix/alt-2.webp,1600,900,landscape,space-exterior,place,street|daytime,HYPERMIX門前仲町,https://maps.google.com/maps/contrib/117868961942050524612,false,Photo: HYPERMIX門前仲町 via Google Maps,google-maps-contributor,https://lh3.googleusercontent.com/gps-cs-s/AHRPTWkJxW_HRGyGHN3Mx02TMm9FGf3raiwGKYAYprmEcx0Uf-fFUbqcddu8pI83iLrMqRDQxY56KDZ_BnXtedGxV_McPGYvCpXNrr6Fj7pjNqJZj9G7EMZFOHc9a3_m7pwiUJAk4mdT=s2048,https://www.google.com/maps?cid=5225785056258029638
tokyo-hypermix,HYPERMIX門前仲町,alt-3,tokyo/photos/tokyo-hypermix/alt-3.webp,1600,900,landscape,space-exterior,place,design|daytime,HYPERMIX門前仲町,https://maps.google.com/maps/contrib/117868961942050524612,false,Photo: HYPERMIX門前仲町 via Google Maps,google-maps-contributor,https://lh3.googleusercontent.com/gps-cs-s/AHRPTWlIShyb3cTmzIZ9QSWx1n6imIUuLFQ1_EpdudgtutMgBbhRm7VKQkcWo5UNRA_tpq4fusoLN7CLhU4kgadqEiL8kG-P_j-h98FOQxKvHHDY1aNm9lDK-02y3tAY12OgpDLsdKtA=s2048,https://www.google.com/maps?cid=5225785056258029638
tokyo-imakatsu-roppongi,Imakatsu Roppongi,hero,tokyo/photos/tokyo-imakatsu-roppongi/hero.webp,1600,1200,landscape,food,place,cozy,GYEONGWON PARK,https://maps.google.com/maps/contrib/105896475320113535911,false,Photo: GYEONGWON PARK via Google Maps,google-maps-contributor,https://lh3.googleusercontent.com/gps-cs-s/AHRPTWlNKdi4hhtUHwq2OfAj2Ma4Z0hvqfpG5p6qLtebbF7rzFKNwcQyPAJ84tbHw10sxW-PHzDgadTNBeDg82kqRBd30XMUmgFyRMShpiCufngBJxBYhIG9pl_2JCB181JM-V9686zoiiHjv92o=s2048,https://www.google.com/maps?cid=13856104743538324123
tokyo-imakatsu-roppongi,Imakatsu Roppongi,alt-1,tokyo/photos/tokyo-imakatsu-roppongi/alt-1.webp,1600,1200,landscape,space-exterior,place,night|street|retro,강호윤 (woowaw),https://maps.google.com/maps/contrib/111395084408218666342,false,Photo: 강호윤 (woowaw) via Google Maps,google-maps-contributor,https://lh3.googleusercontent.com/gps-cs-s/AHRPTWnJLQdrZOiOYeJB2rnVc7nHZNcMkWLWpfHLA_XdzEs19AM3CCJXWWdwQXpL6yUBwbNedfl3b-in9i8IWyg-bzwajK_kKxQwcYW1MsyF0W_bDIFGas2t-DNlNX_y1JbRUI6yGZYxPwa2ZNk=s2048,https://www.google.com/maps?cid=13856104743538324123
tokyo-imakatsu-roppongi,Imakatsu Roppongi,alt-2,tokyo/photos/tokyo-imakatsu-roppongi/alt-2.webp,1600,1200,landscape,food,place,cozy,のらくろ,https://maps.google.com/maps/contrib/104932227329188288309,false,Photo: のらくろ via Google Maps,google-maps-contributor,https://lh3.googleusercontent.com/gps-cs-s/AHRPTWmm10hqrHl2GfO-o99TlzmgxvWv5mVmlZT4B0IGpH6AUvq0lT6c17yhHOjt8KlPfzg5sDv5EvbKEyF6NiW7onxte3_sCYpIjwLxHhCYUIlQqUk8lP3Ikz6iE984VZfAxGg1Ke3PcPoE2esn=s2048,https://www.google.com/maps?cid=13856104743538324123
tokyo-imakatsu-roppongi,Imakatsu Roppongi,alt-3,tokyo/photos/tokyo-imakatsu-roppongi/alt-3.webp,1600,1200,landscape,food,place,bright,のらくろ,https://maps.google.com/maps/contrib/104932227329188288309,false,Photo: のらくろ via Google Maps,google-maps-contributor,https://lh3.googleusercontent.com/gps-cs-s/AHRPTWnQOo9nF5nR1BX3WCibSC1wEv8tI6l4D0U61gAqE3Kma9LJ8_hIK0ZdzSw_cJbizRdmMzVdgPkk2M-sJzwWj6-JES61_7zlGXaYo9qt8wAqacgrEPer0ADqSjDCEW7w5dBLBEAUE_3wSKbf=s2048,https://www.google.com/maps?cid=13856104743538324123
tokyo-inc-cocktails,INC cocktails,hero,tokyo/photos/tokyo-inc-cocktails/hero.webp,1600,1066,landscape,space-interior,place,moody|counter-seating|intimate,INC cocktails,https://maps.google.com/maps/contrib/105513788979471206784,true,Photo: INC cocktails via Google Maps,google-maps-contributor,https://lh3.googleusercontent.com/gps-cs-s/AHRPTWlhfNnFHixbMhQZ0DkKiFWNE80I_k-bIg8R4-V-BqPTK-3MvXWPcVRgk3LH4QtQaSx_7o-LYvh-0AeLsLEr3FK1Wc1f6Hc5snWoQEDsiAFV72G013VCHY2STrG9bLcWSnBT5xh2=s2048,https://www.google.com/maps?cid=10317161452237441787
tokyo-inc-cocktails,INC cocktails,alt-1,tokyo/photos/tokyo-inc-cocktails/alt-1.webp,1600,1600,square,activity,place,moody|night,INC cocktails,https://maps.google.com/maps/contrib/105513788979471206784,true,Photo: INC cocktails via Google Maps,google-maps-contributor,https://lh3.googleusercontent.com/gps-cs-s/AHRPTWn70GGrUHps96ujSNf4uzdBlENg__6yT3yCemWDivTxsc46xDoQtJANrEhjuIyHEyaSK4hl0QePmkNsLNE3ZyAV-Tbv10Qi5U7KAsL7WD2Q-MSk1a9CaKeSKGGjOc5HX_IqSyCD=s2048,https://www.google.com/maps?cid=10317161452237441787
tokyo-inc-cocktails,INC cocktails,alt-2,tokyo/photos/tokyo-inc-cocktails/alt-2.webp,1280,1600,portrait,drink,place,moody|minimal,INC cocktails,https://maps.google.com/maps/contrib/105513788979471206784,true,Photo: INC cocktails via Google Maps,google-maps-contributor,https://lh3.googleusercontent.com/gps-cs-s/AHRPTWmk9ailMkKXVjVZfvMqQfiWp48-4E5vnj2TmhK_KQ9DHgbh-M9l8mN4z4r7Cfq-9QMErYGTk5ecpg2vrltshD13Ao8GArDT_mvgtHNzz9YIVA3Fejru4VEXN2ji56IUe46HnOnhVWsCqhQ=s2048,https://www.google.com/maps?cid=10317161452237441787
tokyo-inc-cocktails,INC cocktails,alt-3,tokyo/photos/tokyo-inc-cocktails/alt-3.webp,1200,1600,portrait,detail,place,moody|retro,Moritz Sohn,https://maps.google.com/maps/contrib/108626506547954950400,false,Photo: Moritz Sohn via Google Maps,google-maps-contributor,https://lh3.googleusercontent.com/gps-cs-s/AHRPTWmQGiRKw1YkyC10hoC5E7mGEHffkOkwdX0Wjj5fILUzVk-xv4wE22m9fYbv1tl7xfEszouLrga7TqGnYQ7Xm38kGVxyW-2mhL7nXfhFH0l3mNniMhFJrgRkhcVJ8EIs5slb6uDQ21T_ZmOj=s2048,https://www.google.com/maps?cid=10317161452237441787
tokyo-izakaya-soreyuke-tori-yaro-kinshicho-branch,Izakaya Soreyuke! Tori Yaro! Kinshicho Branch,hero,tokyo/photos/tokyo-izakaya-soreyuke-tori-yaro-kinshicho-branch/hero.webp,1600,1200,landscape,space-interior,place,lively|retro,HIRO O,https://maps.google.com/maps/contrib/100834761053975579620,false,Photo: HIRO O via Google Maps,google-maps-contributor,https://lh3.googleusercontent.com/grass-cs/ACvplmMcL3pI-xM5HLX2v9AnNXeuZRtPidsOBg5Fj4C5lZI4kK4QML52vrGQkWAXb1y60hGt1IJoVV-Daf6o_OEmoMExg--HdUEAZ505SHw8lgBpoapC6jwrdsdYjJZ-RMTrrqnCgNapxQ=s2048,https://www.google.com/maps?cid=15387929330679597955
tokyo-izakaya-soreyuke-tori-yaro-kinshicho-branch,Izakaya Soreyuke! Tori Yaro! Kinshicho Branch,alt-1,tokyo/photos/tokyo-izakaya-soreyuke-tori-yaro-kinshicho-branch/alt-1.webp,1600,1066,landscape,food,place,bright,居酒屋それゆけ！鶏ヤロー！錦糸町店,https://maps.google.com/maps/contrib/105418388625734595843,false,Photo: 居酒屋それゆけ！鶏ヤロー！錦糸町店 via Google Maps,google-maps-contributor,https://lh3.googleusercontent.com/gps-cs-s/ANWiy9RjaL7Gb10qYfFosSr4du5uo3vb_LdCa98_Y8d0twQcyCX4AvITo4OY1VjRIcSE8ZBpiXLP-naiQPUSqxD78EFARljxrngA4QYxzco9ZLTT_xRIsVE90SXIvHIccp7beB5-wznLb4XI5lgT=s2048,https://www.google.com/maps?cid=15387929330679597955
tokyo-izakaya-soreyuke-tori-yaro-kinshicho-branch,Izakaya Soreyuke! Tori Yaro! Kinshicho Branch,alt-2,tokyo/photos/tokyo-izakaya-soreyuke-tori-yaro-kinshicho-branch/alt-2.webp,1600,1066,landscape,food,place,bright,居酒屋それゆけ！鶏ヤロー！錦糸町店,https://maps.google.com/maps/contrib/105418388625734595843,false,Photo: 居酒屋それゆけ！鶏ヤロー！錦糸町店 via Google Maps,google-maps-contributor,https://lh3.googleusercontent.com/gps-cs-s/ANWiy9SZtbHoO-gH7YJdtTYdamNyQvSVR9U7J1DgSVorH9Nvi0zggcy5tZ1iSurm0vn0vLOZtsKwe8f5_A9JCvr398W0trbH_3RQ5OEtsBp6pg4BKamWT25QsR6xvjSGs7744wajqFWrK8Ac1RQ=s2048,https://www.google.com/maps?cid=15387929330679597955
tokyo-izakaya-soreyuke-tori-yaro-kinshicho-branch,Izakaya Soreyuke! Tori Yaro! Kinshicho Branch,alt-3,tokyo/photos/tokyo-izakaya-soreyuke-tori-yaro-kinshicho-branch/alt-3.webp,1600,1066,landscape,food,place,bright,居酒屋それゆけ！鶏ヤロー！錦糸町店,https://maps.google.com/maps/contrib/105418388625734595843,false,Photo: 居酒屋それゆけ！鶏ヤロー！錦糸町店 via Google Maps,google-maps-contributor,https://lh3.googleusercontent.com/gps-cs-s/ANWiy9QAt8TnJMxEs6-rDnrpaYBWRe6eaH6jxwj2Iri5eAwZCyAm5yGwOQBOpoJs1cyJhBMnkUTsh8tKeUmbr6DoURNk4OCW6UBeHz_vr2dboHMAxZxqWA-P-bQvdPfUi_Q98N31N5Os8lNx6o6E=s2048,https://www.google.com/maps?cid=15387929330679597955
tokyo-jackroad,Jackroad,hero,tokyo/photos/tokyo-jackroad/hero.webp,1600,1068,landscape,space-interior,place,design|bright,ジャックロード,https://maps.google.com/maps/contrib/117505395357013535954,false,Photo: ジャックロード via Google Maps,google-maps-contributor,https://lh3.googleusercontent.com/gps-cs-s/AHRPTWmxteYF7W__Bpxan1hSuP0gOw_q3ElzKRDMZPnD0yrSvGKdwOmFE43hrVaCcdwSoWs2KsildDIDA1LFVOl4HoirhscImWnu33C-vVMMUX_0YsTWhZAPDwY8fgz7IwgJM8DIIC5FGe_OvTkS=s2048,https://www.google.com/maps?cid=3114436622809532807
tokyo-jackroad,Jackroad,alt-1,tokyo/photos/tokyo-jackroad/alt-1.webp,1600,1200,landscape,space-exterior,place,bright|design,Loki,https://maps.google.com/maps/contrib/101511042615871459595,false,Photo: Loki via Google Maps,google-maps-contributor,https://lh3.googleusercontent.com/grass-cs/ACvplmOVQF-1GlsTOGjZhqGn1PCMIwpFtxOzbVAH3Gtp6Zrc1PP5WkQPWoWhdy6pMKgzCSA6CsUPVeDlQCTPgRYkEhZ3DrWSObLO5syQSYJDLueitT8QIqIi6IpJ6vF-eygQd9M7sY8_lKWVzVr3=s2048,https://www.google.com/maps?cid=3114436622809532807
tokyo-jackroad,Jackroad,alt-2,tokyo/photos/tokyo-jackroad/alt-2.webp,1600,1200,landscape,detail,place,retro,ジャックロード,https://maps.google.com/maps/contrib/117505395357013535954,false,Photo: ジャックロード via Google Maps,google-maps-contributor,https://lh3.googleusercontent.com/gps-cs-s/AHRPTWlxFQg-HgqACpCSbNGjGMIigx6S_WnU_4idpZWEeMH3xuG02Iyvgg1bIeEZt5gQY0cKGYutHFhcA0t4RVySpK8bbesTyYbe7AdQ8EZ2vOHwEfoJszwwRry1KayctufWR5O1qUDH5r-Xh4o=s2048,https://www.google.com/maps?cid=3114436622809532807
tokyo-jambo-hanare,Jambo Hanare,hero,tokyo/photos/tokyo-jambo-hanare/hero.webp,1600,1205,landscape,food,place,moody|intimate,Jasper Chong,https://maps.google.com/maps/contrib/103804372596953822854,false,Photo: Jasper Chong via Google Maps,google-maps-contributor,https://lh3.googleusercontent.com/gps-cs-s/AHRPTWkQqtm7Un-6kgK9p541rdNsoTp4hz-o41gAb9iWn9zwuvLHQeLslw_u0GmmtFvAomLQCSLthxY6QxEm_pCt7FM402IDwkNCbqXWhio5uhq4WHr4BTxSB5hu_GkSX8eFktWEBExGo8jD2IkZ=s2048,https://www.google.com/maps?cid=17595546644543129599
tokyo-jambo-hanare,Jambo Hanare,alt-1,tokyo/photos/tokyo-jambo-hanare/alt-1.webp,1600,900,landscape,activity,place,cozy,Masatoshi Nioka,https://maps.google.com/maps/contrib/118398319868301191095,false,Photo: Masatoshi Nioka via Google Maps,google-maps-contributor,https://lh3.googleusercontent.com/gps-cs-s/AHRPTWkzYj-rv89eNd6dyc4l_znj_F1e0lNDcoWjxTKg7FcH7BGxrT7v2eHIq38qSz_NlVQ4MV_FNRCxEgLBgVUg9IwCHlB5nEFblGnf7ICCU_Em1NoOY10chWEKwsTdh5ECdzU-6K-0=s2048,https://www.google.com/maps?cid=17595546644543129599
tokyo-jambo-hanare,Jambo Hanare,alt-2,tokyo/photos/tokyo-jambo-hanare/alt-2.webp,1600,1473,square,food,place,moody,食べることが好きな人,https://maps.google.com/maps/contrib/117784654706228712707,false,Photo: 食べることが好きな人 via Google Maps,google-maps-contributor,https://lh3.googleusercontent.com/gps-cs-s/AHRPTWmyqsKn0wXs-2vTXpivwP7Jk3l2XrmcppLnIIg0CHODR7ld5pBBJz2r9Vp4nY9cXeYzJAZPHnZqhwQhYgENWmm3sopO6yrgKittol4PtTyqP46ZN-vo6-9MwEelgpThWI1zx6o9KXib1E4P=s2048,https://www.google.com/maps?cid=17595546644543129599
tokyo-jambo-hanare,Jambo Hanare,alt-3,tokyo/photos/tokyo-jambo-hanare/alt-3.webp,1600,1066,landscape,space-exterior,place,night|street|minimal,Alvin Leow,https://maps.google.com/maps/contrib/111645868226341218727,false,Photo: Alvin Leow via Google Maps,google-maps-contributor,https://lh3.googleusercontent.com/gps-cs-s/AHRPTWmIIfAEuy11lREitKCL8_4WBdB0MQP_DYeNOqweePLLMAwKVURTz3xHJ4hL0f6WSA-VgGg5mmVHP3OEscSrCzITWDOUFvH9V3OBr5cIt3Lg-gxWpIUEoxfDlKzGnUbomRzR-181t503yQiU=s2048,https://www.google.com/maps?cid=17595546644543129599
tokyo-janu-bar,Janu Bar,hero,tokyo/photos/tokyo-janu-bar/hero.webp,1600,1200,landscape,space-interior,place,design|moody|counter-seating,Janu Bar,https://maps.google.com/maps/contrib/117593400048136128877,true,Photo: Janu Bar via Google Maps,google-maps-contributor,https://lh3.googleusercontent.com/gps-cs-s/ANWiy9TjKHdwgXPYpPx6VBzFF_iFLUkSmeCPQW3B9JRwBOmj42omeieRaJA5-TM_xa5Gg_f_YzFlSvjpoVJd7XVj_wmpCtRBNbHkJ41-WZGcMIsuqy0oPX5vVlK3F4ydBPj5jFSkzONe=s2048,https://www.google.com/maps?cid=18411597749975700062
tokyo-janu-bar,Janu Bar,alt-1,tokyo/photos/tokyo-janu-bar/alt-1.webp,1200,1600,portrait,drink,place,moody|night,Janu Bar,https://maps.google.com/maps/contrib/117593400048136128877,true,Photo: Janu Bar via Google Maps,google-maps-contributor,https://lh3.googleusercontent.com/gps-cs-s/AHRPTWkILdmPFKEy_K7EK6XlxNq4cUKah9PClWS0xUHQ1FrYY-BtNIZuR4S7M8WkU20YljFU_iApHSP2wlNvdf86UI7XEA3pRti8FLrbMTw4Jd-t0yeJqATDebJWnnXkRci6IrZcCPSv_g=s2048,https://www.google.com/maps?cid=18411597749975700062
tokyo-janu-bar,Janu Bar,alt-2,tokyo/photos/tokyo-janu-bar/alt-2.webp,1600,1200,landscape,space-interior,place,night|design|lively,PAUL G,https://maps.google.com/maps/contrib/101250875204760679428,false,Photo: PAUL G via Google Maps,google-maps-contributor,https://lh3.googleusercontent.com/gps-cs-s/AHRPTWmo8uuJ335FxS-5TCev1HHN7Fvjpkfyhci_qX7VHjG40gyCEaGVkW3JvJkf4cZW2XsYqQbVAlWDHB8vH8R8LbWLdfjTuXWNBDMDT4tJiwZVvj9O14ybqsOU7m2hqCP6FdjIKuX_2uIi-9U=s2048,https://www.google.com/maps?cid=18411597749975700062
tokyo-janu-bar,Janu Bar,alt-3,tokyo/photos/tokyo-janu-bar/alt-3.webp,900,1600,portrait,view,place,skyline|night,tokiYo from Tokyo,https://maps.google.com/maps/contrib/116238075054550374331,false,Photo: tokiYo from Tokyo via Google Maps,google-maps-contributor,https://lh3.googleusercontent.com/gps-cs-s/AHRPTWmufmig_8pIifOGpsiVdicrvbUA0JfMgL0ygxj6-T0pCxFlZlFuHRwHWtczYvsNnQ535EMOzEt4zWlwoS_EMunUQm9HoL0Ouyqo5Okwess_lP6pthxu4MmT4hrhRgchjJP3d4zA8WRhktJN=s2048,https://www.google.com/maps?cid=18411597749975700062
tokyo-japan-bike-rentals,Japan Bike Rentals,hero,tokyo/photos/tokyo-japan-bike-rentals/hero.webp,1600,1200,landscape,activity,place,daytime|bright,Andrew McClellen,https://maps.google.com/maps/contrib/106636726809877809873,false,Photo: Andrew McClellen via Google Maps,google-maps-contributor,https://lh3.googleusercontent.com/gps-cs-s/AHRPTWl-RexKygBuiDffg47aSABtzr5IDwu4vG_-XOXPyjDG2t83TZVHhVf8-GRlxnbFXzFzFWTcHC5tTbBG86zWgv7IcAMqb6SYGAvvmREzhiFTePdo7lWmywaYMmUq0123PW9I4b86sw=s2048,https://www.google.com/maps?cid=4450871764397826697
tokyo-japan-bike-rentals,Japan Bike Rentals,alt-1,tokyo/photos/tokyo-japan-bike-rentals/alt-1.webp,1600,900,landscape,nature,place,green|daytime,Japan Bike Rentals,https://maps.google.com/maps/contrib/111524650281450384121,true,Photo: Japan Bike Rentals via Google Maps,google-maps-contributor,https://lh3.googleusercontent.com/grass-cs/AABkmLcPf1fbhlObto03GTq94lvxpCRXnH5cOYJMBFnAKsavWJZRwYAVJYYlg1B73A8-DrmHNV4wvdqmnes2jdJ9EPmiYNfw7IcOpcbMEQnA-GT8aNRiTbQiofg2giGwrPKLKJ5uiCb7=s2048,https://www.google.com/maps?cid=4450871764397826697
tokyo-japan-bike-rentals,Japan Bike Rentals,alt-2,tokyo/photos/tokyo-japan-bike-rentals/alt-2.webp,1600,1200,landscape,nature,place,green|serene,Jan Sarres,https://maps.google.com/maps/contrib/102156411040778225125,false,Photo: Jan Sarres via Google Maps,google-maps-contributor,https://lh3.googleusercontent.com/gps-cs-s/AHRPTWkXfWrvtIm3ERVp-TQhxY2wE2vA4CfOYnSk6EVE_ALB_23ZacLUi2DROOu_rN3K40vt9Wo4K-Tn7w4SpepojV7CH7wBhwpJynK5NKnE5aYbIv577sPll1oLpDHMhh29jChPn55H=s2048,https://www.google.com/maps?cid=4450871764397826697
tokyo-japan-bike-rentals,Japan Bike Rentals,alt-3,tokyo/photos/tokyo-japan-bike-rentals/alt-3.webp,1600,1061,landscape,detail,place,daytime|green,Japan Bike Rentals,https://maps.google.com/maps/contrib/111524650281450384121,true,Photo: Japan Bike Rentals via Google Maps,google-maps-contributor,https://lh3.googleusercontent.com/gps-cs-s/AHRPTWkhA5y89-m4S-47RN969KG_OhHDVvWIPIHTzjaKVHh0vj0_MaKIMfQegsdmipCrL52sQllqHTVOnfGjdG9A8AR3WMyRkcodAiMUcyBJoVJgOmP7uCPbZIXcWLK28RsQYKDQEbA=s2048,https://www.google.com/maps?cid=4450871764397826697
tokyo-japanese-bar-inoshikacho,Japanese Bar Inoshikacho 猪鹿蝶,hero,tokyo/photos/tokyo-japanese-bar-inoshikacho/hero.webp,1568,882,landscape,space-interior,place,intimate|retro|counter-seating,Japanese Bar Inoshikacho 猪鹿蝶,https://maps.google.com/maps/contrib/113404730140853576536,true,Photo: Japanese Bar Inoshikacho 猪鹿蝶 via Google Maps,google-maps-contributor,https://lh3.googleusercontent.com/gps-cs-s/AHRPTWnXo78Xuov0KyjnfqvK5HhDq6T6Uo8v8ngKjrq7IvrZ9RNNN15_B_Ywkb0lDXPtSY2KjaJd6CM_RDB4UW5KMI96y7kP3qeztvGq7VRmllkyvUu8ZBJWISC19fXgnVHqxIWH_z76zg=s2048,https://www.google.com/maps?cid=2692341329722977513
tokyo-japanese-bar-inoshikacho,Japanese Bar Inoshikacho 猪鹿蝶,alt-1,tokyo/photos/tokyo-japanese-bar-inoshikacho/alt-1.webp,1568,1046,landscape,drink,place,moody|intimate,Japanese Bar Inoshikacho 猪鹿蝶,https://maps.google.com/maps/contrib/113404730140853576536,true,Photo: Japanese Bar Inoshikacho 猪鹿蝶 via Google Maps,google-maps-contributor,https://lh3.googleusercontent.com/gps-cs-s/AHRPTWlz5sumnuxYmOsLRRMQaIpYZkTpaaOTZxYvUTWhQJQTAtypnTSrJFw1w94Ab8vJNM7n9IZtK1ptnf6RKrjvuL8EPRqGiGC-kP3PPu86T4Xe_DYONwocWAXuULKYTeT8MK6ZMFNXFQ=s2048,https://www.google.com/maps?cid=2692341329722977513
tokyo-japanese-bar-inoshikacho,Japanese Bar Inoshikacho 猪鹿蝶,alt-2,tokyo/photos/tokyo-japanese-bar-inoshikacho/alt-2.webp,1477,1108,landscape,space-interior,place,design|moody,Japanese Bar Inoshikacho 猪鹿蝶,https://maps.google.com/maps/contrib/113404730140853576536,true,Photo: Japanese Bar Inoshikacho 猪鹿蝶 via Google Maps,google-maps-contributor,https://lh3.googleusercontent.com/gps-cs-s/AHRPTWnYTSjCXJK4P8De6esWGDykbve8atMTyJ_JZlxo6LaPNpa7137tpSrOWKKqdeCkmfNct2qJQsjuls7-3Tmyi3VgJZYhvndnyPUBD873VRhwUcSgtxZO44KcyLjbVCbtYpeE6ZdWmrWLKfN6=s2048,https://www.google.com/maps?cid=2692341329722977513
tokyo-japanese-bar-inoshikacho,Japanese Bar Inoshikacho 猪鹿蝶,alt-3,tokyo/photos/tokyo-japanese-bar-inoshikacho/alt-3.webp,1600,1200,landscape,space-exterior,place,night|neon|street,HTJ JP (HTJJP),https://maps.google.com/maps/contrib/114739530912741912914,false,Photo: HTJ JP (HTJJP) via Google Maps,google-maps-contributor,https://lh3.googleusercontent.com/gps-cs-s/AHRPTWnJiG9cWvymdIZfuIVIGfAups-xtyAydxX3P8eVuqCeKwJpjzN2OmvCDM-OdRL9iKen0Us5TdQoFirkrEQohqCEcJpLbxzoel_0yIpzosnbiT3GVNBO4whmBiKrIb3fR6oGtTj26cJaRVaJ=s2048,https://www.google.com/maps?cid=2692341329722977513
tokyo-japanese-ice-ouca,JAPANESE ICE OUCA ジャパニーズアイス櫻花,hero,tokyo/photos/tokyo-japanese-ice-ouca/hero.webp,1600,1202,landscape,food,place,bright|minimal,T F,https://maps.google.com/maps/contrib/109187855729426355117,false,Photo: T F via Google Maps,google-maps-contributor,https://lh3.googleusercontent.com/gps-cs-s/AHRPTWm6umm4c4ZwWLfueYsPY5CfoiMNMomexirZfPtfWgoDKQNuHal5gw9w7F_ahQlIKLDmjExUdVUKlMYGKul8vhk0rbNeJHjlkhVMVKvJ823mEtjJ4X_lZ-2S1sY5VQST0v2LOmowTkInb-ku=s2048,https://www.google.com/maps?cid=16347760819820039436
tokyo-japanese-ice-ouca,JAPANESE ICE OUCA ジャパニーズアイス櫻花,alt-1,tokyo/photos/tokyo-japanese-ice-ouca/alt-1.webp,1600,1201,landscape,space-exterior,place,daytime|street,T F,https://maps.google.com/maps/contrib/109187855729426355117,false,Photo: T F via Google Maps,google-maps-contributor,https://lh3.googleusercontent.com/grass-cs/ACvplmMB4I37H6g8Cjei84q6U8FGwJZFQDS_7iSLZ9NGV_KwELS00tLaW-OVO8Ps5PYa79mRnovnBsR3v2hxlkP819thuQ-Dfc78KWlYZuFrZn1OYfcTOSOsr_vDF0paQvEgHYX4pwJeyqysvOz4=s2048,https://www.google.com/maps?cid=16347760819820039436
tokyo-japanese-ice-ouca,JAPANESE ICE OUCA ジャパニーズアイス櫻花,alt-2,tokyo/photos/tokyo-japanese-ice-ouca/alt-2.webp,1600,900,landscape,food,place,bright,김유목,https://maps.google.com/maps/contrib/110925174936779968896,false,Photo: 김유목 via Google Maps,google-maps-contributor,https://lh3.googleusercontent.com/gps-cs-s/AHRPTWk0aeW4_i2miSHgLi75Nbq295hbTFIz-Y55bj2XeYAmTm3vxp6GGsD6Jj1HB64KVW0sUKinh_teeMJHp-esKZJTguXVsPiAQFQSE2mnPx4fvUdn-6e6aFdseRK9n-lysf76Yds=s2048,https://www.google.com/maps?cid=16347760819820039436
tokyo-japanese-ice-ouca,JAPANESE ICE OUCA ジャパニーズアイス櫻花,alt-3,tokyo/photos/tokyo-japanese-ice-ouca/alt-3.webp,1200,1600,portrait,space-interior,place,bright|minimal,キーマイ（マイキー1980）,https://maps.google.com/maps/contrib/104138597774744665332,false,Photo: キーマイ（マイキー1980） via Google Maps,google-maps-contributor,https://lh3.googleusercontent.com/gps-cs-s/AHRPTWnI7uQm2jSdtS-bjebmPbwB--W1butLHhBALNe3kSQyMxkLVKs7z83ioSPRBTu3wT-CYKR2OY-kGK4q0Wpc8dDk21l66d9yd8B5Z4b19uYUTFbQmuT4oNCw1P5hSEEQL3z-dcpU-7d_Gksu=s2048,https://www.google.com/maps?cid=16347760819820039436
tokyo-jazz-blues-soul-bar,Jazz Blues Soul Bar,hero,tokyo/photos/tokyo-jazz-blues-soul-bar/hero.webp,1600,1200,landscape,space-interior,place,retro|cozy|counter-seating,Jihad,https://maps.google.com/maps/contrib/109329484156278327274,false,Photo: Jihad via Google Maps,google-maps-contributor,https://lh3.googleusercontent.com/grass-cs/ACvplmMRwLVpqG8a7-Z1ClHZHlRmzEnSS9yz_70ClHJW_P0iWWtd2WyjIBG6E5uowbFxAftfKwZvi4Xseiu7QBZ99odOOurzM3a6Y1Xvf6m1uHmstGE7zM9nUhMMGGMeo4gyUKtr9lNI=s2048,https://www.google.com/maps?cid=4046262615780765221
tokyo-jazz-blues-soul-bar,Jazz Blues Soul Bar,alt-1,tokyo/photos/tokyo-jazz-blues-soul-bar/alt-1.webp,1200,1600,portrait,detail,place,retro|cozy,Jose Ramon Cabranes Iriarte,https://maps.google.com/maps/contrib/115479315231294636802,false,Photo: Jose Ramon Cabranes Iriarte via Google Maps,google-maps-contributor,https://lh3.googleusercontent.com/gps-cs-s/AHRPTWl_CgQMkT25fcFHkxPwQIPDC-JMrdKcB2DLLd0A8rWLZRw-37x9noqvHmDSf-ToLkY7IlpOfwTktG62uFN5zEK-c0EpW7JWrbyHILV1W1WBDKGRq4yf_GR3op-fWgUyWzJ9x7Nv=s2048,https://www.google.com/maps?cid=4046262615780765221
tokyo-jazz-blues-soul-bar,Jazz Blues Soul Bar,alt-2,tokyo/photos/tokyo-jazz-blues-soul-bar/alt-2.webp,1200,1600,portrait,drink,place,retro|cozy,dean,https://maps.google.com/maps/contrib/100363691344069371862,false,Photo: dean via Google Maps,google-maps-contributor,https://lh3.googleusercontent.com/gps-cs-s/AHRPTWm_CmmJO73Hz9JmUV3goWASV8pr5oSCB18HNDYPDsD9zNs00uHUhnTyzPzcRHv2APSlJvUkTNeIH0cxS9f2iGeWI87yt-pgI2u9YEyROevrKZCtDn7uZqY_odtdX-5k5TuMMy9Tow=s2048,https://www.google.com/maps?cid=4046262615780765221
tokyo-jazz-blues-soul-bar,Jazz Blues Soul Bar,alt-3,tokyo/photos/tokyo-jazz-blues-soul-bar/alt-3.webp,1600,1200,landscape,detail,place,retro,LUIS F GALLO,https://maps.google.com/maps/contrib/116089954124520833243,false,Photo: LUIS F GALLO via Google Maps,google-maps-contributor,https://lh3.googleusercontent.com/gps-cs-s/AHRPTWnZQ0fdOl7h18Gg8HTtU6LcSeBAA4eS3jlO7nrWyisS59ZSTsvN_kegMEFAhZgDJr4E18tfBeqPv3RB7-FDtk3MIfpQxNW46tkUnQhdUA6KNjkcwQ_ypzQp8t-qGQkxXF-krvUM=s2048,https://www.google.com/maps?cid=4046262615780765221
tokyo-jazz-polkadots,JAZZ POLKADOTS,hero,tokyo/photos/tokyo-jazz-polkadots/hero.webp,1600,1200,landscape,activity,place,lively|cozy|night,Wesley H,https://maps.google.com/maps/contrib/100142441375836682163,false,Photo: Wesley H via Google Maps,google-maps-contributor,https://lh3.googleusercontent.com/gps-cs-s/AHRPTWmqjPZDaBIi1QO09FH7EVJUUPWKzOZcE-EZDraYIt95UKI6oTv-iFH30b7iq8d2KqkF9RDAbPzm3IvxRN5byLpnF_CpGsKyl67Li1_ulul3RA0zKcoiHbGSr_-e-0NyjrH5FM2r=s2048,https://www.google.com/maps?cid=17599371439620521672
tokyo-jazz-polkadots,JAZZ POLKADOTS,alt-1,tokyo/photos/tokyo-jazz-polkadots/alt-1.webp,1600,1200,landscape,space-interior,place,retro|cozy,小野崎健,https://maps.google.com/maps/contrib/102946432122322981277,false,Photo: 小野崎健 via Google Maps,google-maps-contributor,https://lh3.googleusercontent.com/gps-cs-s/AHRPTWk4LzWxM3glg_bcAZFK6AReDmJR9AqOeG6bmUT_-KixB8YVk9c5AI7Si3qk-l-ER7WJl-GHquQ_7YgSSOi468ez4J1X7riPF8V11uNa68Es5msoN7RrvvqHooj906fdDWFyzhQ=s2048,https://www.google.com/maps?cid=17599371439620521672
tokyo-jazz-polkadots,JAZZ POLKADOTS,alt-2,tokyo/photos/tokyo-jazz-polkadots/alt-2.webp,1600,900,landscape,activity,place,lively|intimate,Ryan Suen,https://maps.google.com/maps/contrib/112860305441104088645,false,Photo: Ryan Suen via Google Maps,google-maps-contributor,https://lh3.googleusercontent.com/gps-cs-s/AHRPTWkS06EEkFlpM6KY55C-q3ZbXKcpRorYtFTDAnfkeyXDjwUwf7cqz_KtrF1zWC_SC_Jw2nepAHCAAqwpKjXrrqNf3YulI8P_Ho1Qsr_3kdYi1gTY3jPiz8Gdaj1KrBvC7eoGbpgOBg=s2048,https://www.google.com/maps?cid=17599371439620521672
tokyo-jazz-spot-intro,Jazz SPOT Intro,hero,tokyo/photos/tokyo-jazz-spot-intro/hero.webp,1600,1066,landscape,activity,place,lively|moody|night,Jazz Spot Intro,https://maps.google.com/maps/contrib/106507001212146114416,true,Photo: Jazz Spot Intro via Google Maps,google-maps-contributor,https://lh3.googleusercontent.com/grass-cs/ACvplmM4myOZ6cZTPFpxLUu78e8JQLOKagcoBqtF_2_EqjZAXmmrOddaEi4Hbohn-XYN5Xn4MBmKZ4z1e2PJu-QNJh8AMZvyF095u2jMlAEaAjBUdpxbJO9RRCn10U-0JE7OrBkwm8Qn=s2048,https://www.google.com/maps?cid=17003017670595255877
tokyo-jazz-spot-intro,Jazz SPOT Intro,alt-1,tokyo/photos/tokyo-jazz-spot-intro/alt-1.webp,1600,900,landscape,space-interior,place,lively|crowd,そうほう,https://maps.google.com/maps/contrib/116931595895755034007,false,Photo: そうほう via Google Maps,google-maps-contributor,https://lh3.googleusercontent.com/gps-cs-s/AHRPTWnHCj3c4pTiELoecTZLws1VkGzMg1vRLhGo1JPUCeIlN3EWHQbv_8sF4EDwZ9MpEiCDD3VIkSqY0-FjZmzO5X425rf7Mce0BG2yqU7-olqNyFIdCJK0__0l7eGKDR9QXxwicy5e=s2048,https://www.google.com/maps?cid=17003017670595255877
tokyo-jazz-spot-intro,Jazz SPOT Intro,alt-2,tokyo/photos/tokyo-jazz-spot-intro/alt-2.webp,1600,1200,landscape,detail,place,moody,O K,https://maps.google.com/maps/contrib/100163985102942012442,false,Photo: O K via Google Maps,google-maps-contributor,https://lh3.googleusercontent.com/gps-cs-s/AHRPTWkuGqv9sDNU5Kz5zC9f-oDXjkLymfuHRZyZSCraWE1exH-ita5lNhDXPTTj7hzclZ0BtMBHgpljm3Pq0Uxa1szJX8xJ0ROL7qMJVz7EUdSF80077nFKBz9zGqld1e_dPiTbXRes=s2048,https://www.google.com/maps?cid=17003017670595255877
tokyo-jazz-spot-intro,Jazz SPOT Intro,alt-3,tokyo/photos/tokyo-jazz-spot-intro/alt-3.webp,1200,1600,portrait,space-exterior,place,night|street|neon,African Travel & More!,https://maps.google.com/maps/contrib/115793863859724330195,false,Photo: African Travel & More! via Google Maps,google-maps-contributor,https://lh3.googleusercontent.com/gps-cs-s/AHRPTWnx9VBZhxB6x74v2Z0g0oN8q4nRVASFzyPSYgrFu5cUu8c3sTnWCo97pYy-mK1h7YNEVL8lnY6_b3PXGJQVbwWZEJgD5g-TjWIMYwAUHxyXEZXdPpb_UviDBQaoFwNZ-1VPO6lNFwDynNsG=s2048,https://www.google.com/maps?cid=17003017670595255877
tokyo-jiyugaoka,Jiyugaoka,hero,tokyo/photos/tokyo-jiyugaoka/hero.webp,1600,1067,landscape,space-exterior,place,design|garden,jeremy li,https://maps.google.com/maps/contrib/113469323243918672242,false,Photo: jeremy li via Google Maps,google-maps-contributor,https://lh3.googleusercontent.com/gps-cs-s/AHRPTWnAVkckpjv_XhjjTL_ljZX24bh8SkLgYAE6qnvr__lFACb0rs-OLWYb5f-O1595oj7ys1Ba70i0oRzTYTOdGgtjaaLIYiY2ERog1YKxgQC0oRRccx4IgNoztRA3icGwByE3n7M=s2048,https://www.google.com/maps?cid=258353841459650241
tokyo-jiyugaoka,Jiyugaoka,alt-1,tokyo/photos/tokyo-jiyugaoka/alt-1.webp,1200,1600,portrait,space-exterior,place,retro|waterfront|daytime,SPCA663 Little B,https://maps.google.com/maps/contrib/117377762110860852590,false,Photo: SPCA663 Little B via Google Maps,google-maps-contributor,https://lh3.googleusercontent.com/gps-cs-s/AHRPTWmSDzFmx0byEfFda92p0Y-s5xSGB-e782kRR-SExFLk6TKGH2FA0reShvzejyjwMSEX5HQcFHNkgw1yYnDCNoQ7ywhzYnKqD3ji7HBL6WJRS6rmImEF7MwvOabIXGOi-SWXRtQJ=s2048,https://www.google.com/maps?cid=258353841459650241
tokyo-jiyugaoka,Jiyugaoka,alt-2,tokyo/photos/tokyo-jiyugaoka/alt-2.webp,1200,1600,portrait,nature,place,green|street|daytime,ポッキー,https://maps.google.com/maps/contrib/115336863166401492142,false,Photo: ポッキー via Google Maps,google-maps-contributor,https://lh3.googleusercontent.com/grass-cs/AABkmLccWBHoKQiKtFH0sBwV2gNWuY4HjfuW9SmLEknsCz0OhM4Bd6d8OpwxE29OUGbddi2FcQTDZB8ifvNYz4hk6sU0seLKRmL-DueyD1_n5s7jqE4A9ZQkwS9XbW0UNIVmatdNMmLM3w=s2048,https://www.google.com/maps?cid=258353841459650241
tokyo-joysound-shibuyaminamiguchiekimaeten,JOYSOUND Shibuyaminamiguchiekimaeten,hero,tokyo/photos/tokyo-joysound-shibuyaminamiguchiekimaeten/hero.webp,1600,1066,landscape,space-interior,place,neon|night|lively,カラオケ JOYSOUND渋谷南口駅前店,https://maps.google.com/maps/contrib/106230620038295795875,false,Photo: カラオケ JOYSOUND渋谷南口駅前店 via Google Maps,google-maps-contributor,https://lh3.googleusercontent.com/gps-cs-s/AHRPTWnPRT3bK5OrPldmqUZYDbedvVKSyuyRw6hNBvPGoFj8X8mk3_4uYRQUjM_NZdaTrYa7MENY7iebMHQqlSHs6-oLxeQmxu3uCl0hXUV1qSXuW5OmHQ-yj3b6lFX8u61EbGuvo6gt=s2048,https://www.google.com/maps?cid=3291857032543409098
tokyo-joysound-shibuyaminamiguchiekimaeten,JOYSOUND Shibuyaminamiguchiekimaeten,alt-1,tokyo/photos/tokyo-joysound-shibuyaminamiguchiekimaeten/alt-1.webp,1600,1600,square,space-interior,place,lively|neon,Y Y,https://maps.google.com/maps/contrib/116044549731522394800,false,Photo: Y Y via Google Maps,google-maps-contributor,https://lh3.googleusercontent.com/gps-cs-s/AHRPTWl-7VAHmwXRWCgaxEcliifBJgdOFqyMAdwUY-QPIO-WJRXvpZ40_PDw0zPopAxi2_V21H9zvIZqPy2NUEAPAHRkBHmhf0-nCZbZyj8qv0iQJ0Wo6-twXLuasRmuodNplS67Pdlj=s2048,https://www.google.com/maps?cid=3291857032543409098
tokyo-joysound-shibuyaminamiguchiekimaeten,JOYSOUND Shibuyaminamiguchiekimaeten,alt-2,tokyo/photos/tokyo-joysound-shibuyaminamiguchiekimaeten/alt-2.webp,1600,1066,landscape,space-interior,place,bright|design,カラオケ JOYSOUND渋谷南口駅前店,https://maps.google.com/maps/contrib/106230620038295795875,false,Photo: カラオケ JOYSOUND渋谷南口駅前店 via Google Maps,google-maps-contributor,https://lh3.googleusercontent.com/gps-cs-s/AHRPTWm25hZk3T8t0KGk49_Mxfdsdl5wAwJBAIsu7E5Zweppqn7MhtdvGx1FfjBiwvyudlq209zNzxq0PNXgUVA-z8x2I13jlboDVWYTganfSstQ9SUmALPrLlrASn92DR4iw6I23DJDMw=s2048,https://www.google.com/maps?cid=3291857032543409098
tokyo-joysound-shibuyaminamiguchiekimaeten,JOYSOUND Shibuyaminamiguchiekimaeten,alt-3,tokyo/photos/tokyo-joysound-shibuyaminamiguchiekimaeten/alt-3.webp,1066,1600,portrait,space-exterior,place,street|skyline|daytime,カラオケ JOYSOUND渋谷南口駅前店,https://maps.google.com/maps/contrib/106230620038295795875,false,Photo: カラオケ JOYSOUND渋谷南口駅前店 via Google Maps,google-maps-contributor,https://lh3.googleusercontent.com/gps-cs-s/AHRPTWllmamc-3k97UmJpwYo5hvjXkM01dCNsgfs65qGSz0j-zsoUkoQtPtLwWBiVA9SSOXXxPE6eDvczIg2s6IuHDJpj1iz6cCmyToxan5R27nIiJbWTE8e0wJAv4TiEMOC3WjayCA=s2048,https://www.google.com/maps?cid=3291857032543409098
tokyo-kabuto,Kabuto,hero,tokyo/photos/tokyo-kabuto/hero.webp,1600,1200,landscape,space-exterior,place,street|retro|counter-seating,y mmmnf,https://maps.google.com/maps/contrib/107665948305458250547,false,Photo: y mmmnf via Google Maps,google-maps-contributor,https://lh3.googleusercontent.com/gps-cs-s/AHRPTWl9rAPDOz0mP8aVb7Y5KvdEI5O9l0QTysAisEttxU16dJPxyNOyLNUjHd07619OlJTb238315CdVqttq2EPhy1OdsVGV2V5DRJrTnM1rXncPY2MrBY2hkNL4x4QfP9-k1JCPMKUvh-mOm1_=s2048,https://www.google.com/maps?cid=11929239188202332194
tokyo-kabuto,Kabuto,alt-1,tokyo/photos/tokyo-kabuto/alt-1.webp,1600,900,landscape,food,place,cozy|retro,とる,https://maps.google.com/maps/contrib/104405263552434621590,false,Photo: とる via Google Maps,google-maps-contributor,https://lh3.googleusercontent.com/gps-cs-s/AHRPTWnTz3Nqf7d5EWK6wfKJ8GjVNiMgdVvAOA-Uj7g0T7gXc9xhIusu2FoDFsvxyG2r3E1TAokASHih7grBZVrSEjV35e4Xqqn3EDrWkeOiTYtWJsq-1e1JRdkpDVINWhTLa7xt3Be96fbhKcgC=s2048,https://www.google.com/maps?cid=11929239188202332194
tokyo-kabuto,Kabuto,alt-2,tokyo/photos/tokyo-kabuto/alt-2.webp,1600,1200,landscape,food,place,retro|intimate,マッさん,https://maps.google.com/maps/contrib/109606424387773521524,false,Photo: マッさん via Google Maps,google-maps-contributor,https://lh3.googleusercontent.com/gps-cs-s/AHRPTWluAEjZ-I-Qcx0KT444jNEiBEO1Y7t-5l6aI64gzCWklCuca2Ab_XHYO1pHDhZWHK9wXKJvy7IYC6XoKF3aXuYg3K-wpFwSaHBcsfZnqkGsZ0hWv59pZjsOW2DeoP-CeY0f10ypmZTvmPlW=s2048,https://www.google.com/maps?cid=11929239188202332194
tokyo-kabuto,Kabuto,alt-3,tokyo/photos/tokyo-kabuto/alt-3.webp,1600,1600,square,drink,place,retro,W T,https://maps.google.com/maps/contrib/116210146234570978559,false,Photo: W T via Google Maps,google-maps-contributor,https://lh3.googleusercontent.com/gps-cs-s/AHRPTWkwVblkCILD2Nq6uWZPp27iWDZNSfzrx_VUQ_JybwfDVy-hfZAE6mvEqoGC_MtNZQuAi6QzFvX4Qbn97p_RjsOBDsB437F200btnkRtHmB72zdH-RldrsYL6Hj--O2loCTDruYq=s2048,https://www.google.com/maps?cid=11929239188202332194
tokyo-kamata-hakensha-japanese-knife-store,KAMATA Hakensha - Japanese knife store,hero,tokyo/photos/tokyo-kamata-hakensha-japanese-knife-store/hero.webp,1600,1067,landscape,space-interior,place,bright|design,合羽橋 包丁専門店 かまた刃研社,https://maps.google.com/maps/contrib/107388548822744158092,false,Photo: 合羽橋 包丁専門店 かまた刃研社 via Google Maps,google-maps-contributor,https://lh3.googleusercontent.com/gps-cs-s/AHRPTWlcYj9wtYx_6_BsXQkdZzbDwMpN0CZYiWRdLWLbZcg4LauxLTQZ5qcV87cEc8FvGRrTHjop5EVmnPrLbEZIFed0th1ScfPfuS_VO0FtNbB8rzpEvqOr7yHQSLAYvkdmESBZsRc=s2048,https://www.google.com/maps?cid=15974904196836280717
tokyo-kamata-hakensha-japanese-knife-store,KAMATA Hakensha - Japanese knife store,alt-1,tokyo/photos/tokyo-kamata-hakensha-japanese-knife-store/alt-1.webp,1600,1200,landscape,detail,place,design,Baily Marsh,https://maps.google.com/maps/contrib/109484404835198217952,false,Photo: Baily Marsh via Google Maps,google-maps-contributor,https://lh3.googleusercontent.com/gps-cs-s/AHRPTWmh1-TPHo0Toi1H0GTF9QdnzSnUX9y4a6-o8jpN4gNlVG7Xl0B8DANcGapkbY-4aVFGrQCktx9L7eissJ-N5eNr-pam6Zzv_VNfDnt_QEfQzE6Sds6YV5qmTIOhuXlHElZu3iuS11HMhlY=s2048,https://www.google.com/maps?cid=15974904196836280717
tokyo-kamata-hakensha-japanese-knife-store,KAMATA Hakensha - Japanese knife store,alt-2,tokyo/photos/tokyo-kamata-hakensha-japanese-knife-store/alt-2.webp,1600,1200,landscape,space-exterior,place,street|daytime,ひにます,https://maps.google.com/maps/contrib/107365316010283225338,false,Photo: ひにます via Google Maps,google-maps-contributor,https://lh3.googleusercontent.com/gps-cs-s/AHRPTWm1sLINC7eZ2aEEjHuVXmIoJlZp6u3YL9keDHdgToYg2n1QTnXjrtCTU-9lEkkg2jHzaCFOt7jR6iH1UEqUG6_itmZl_VcgQpGh6m7uaJRpgVyDBJlXKwMkAuI9afat5kWxQ4_yxmUi3-ZG=s2048,https://www.google.com/maps?cid=15974904196836280717
tokyo-kamata-hakensha-japanese-knife-store,KAMATA Hakensha - Japanese knife store,alt-3,tokyo/photos/tokyo-kamata-hakensha-japanese-knife-store/alt-3.webp,1200,1600,portrait,space-exterior,place,street|retro|daytime,M. Indra,https://maps.google.com/maps/contrib/105157800994136114403,false,Photo: M. Indra via Google Maps,google-maps-contributor,https://lh3.googleusercontent.com/gps-cs-s/AHRPTWkgSVW6O-4PISKfhk8ZJA595Mvk5EokqSY1W8_6gpo0XcuvUSKJiFXTSvvVIOLeVSAtONcCBNYv3OmRymvF844juTGPEED8ZNVoQfHfx7TrkXEbNA4CaKYh_tncIkA1paYDE0VGB3TgMdhB=s2048,https://www.google.com/maps?cid=15974904196836280717
tokyo-kamekichi-kame-kichi-nakano-tokyo-flagship-store-annex,"Kamekichi (Kame-kichi) Nakano, Tokyo Flagship Store & Annex",hero,tokyo/photos/tokyo-kamekichi-kame-kichi-nakano-tokyo-flagship-store-annex/hero.webp,1600,900,landscape,space-interior,place,design|intimate,まじめなとけいや かめ吉 中野本店,https://maps.google.com/maps/contrib/101298019582745698567,false,Photo: まじめなとけいや かめ吉 中野本店 via Google Maps,google-maps-contributor,https://lh3.googleusercontent.com/gps-cs-s/AHRPTWnhBv__DArbvz6cHzMusQXdW2io3hPNyknKwXTiHejphfM8XhK-NhjjFpMuJZgjPPOpj8PV3Yw6iTHq_buvPhnN92-DTGvaVmiwPI1h1gbkCKC1YxZMR8YmZMOFT6wEr9HyHZzA=s2048,https://www.google.com/maps?cid=11728906122236195186
tokyo-kamekichi-kame-kichi-nakano-tokyo-flagship-store-annex,"Kamekichi (Kame-kichi) Nakano, Tokyo Flagship Store & Annex",alt-1,tokyo/photos/tokyo-kamekichi-kame-kichi-nakano-tokyo-flagship-store-annex/alt-1.webp,1600,1200,landscape,space-exterior,place,bright,JC,https://maps.google.com/maps/contrib/106503699776924335378,false,Photo: JC via Google Maps,google-maps-contributor,https://lh3.googleusercontent.com/grass-cs/ACvplmOt1PSTVHzc-MA1rGva0NsuwMOpc2-ut9PyuvJfEeihOVYOxyCHcl3htFyI1bIcNqoeSlURMlfL-xhQjEBltGVY8tGCss8i_V9sgpSMFhxxoGSd6cKUGLQuV-jV543HDZbQTSkb8u2ByUY=s2048,https://www.google.com/maps?cid=11728906122236195186
tokyo-kamekichi-kame-kichi-nakano-tokyo-flagship-store-annex,"Kamekichi (Kame-kichi) Nakano, Tokyo Flagship Store & Annex",alt-2,tokyo/photos/tokyo-kamekichi-kame-kichi-nakano-tokyo-flagship-store-annex/alt-2.webp,1600,1200,landscape,detail,place,retro,Jordan Schmidt,https://maps.google.com/maps/contrib/116460646977908296207,false,Photo: Jordan Schmidt via Google Maps,google-maps-contributor,https://lh3.googleusercontent.com/gps-cs-s/AHRPTWkCTphEkZxJP3JeYN6oGdgh7VqCM9B_8gE1PzFP9FwhXuVHodwYZ8wl1lJFb2FHQN9s1xuccYNEv7mM6_0ar9wBKm4c5EeQZ_-kzOw5d2jXZVeFHG6XVPpTDLyPSPTNlgmTgqJm=s2048,https://www.google.com/maps?cid=11728906122236195186
tokyo-kamekichi-kame-kichi-nakano-tokyo-flagship-store-annex,"Kamekichi (Kame-kichi) Nakano, Tokyo Flagship Store & Annex",alt-3,tokyo/photos/tokyo-kamekichi-kame-kichi-nakano-tokyo-flagship-store-annex/alt-3.webp,1200,1600,portrait,detail,place,minimal,Sherwin Clarence Go,https://maps.google.com/maps/contrib/101054469717561844323,false,Photo: Sherwin Clarence Go via Google Maps,google-maps-contributor,https://lh3.googleusercontent.com/gps-cs-s/AHRPTWmUwSbomcSMxwJTx3MUj6Eujbh1wNYeuNcWa60-KGMuRTD9F3aM4i9Yhl7Zsg359Obj-lMsQV8cxMk57xGzdGeqcv5t1ONgRsX70q3GBQsbpwRF18w7SOOSuB4bm1JiB0ih1oT8MzCnjwo=s2048,https://www.google.com/maps?cid=11728906122236195186
tokyo-kaminarimon-gate,Kaminarimon Gate,hero,tokyo/photos/tokyo-kaminarimon-gate/hero.webp,1600,1200,landscape,space-exterior,place,daytime|street,Diego Silva,https://maps.google.com/maps/contrib/101293767196911187622,false,Photo: Diego Silva via Google Maps,google-maps-contributor,https://lh3.googleusercontent.com/gps-cs-s/AHRPTWkbcWkVnK-bXMOPdSrYCTZnXv-Pu4ql00FDIXFpJFwELj1jiVDh4xKmC_7o7wB0_1eApv3U2wWdD97-iOgtuSY9WFQ8vneFf8K1EH_M11GZtXJYBebpJrd1yCwbjQiMW0Gq-EqY=s2048,https://www.google.com/maps?cid=15683880811625452221
tokyo-kaminarimon-gate,Kaminarimon Gate,alt-1,tokyo/photos/tokyo-kaminarimon-gate/alt-1.webp,1200,1600,portrait,view,place,skyline|crowd|daytime,蔡瑋倫,https://maps.google.com/maps/contrib/113406158400257002300,false,Photo: 蔡瑋倫 via Google Maps,google-maps-contributor,https://lh3.googleusercontent.com/gps-cs-s/AHRPTWmbsQebIDJ67f7CUykP8gKXioedVWihG7VTermbVfAsfI33Ryya_gP0VFinSvNXvq5yG8QSg0ZCQwXZb-o-BcMTQDWsz5YCSFLnZgDZOs3LS1Y42G7opZk-N3HTxDX0eX5I8tlgUuhjBdqW=s2048,https://www.google.com/maps?cid=15683880811625452221
tokyo-kaminarimon-gate,Kaminarimon Gate,alt-2,tokyo/photos/tokyo-kaminarimon-gate/alt-2.webp,1600,1200,landscape,space-exterior,place,crowd|lively,Julia Chen,https://maps.google.com/maps/contrib/118235129371879867760,false,Photo: Julia Chen via Google Maps,google-maps-contributor,https://lh3.googleusercontent.com/gps-cs-s/AHRPTWm6oLbjKdgRghsYip8NMfnwNtgojlU-Il77AITBRt_aQTcfWhDumE0H95C3t6X3HTsWlVskCfCqlEayENVjoIX5ySUGQDVRFAyYCa1SeTpS6D606iKT5w0hhKnUJvQTT5daUt2M=s2048,https://www.google.com/maps?cid=15683880811625452221
tokyo-kaminarimon-gate,Kaminarimon Gate,alt-3,tokyo/photos/tokyo-kaminarimon-gate/alt-3.webp,1200,1600,portrait,view,place,street|skyline|daytime,Martin,https://maps.google.com/maps/contrib/108668191284811132291,false,Photo: Martin via Google Maps,google-maps-contributor,https://lh3.googleusercontent.com/gps-cs-s/AHRPTWm70JzgUHYPNbiiVa7HOzGRJWF9jQSP7XYS-HgNr-zPZDniY40IlYE-PfGHW9gSZnPhv7mym67GHymvI6RKgddQw5ie9LCGoVCCISSgxcC95reO15VgbOi740CWFX_0MOmjXjmkJw=s2048,https://www.google.com/maps?cid=15683880811625452221
tokyo-kanda-myoujin-shrine,Kanda Myoujin Shrine,hero,tokyo/photos/tokyo-kanda-myoujin-shrine/hero.webp,1600,1200,landscape,space-exterior,place,night|moody,Eduardo Silva,https://maps.google.com/maps/contrib/109906456987249402599,false,Photo: Eduardo Silva via Google Maps,google-maps-contributor,https://lh3.googleusercontent.com/gps-cs-s/AHRPTWk6SK0ky9ESfsPoieEJwbalfb0qjJ3xzo4Y6Qk8Anfa80hfQ4ageZ4avcoIUTASz0feNL0Zo57nGAZZhNx_SgJoAY7YYtRdUILIKCKhOLA_FEZhWFyBjh5o_a_0UJx8jfBbagcCe42ArNo=s2048,https://www.google.com/maps?cid=17552749546243718283
tokyo-kanda-myoujin-shrine,Kanda Myoujin Shrine,alt-1,tokyo/photos/tokyo-kanda-myoujin-shrine/alt-1.webp,1600,900,landscape,space-exterior,place,daytime|serene,toshikatu suzuki,https://maps.google.com/maps/contrib/117128681825299541824,false,Photo: toshikatu suzuki via Google Maps,google-maps-contributor,https://lh3.googleusercontent.com/gps-cs-s/AHRPTWl3sferIHGfo6cYc52qcZD-fknv6_3ymkSLCFPQFzRT9DfLGMmPgCWckpT3O_Hna7TZg4EchTYfz4ObHoJ9Cmtlbx5XKQu-95RZfu4CaXsybkx1hobblSkC1TxxMXslSXGPkHk=s2048,https://www.google.com/maps?cid=17552749546243718283
tokyo-kanda-myoujin-shrine,Kanda Myoujin Shrine,alt-2,tokyo/photos/tokyo-kanda-myoujin-shrine/alt-2.webp,1600,1067,landscape,art,place,design|daytime,JAPAN WEB MAGAZINE,https://maps.google.com/maps/contrib/101801793239848141540,false,Photo: JAPAN WEB MAGAZINE via Google Maps,google-maps-contributor,https://lh3.googleusercontent.com/gps-cs-s/AHRPTWkOlftqrTSKnGmeO4lVl4y1Xv_PlLGvJmnb4VOn3Y3vIXCrWfkyMTZwa2SmaNewCBJMcL3NFLQwJjJrt7eHAZFKQ--TZ5k5R_MBUB_PzuxsBc3Mlr606fp_ySGlOAgzfT7dbOao=s2048,https://www.google.com/maps?cid=17552749546243718283
tokyo-kanda-myoujin-shrine,Kanda Myoujin Shrine,alt-3,tokyo/photos/tokyo-kanda-myoujin-shrine/alt-3.webp,1600,1200,landscape,space-exterior,place,daytime|green,takahiro,https://maps.google.com/maps/contrib/106841993951920327112,false,Photo: takahiro via Google Maps,google-maps-contributor,https://lh3.googleusercontent.com/gps-cs-s/AHRPTWlsMlblWFSIr4etejwsAUXrvNvEGcI_raw00Pkv5DWZONW7LIKbaXFXX44hk0KWWao8wzYonJ4CUNcodWIZ6ywrF1Gptkam1Zx8Z7TH1dgh7h9yLFemT-BmNrJLl9PkeXwOK6x8Ow=s2048,https://www.google.com/maps?cid=17552749546243718283
tokyo-kani-gennu-ginza,Kani Gennu Ginza,hero,tokyo/photos/tokyo-kani-gennu-ginza/hero.webp,1600,1066,landscape,food,place,moody|intimate,K E N T A I Z U M I,https://maps.google.com/maps/contrib/100393523448760777237,false,Photo: K E N T A I Z U M I via Google Maps,google-maps-contributor,https://lh3.googleusercontent.com/gps-cs-s/AHRPTWltwcdurWYUN7qBtBqZxwLUMr-sD6KcY6zNxrvO53IH74m0vIPNPUsImmCmTeXt1acRPf11EjPudvHhbLF6AXx-s5bINCX2sq5SmFfaXMJBstjkpdt-2mkExmF9doS5TH8CB3Davw=s2048,https://www.google.com/maps?cid=14373653158119182818
tokyo-kani-gennu-ginza,Kani Gennu Ginza,alt-1,tokyo/photos/tokyo-kani-gennu-ginza/alt-1.webp,1200,1600,portrait,food,place,design,cindy wu,https://maps.google.com/maps/contrib/107335016831227725588,false,Photo: cindy wu via Google Maps,google-maps-contributor,https://lh3.googleusercontent.com/gps-cs-s/AHRPTWkgqj1p0LGScJo3kGMeNFeuDmb905RxuiYteulacDskIyn-raNAaohIp7sXhJrM09AViWZS3R-wAfGeXmbR-YAxrRSRYGbZQfNkQwKkqfy79keKU4Dlrd0vY9ny897RrqEyQYNN76KBTVBy=s2048,https://www.google.com/maps?cid=14373653158119182818
tokyo-kani-gennu-ginza,Kani Gennu Ginza,alt-2,tokyo/photos/tokyo-kani-gennu-ginza/alt-2.webp,1600,1200,landscape,food,place,minimal,宮本和典,https://maps.google.com/maps/contrib/104564748678524434835,false,Photo: 宮本和典 via Google Maps,google-maps-contributor,https://lh3.googleusercontent.com/gps-cs-s/AHRPTWknQ-Rp3_5aqklpVSeMNAUldwUyM4B_W6l20zB8Y2rPfRvVwf1eawah3z521unUh9J6Omeew4oNJLuMchPgt_OWM0w2gmiUN7wuHWPFP_DYIt3eN57huyq8ZCjEq3Ue6AG9k3BfmSOV6xy7=s2048,https://www.google.com/maps?cid=14373653158119182818
tokyo-kani-gennu-ginza,Kani Gennu Ginza,alt-3,tokyo/photos/tokyo-kani-gennu-ginza/alt-3.webp,900,1600,portrait,space-interior,place,minimal|intimate,スイーツ番長,https://maps.google.com/maps/contrib/112274896266070346958,false,Photo: スイーツ番長 via Google Maps,google-maps-contributor,https://lh3.googleusercontent.com/grass-cs/AABkmLep9Au529h7Ki4K0J43akt0XrVNwx6RKXmW0P9ahHNwiLlsbp6pML2-ZK_sX1LFV23umUIC2R_2sCnMfjAFUXp-L58wYtjR3_aPANXZE73vnIJf7Jek2KnpYsE1DW-XGB8ARTfd=s2048,https://www.google.com/maps?cid=14373653158119182818
tokyo-kasai-rinkai-park,Kasai Rinkai Park,hero,tokyo/photos/tokyo-kasai-rinkai-park/hero.webp,1600,1066,landscape,view,place,night|neon,成澤潤,https://maps.google.com/maps/contrib/107569804328988736677,false,Photo: 成澤潤 via Google Maps,google-maps-contributor,https://lh3.googleusercontent.com/gps-cs-s/ANWiy9Te-ytF8oKuk36_jIv6sQQxNaUJWtZVV2R-BrFgHFK8a10GnSbboe2dC2ATtqMLdRUOaWfYE-ufcti58vdRnETiNCQCkhQystqWsdiIXzyo9x0guuswCkxhXEoaTKnc-BIRd0z8=s2048,https://www.google.com/maps?cid=1630475176606126355
tokyo-kasai-rinkai-park,Kasai Rinkai Park,alt-1,tokyo/photos/tokyo-kasai-rinkai-park/alt-1.webp,1600,1078,landscape,nature,place,daytime|bright|green,Hiroko Ｍ,https://maps.google.com/maps/contrib/109353973970549108634,false,Photo: Hiroko Ｍ via Google Maps,google-maps-contributor,https://lh3.googleusercontent.com/gps-cs-s/ANWiy9RlOYR-hGjvL0M152JmJHuEsDbV9iqMKX4wLM0nF1Rt25WwD7eNJkq6gD42BgSbHOXllczuZHtNcA0xKSDgUB1mvu3tOvdrPwI8gPTzMR2_aZYI5MbSxILw3UQYPbfaS2035mI=s2048,https://www.google.com/maps?cid=1630475176606126355
tokyo-kasai-rinkai-park,Kasai Rinkai Park,alt-2,tokyo/photos/tokyo-kasai-rinkai-park/alt-2.webp,1600,1200,landscape,view,place,golden-hour|waterfront,ken,https://maps.google.com/maps/contrib/106342076156336324015,false,Photo: ken via Google Maps,google-maps-contributor,https://lh3.googleusercontent.com/gps-cs-s/ANWiy9Q6NV5QRq96wkL306pbER7MTQF8MQZHOWjEn0xMWbZmeQVuEBlP1DPEPjGBLIE45trp-TcIJCElzVfycdzC3Jw2ZiymVgYURmcRlUmEQR3SUjjwIx897lZ0NFgAHSTGikiFWnB5=s2048,https://www.google.com/maps?cid=1630475176606126355
tokyo-kasai-rinkai-park,Kasai Rinkai Park,alt-3,tokyo/photos/tokyo-kasai-rinkai-park/alt-3.webp,1600,900,landscape,nature,place,serene,武田翔馬,https://maps.google.com/maps/contrib/107494238392779100227,false,Photo: 武田翔馬 via Google Maps,google-maps-contributor,https://lh3.googleusercontent.com/gps-cs-s/ANWiy9S_vDx4TOZ2NcI3RqIlW3rf9P7gWIwVglxr58X83L4edLxI7eBnwbq6DByvhmYpAGyyTNs-wSAhA3xOuc7UG6OOohfxoUrcBL7IoFpVU7U_xbQi-9OzMpzCzwIlslC8_F3UmTw=s2048,https://www.google.com/maps?cid=1630475176606126355
tokyo-katane-bakery,Katane Bakery,hero,tokyo/photos/tokyo-katane-bakery/hero.webp,1241,932,landscape,food,place,daytime|bright,もぐもぐモモンガ,https://maps.google.com/maps/contrib/111018582124302769174,false,Photo: もぐもぐモモンガ via Google Maps,google-maps-contributor,https://lh3.googleusercontent.com/gps-cs-s/AHRPTWlV4jimGFOMDmKQryXHqk_0lABKBlh0ep8lCfB3LKjZeMojd3tDhO1nYYqLbxQ1gQPY0cX47bqA79Elq8ncGdPjCI6C491aSgsGEITnxjI4vQiRRPjz6M5jFDkBEKffzLNTuMeLEjXBs7OV=s2048,https://www.google.com/maps?cid=6184939832486861892
tokyo-katane-bakery,Katane Bakery,alt-1,tokyo/photos/tokyo-katane-bakery/alt-1.webp,1459,1600,square,food,place,daytime|cozy,Dani Perez,https://maps.google.com/maps/contrib/100863988664715990426,false,Photo: Dani Perez via Google Maps,google-maps-contributor,https://lh3.googleusercontent.com/gps-cs-s/AHRPTWnf-MO7XYVc57drHT1RI6yGkY4C5YC_VqBx0iuW2Rt8O5i9qbmTDMxewYRdtl0Pefcq4VrSNp1nVc9AAGdnrTQUDy3yc8rJQfCCPi6lUj0exaMTNX_o5u_MhqxjkKgrIjOS44urihDoR8lK=s2048,https://www.google.com/maps?cid=6184939832486861892
tokyo-katane-bakery,Katane Bakery,alt-2,tokyo/photos/tokyo-katane-bakery/alt-2.webp,1600,1600,square,space-interior,place,cozy,m n,https://maps.google.com/maps/contrib/105958756955091999583,false,Photo: m n via Google Maps,google-maps-contributor,https://lh3.googleusercontent.com/gps-cs-s/AHRPTWlWOT1Wah3ZeUZYtRhF72Qq39hthzNdC23nW-Su3Tp88EaKE5NiNjF3Fkise-l4MKS2eHvRtsnZcsj_8fQHxn64Gd8UC7FxLFCDn0v7R1-oY34gjtQccV76URSoNhxzKtLO5M2of_RV2LI6=s2048,https://www.google.com/maps?cid=6184939832486861892
tokyo-katane-bakery,Katane Bakery,alt-3,tokyo/photos/tokyo-katane-bakery/alt-3.webp,1600,1600,square,space-exterior,place,street|daytime,m n,https://maps.google.com/maps/contrib/105958756955091999583,false,Photo: m n via Google Maps,google-maps-contributor,https://lh3.googleusercontent.com/gps-cs-s/AHRPTWlw0CP3qBDDn1zYWOXmHOr5Rw6AQ8wbDE7IR0KKNb04vCRC419CyClqh0hjk6pWTYTFFY1d06Y-9DkDFxv2f9btgEYSeZl3chSVe59bx0de7l0Sz0mUII-A-t1XiHgU7wCXtpuLTdrmDJjG=s2048,https://www.google.com/maps?cid=6184939832486861892
tokyo-kinfuku-sakaba-shinjyuku,Kinfuku Sakaba Shinjyuku,hero,tokyo/photos/tokyo-kinfuku-sakaba-shinjyuku/hero.webp,1339,753,landscape,food,place,cozy,おでん＆焼き鳥食べ放題 金福酒場 新宿店,https://maps.google.com/maps/contrib/112331867323692932676,false,Photo: おでん＆焼き鳥食べ放題 金福酒場 新宿店 via Google Maps,google-maps-contributor,https://lh3.googleusercontent.com/gps-cs-s/ANWiy9RatTU4DIr7XYSVVRpeM7LUfro-j1m0_jYqHx50VCo3tSHMUc-BbShWTXvhC1useX7QMYr-H0tZFnX_koCDnuebNdZgh0p6xfTnY5G4YJDHwy_fnH1ccTVenM_f0ab71VYBRNDYkxq8DYI=s2048,https://www.google.com/maps?cid=8747846734815591071
tokyo-kinfuku-sakaba-shinjyuku,Kinfuku Sakaba Shinjyuku,alt-1,tokyo/photos/tokyo-kinfuku-sakaba-shinjyuku/alt-1.webp,1280,1280,square,food,place,bright,おでん＆焼き鳥食べ放題 金福酒場 新宿店,https://maps.google.com/maps/contrib/112331867323692932676,false,Photo: おでん＆焼き鳥食べ放題 金福酒場 新宿店 via Google Maps,google-maps-contributor,https://lh3.googleusercontent.com/gps-cs-s/ANWiy9QLJ_mDZq8UJOsnWZSE4Py13ThmJu8i3nvA35zmCWhaxyrOae-5Fepvc8W48TZeP9oq3VYYpfZi3r3wOslkxUBSs00En1eM8LcMS8xKZuiwplrxl8oCeiQI7k8jR-onIO04sp9MraLiFoGP=s2048,https://www.google.com/maps?cid=8747846734815591071
tokyo-kinfuku-sakaba-shinjyuku,Kinfuku Sakaba Shinjyuku,alt-2,tokyo/photos/tokyo-kinfuku-sakaba-shinjyuku/alt-2.webp,1280,1280,square,food,place,cozy,おでん＆焼き鳥食べ放題 金福酒場 新宿店,https://maps.google.com/maps/contrib/112331867323692932676,false,Photo: おでん＆焼き鳥食べ放題 金福酒場 新宿店 via Google Maps,google-maps-contributor,https://lh3.googleusercontent.com/gps-cs-s/ANWiy9S8m8FrAdgEAbyS4ui6eif8jrjVCRke1YRxKjZVY9j4GlnXKIaRI4v-dkN6Py6Or2XZwSbkSDPOfSxgQ8eMfo8Hn55nfxlhfU-K1ZePQIJzz6ODrBB1fsZ_V2kKgBY6TI-_ELi5CQPij9s4=s2048,https://www.google.com/maps?cid=8747846734815591071
tokyo-kinfuku-sakaba-shinjyuku,Kinfuku Sakaba Shinjyuku,alt-3,tokyo/photos/tokyo-kinfuku-sakaba-shinjyuku/alt-3.webp,1280,1280,square,food,place,bright,おでん＆焼き鳥食べ放題 金福酒場 新宿店,https://maps.google.com/maps/contrib/112331867323692932676,false,Photo: おでん＆焼き鳥食べ放題 金福酒場 新宿店 via Google Maps,google-maps-contributor,https://lh3.googleusercontent.com/gps-cs-s/ANWiy9QPJMve0xYeTaJBmpmJrnnkvt6rgz6iPPVOnweZ4x4rvij6kufEyHBz-zZqmrz0C354KYfns43vxMh7rddCHO6mbQvyLO7lTWzWsSq1h9QkAJkSpoCIOjw5Mml0tzksRpikNCQjuhmCGrg=s2048,https://www.google.com/maps?cid=8747846734815591071
tokyo-kioi-seido,Kioi Seido,hero,tokyo/photos/tokyo-kioi-seido/hero.webp,1600,1200,landscape,art,place,design|minimal,Piiirooo,https://maps.google.com/maps/contrib/117128063340730836286,false,Photo: Piiirooo via Google Maps,google-maps-contributor,https://lh3.googleusercontent.com/gps-cs-s/ANWiy9RGQVDbLP79LVed4PBdfI8ijEfrwNLzr4vuRKaz_vgODhxJqjySK881d_rVTngSJZMvG1xGI6exSkgNR4XoMEXHX-6VMAu_aaTkb7wGttHXmJVc_x63Lf-8LOm_9kl3D1Y-GoSn7Q=s2048,https://www.google.com/maps?cid=6263751642035402260
tokyo-kioi-seido,Kioi Seido,alt-1,tokyo/photos/tokyo-kioi-seido/alt-1.webp,900,1600,portrait,space-interior,place,design,co,https://maps.google.com/maps/contrib/113789232940301479395,false,Photo: co via Google Maps,google-maps-contributor,https://lh3.googleusercontent.com/gps-cs-s/AHRPTWl8MpkYs1HqmCIttp8YlJaiYGF5vpLHEGJx2rrx3EGpmdzWqxy_W1Ad-1-c0PC3JUj6amlsXAya7x1ePG5ssgkFYLmBFLF7Lqasf0Ld0exJ97T2qNdSKynzQNuet4V6yEigLOaTmfB9JaQM=s2048,https://www.google.com/maps?cid=6263751642035402260
tokyo-kioi-seido,Kioi Seido,alt-2,tokyo/photos/tokyo-kioi-seido/alt-2.webp,1200,1600,portrait,space-exterior,place,design|daytime,H. Cheng,https://maps.google.com/maps/contrib/106931072024826323052,false,Photo: H. Cheng via Google Maps,google-maps-contributor,https://lh3.googleusercontent.com/gps-cs-s/ANWiy9R5s-N_tFRSJ3CK8F_kOh-aY6GTUjcGhWt0MfpYd4Tl53G_7KtANVtXzxA6WLsUxhnL8V8hm8etzcClb97oKnqOOmFrOdQ6pMLIlQB-N5McItCps4SxmTZb3iKzwZASQ67o3gTIQEO6c886=s2048,https://www.google.com/maps?cid=6263751642035402260
tokyo-kioi-seido,Kioi Seido,alt-3,tokyo/photos/tokyo-kioi-seido/alt-3.webp,1600,900,landscape,detail,place,design|minimal,Wowwood,https://maps.google.com/maps/contrib/112044901407435056902,false,Photo: Wowwood via Google Maps,google-maps-contributor,https://lh3.googleusercontent.com/gps-cs-s/ANWiy9RYbvPMZbx6S4Tyf1NIcKrxhB8_4hsiMmJIM4DK_eMAErMDixK47fMEzxmxP5vYWLjYoueDERunVrYVsVNllyP6oeBxkl_7tH1d86wV6hyvp9jdqFJiSvrlQEzDcc8Wis87_TfILsmxay20=s2048,https://www.google.com/maps?cid=6263751642035402260
tokyo-kitasando-coffee,KITASANDO COFFEE,hero,tokyo/photos/tokyo-kitasando-coffee/hero.webp,1600,1200,landscape,drink,place,cozy|daytime,スタバカ（SUTABAKA）,https://maps.google.com/maps/contrib/107705833309561868785,false,Photo: スタバカ（SUTABAKA） via Google Maps,google-maps-contributor,https://lh3.googleusercontent.com/gps-cs-s/ANWiy9RJXjywaJAM4rTH9haugA5hG4IzGYnnGBVH3FOh0QnOB2R9Em954zqFzPMZW2_zBgljSF8fNUN5_kEgVJOC5lgflYR2QHKLDPFQWsmD6fGiJEiwh9GU3b9oMM0ZBSs5gheRRZsequKtsICK=s2048,https://www.google.com/maps?cid=5932421881238896767
tokyo-kitasando-coffee,KITASANDO COFFEE,alt-1,tokyo/photos/tokyo-kitasando-coffee/alt-1.webp,1600,1599,square,space-interior,place,counter-seating|design|bright,Geos Essentials LG,https://maps.google.com/maps/contrib/106617328728766972851,false,Photo: Geos Essentials LG via Google Maps,google-maps-contributor,https://lh3.googleusercontent.com/gps-cs-s/ANWiy9Rvf2oSqq2VncqtvFFKdWUKdmH-cOemGpeHGuTTebT5qpCOpfTZZ6GJNLSoJoMtgzgEmphef29lxHINg5IRJpnhpfYkd6_0WFXdvX342OcRcRXkE8f-sY1ovwDnhdDTD3ZV_EdA4pSfnOm-=s2048,https://www.google.com/maps?cid=5932421881238896767
tokyo-kitasando-coffee,KITASANDO COFFEE,alt-2,tokyo/photos/tokyo-kitasando-coffee/alt-2.webp,1200,1600,portrait,space-exterior,place,night|cozy,Tianjun Feng,https://maps.google.com/maps/contrib/103600192575293235268,false,Photo: Tianjun Feng via Google Maps,google-maps-contributor,https://lh3.googleusercontent.com/grass-cs/ACvplmNwsSC9h4SxERMF2XMSHFeJIF87Q4moM4NHkh3Vr5bO7ITeYhRkTQKPshXv-3uS9OjP6ZpK9b9JtvlO-jz5R8dU72vxmoRpXMmOtpII6QiCyZPp_Zj95EOxmq5OBQuPj8Ma0Sxjlg=s2048,https://www.google.com/maps?cid=5932421881238896767
tokyo-kitasando-coffee,KITASANDO COFFEE,alt-3,tokyo/photos/tokyo-kitasando-coffee/alt-3.webp,1600,1067,landscape,food,place,bright|minimal,KITASANDO COFFEE,https://maps.google.com/maps/contrib/103415050473891672762,true,Photo: KITASANDO COFFEE via Google Maps,google-maps-contributor,https://lh3.googleusercontent.com/gps-cs-s/ANWiy9SDnqBSjc2m2p4vku4Eycb7PKIbkdowCDkbUMXNdP0mwDPEh1YebjIiB8CjIDGE-BcWK9uIKp78HmcNcoNY7ifhh8jQzavYYTQI_MkxHS0HPPLCWOevMmxx5s9VSTAqOB-26uE3Ekv3vV1G=s2048,https://www.google.com/maps?cid=5932421881238896767
tokyo-kiyas,KIYAS,hero,tokyo/photos/tokyo-kiyas/hero.webp,1024,768,landscape,food,place,cozy,梅村征敏,https://maps.google.com/maps/contrib/116440346698343406672,false,Photo: 梅村征敏 via Google Maps,google-maps-contributor,https://lh3.googleusercontent.com/gps-cs-s/AHRPTWl4wjN-6z2sTbk1R2Ra9MSjeglXP_gMm_-WaZbxUYXC3E0OmEbyITx1Qw5vMbG5QarSVOJQJlepWUxIu_WZ_CXFMkWsh71Fk8ncltNSJeY_uO377Qe5uPd_4TYVGrzZStXFI3eJbOeWrr1T=s2048,https://www.google.com/maps?cid=429930288985600359
tokyo-kiyas,KIYAS,alt-1,tokyo/photos/tokyo-kiyas/alt-1.webp,1600,720,landscape,space-interior,place,counter-seating|moody|design,FUJI Masa,https://maps.google.com/maps/contrib/114215116205662525469,false,Photo: FUJI Masa via Google Maps,google-maps-contributor,https://lh3.googleusercontent.com/gps-cs-s/AHRPTWl3PMCMlz_pg98rF-d_pioIe6StHwSxKPtzkBm8Lxmgo3PDUOmzpPLBo18e_1uQFx5v2qpmQd04AnY8uGa2CXVoYcOLXf3cVZ6gP55EF_ZXFS4EKLD49H6XbS81SyqapRYgVRlFL0pCh7I=s2048,https://www.google.com/maps?cid=429930288985600359
tokyo-kiyas,KIYAS,alt-2,tokyo/photos/tokyo-kiyas/alt-2.webp,1200,1600,portrait,food,place,cozy,kotaro nakashima,https://maps.google.com/maps/contrib/102621919115052827284,false,Photo: kotaro nakashima via Google Maps,google-maps-contributor,https://lh3.googleusercontent.com/gps-cs-s/AHRPTWmp2QHr6lIO4_OzDJQ4hDZgdKcy9gnn5B_xSEur5mozhZiOCrvOeDLKClxCZ_GPvBtbXB__emSfNoyCfL1b6jnNbbuPJGWreqzkuCs90GEaEx_wsf-vpqBD_AX0M3kyisqnbrVBxa3RyzWz=s2048,https://www.google.com/maps?cid=429930288985600359
tokyo-kiyas,KIYAS,alt-3,tokyo/photos/tokyo-kiyas/alt-3.webp,1200,1600,portrait,space-exterior,place,night|design,Rico Fujita,https://maps.google.com/maps/contrib/114446841504866954365,false,Photo: Rico Fujita via Google Maps,google-maps-contributor,https://lh3.googleusercontent.com/gps-cs-s/AHRPTWn3uG9YBsy4iUUY7vqfKbanQTdalyjyXESTeW9QsADL6GPG7HTDigdH0Ak6S9hClXA4rJZrUWCinCjrX4gG95ESKIXKhA10aBzdkgUw0rlkOM_s_CrW6779GjdqGq_AUm0rdrCv=s2048,https://www.google.com/maps?cid=429930288985600359
tokyo-koara,KOARA,hero,tokyo/photos/tokyo-koara/hero.webp,1600,1205,landscape,space-interior,place,moody|counter-seating|night,Matthew Strauss,https://maps.google.com/maps/contrib/116932482017750319403,false,Photo: Matthew Strauss via Google Maps,google-maps-contributor,https://lh3.googleusercontent.com/gps-cs-s/AHRPTWmgYYKPLtHuGzD_O4LAuQMyAF_vmu0nI0Wo6r0XTmql4MNr_038jb7jXbon50AM20In3vJV18n_5ROmGCDiL4OLPNSKZ2X6DGw-uRmr0xH040_wvtq_Sv_CAsB5dS5ur3393jrv8Q=s2048,https://www.google.com/maps?cid=2009861383596476736
tokyo-koara,KOARA,alt-1,tokyo/photos/tokyo-koara/alt-1.webp,720,1600,portrait,space-exterior,place,night|minimal,Hideaki Akaiwa,https://maps.google.com/maps/contrib/110036986872459625551,false,Photo: Hideaki Akaiwa via Google Maps,google-maps-contributor,https://lh3.googleusercontent.com/gps-cs-s/AHRPTWm6A0onDQV_AJGS5I2imUYWmlJXbEp8C3b330mr9iYTSr7dQ8-mUZiBmBm4cAAVZWuj1ynL71_wDUy-4dENzAPqaiVk-nukMl8sqjmhvP7eJk2dhy6SniYv-AOJVjA9es9gc0dFKQ=s2048,https://www.google.com/maps?cid=2009861383596476736
tokyo-koara,KOARA,alt-2,tokyo/photos/tokyo-koara/alt-2.webp,720,1280,portrait,activity,place,night|moody,Hideaki Akaiwa,https://maps.google.com/maps/contrib/110036986872459625551,false,Photo: Hideaki Akaiwa via Google Maps,google-maps-contributor,https://lh3.googleusercontent.com/gps-cs-s/AHRPTWnGDSEshUjYjKKhoizq7kwixgg_1DrEUgopypLy1ZHPwhjM8lu0Pu4htNiwBSWZMgkwMQPZ0v8p01CyGgxIpdaKk163bxRGdY05UD0Oyi8RrFxrnKzlHV94Rn491eGAZ1WORIuUGw=s2048,https://www.google.com/maps?cid=2009861383596476736
tokyo-koffee-mameya,KOFFEE MAMEYA,hero,tokyo/photos/tokyo-koffee-mameya/hero.webp,1600,1200,landscape,space-exterior,place,design|minimal|daytime,Eduardo Almeida,https://maps.google.com/maps/contrib/102679695977009336396,false,Photo: Eduardo Almeida via Google Maps,google-maps-contributor,https://lh3.googleusercontent.com/gps-cs-s/ANWiy9QBnXwf9xEd3WSbu1T28DHwPvNW3nBVh62nWKskq1PNiGH0qWr4LbJEfyWD84Q4WL4u__lvX7ng8Pu9e225hL5QvhjwCd16s1yvJF2QPgwtKeazrfBk_tsMdtFWochXBhHZLEOlmQyN7dVX=s2048,https://www.google.com/maps?cid=5064916712424889855
tokyo-koffee-mameya,KOFFEE MAMEYA,alt-1,tokyo/photos/tokyo-koffee-mameya/alt-1.webp,1600,1398,square,space-interior,place,counter-seating|design|minimal,David Tidwell,https://maps.google.com/maps/contrib/115577527762215376921,false,Photo: David Tidwell via Google Maps,google-maps-contributor,https://lh3.googleusercontent.com/gps-cs-s/ANWiy9QYJD7-W5wrzWzfi1qjrTNNYsCdL8DAgka44O8Az6ic5KfSnzNAF1RSdzdL1HfYws5XVS4e4D7ClbVWJGTR45kFZaWdgU1qaHXxRSHbfR5fB--as8tWNFIyWeZFdTEerioa0oaD--LKkTI=s2048,https://www.google.com/maps?cid=5064916712424889855
tokyo-koffee-mameya,KOFFEE MAMEYA,alt-2,tokyo/photos/tokyo-koffee-mameya/alt-2.webp,1200,1600,portrait,activity,place,minimal,v k,https://maps.google.com/maps/contrib/111840541901662752397,false,Photo: v k via Google Maps,google-maps-contributor,https://lh3.googleusercontent.com/gps-cs-s/ANWiy9SioJmUhmjTzQEavIuney-MnncGoPIgf3TIzpfRnSEv8xOdigv47_WlScA1r2rdfx3XHR-iDJ_KjoA2UJhw90HaWl27H0Fv182_3xb45j0YsFIbgpNVQYAU4XUOmkLtVGK2SbyftTO8WdRz=s2048,https://www.google.com/maps?cid=5064916712424889855
tokyo-koffee-mameya,KOFFEE MAMEYA,alt-3,tokyo/photos/tokyo-koffee-mameya/alt-3.webp,1600,1600,square,detail,place,minimal|design,Ed Wang,https://maps.google.com/maps/contrib/109615572190061623134,false,Photo: Ed Wang via Google Maps,google-maps-contributor,https://lh3.googleusercontent.com/gps-cs-s/ANWiy9QPxfcLy3cCwja7fuNSRWg_heZhMbj-xdnLcDvVcOlXe4dwM3hNKGMIWbRVCmwm2G6VmQH8Mscr0Ps_Q2MGrXnO3Hdzhkouyeowp_SyTt1E_lLg_1-P3SSbTHm3OyAmigR91NGN1SLbdBrv=s2048,https://www.google.com/maps?cid=5064916712424889855
tokyo-koffee-mameya-kakeru,KOFFEE MAMEYA Kakeru,hero,tokyo/photos/tokyo-koffee-mameya-kakeru/hero.webp,1600,1200,landscape,space-exterior,place,night|design|minimal,吉良吉良,https://maps.google.com/maps/contrib/108625311544185265097,false,Photo: 吉良吉良 via Google Maps,google-maps-contributor,https://lh3.googleusercontent.com/gps-cs-s/AHRPTWmJT0wuBkl1ElGNFJhHBhuhodwueRbOdsM7jtCrXmTK1hCPDuNF5l9jwyoo_rhKoMJGYaE_gHd-nrfp_JdFfoeA1e6y1xDDHCoF0XfryVIXMdcrV_7tBBUb4EiF0KQG4_ztndhT=s2048,https://www.google.com/maps?cid=1258432457959215324
tokyo-koffee-mameya-kakeru,KOFFEE MAMEYA Kakeru,alt-1,tokyo/photos/tokyo-koffee-mameya-kakeru/alt-1.webp,1600,1200,landscape,space-interior,place,design|minimal|counter-seating,Kobachi,https://maps.google.com/maps/contrib/104603967173346100960,false,Photo: Kobachi via Google Maps,google-maps-contributor,https://lh3.googleusercontent.com/gps-cs-s/AHRPTWlLCiJPkbagaeiu001wnFj7BVb_xeduRCtWfhTSJGdJ4jDS4Ot0GBT5rWXA9U7HUnTTBBeEoufQ6bkVsaGERlr_v2Zn-pX4_lFEx03csUHFZyGv7Cu7DbieGDeEp17_uSFYmOb7XgVMqhM=s2048,https://www.google.com/maps?cid=1258432457959215324
tokyo-koffee-mameya-kakeru,KOFFEE MAMEYA Kakeru,alt-2,tokyo/photos/tokyo-koffee-mameya-kakeru/alt-2.webp,1600,900,landscape,activity,place,design,Elina Uriaev,https://maps.google.com/maps/contrib/115323368648155677717,false,Photo: Elina Uriaev via Google Maps,google-maps-contributor,https://lh3.googleusercontent.com/gps-cs-s/AHRPTWlsBDzo7gVuOzylLjZF277rLN4asnMoZiaT2RVPSvkjTw0vPDPz_MuFzUX_znJ33mPOXEtbHvH2UixKYHrccbObX3cgHO6PnFEDUiq6Bv_qbIKXSs25N8Y1WweTAyzH70oySW4jsXOWmQiD=s2048,https://www.google.com/maps?cid=1258432457959215324
tokyo-koffee-mameya-kakeru,KOFFEE MAMEYA Kakeru,alt-3,tokyo/photos/tokyo-koffee-mameya-kakeru/alt-3.webp,1600,1600,square,drink,place,minimal,みぶグルメ,https://maps.google.com/maps/contrib/118117173123226936099,false,Photo: みぶグルメ via Google Maps,google-maps-contributor,https://lh3.googleusercontent.com/gps-cs-s/AHRPTWnmszmCZNWC8D7VI6CgwaPW3o_7qQNvur3EaW50lCiD2WBITyb5sdFlfSfqb0Gc8SgChuUksHCNWGWsNfQUBHD-eAi2MD2H0NdHlz87ZTfTT9CIK2uQel_-gHnSuMV4HOu9V9UF3gmzjTMf=s2048,https://www.google.com/maps?cid=1258432457959215324
tokyo-koishikawa-korakuen,Koishikawa Korakuen,hero,tokyo/photos/tokyo-koishikawa-korakuen/hero.webp,1600,1200,landscape,nature,place,garden|serene|waterfront,Georgi Krushovski,https://maps.google.com/maps/contrib/108255536389658232824,false,Photo: Georgi Krushovski via Google Maps,google-maps-contributor,https://lh3.googleusercontent.com/gps-cs-s/ANWiy9SjskScVi35m8czu_kCFe8-AV59F2C2TlIG8l37vfwACYRsmymhCpd4nmE-uO5aTsNKx3ZbSEiVySmNvceu7BFoNg_lATvIoLlKFUt8UMReONqpMH9s835d9SXOp-du2Ic_8L0=s2048,https://www.google.com/maps?cid=1955127484666331742
tokyo-koishikawa-korakuen,Koishikawa Korakuen,alt-1,tokyo/photos/tokyo-koishikawa-korakuen/alt-1.webp,1600,1200,landscape,nature,place,garden|green|daytime,Aubrey Huang,https://maps.google.com/maps/contrib/105291681976242693665,false,Photo: Aubrey Huang via Google Maps,google-maps-contributor,https://lh3.googleusercontent.com/gps-cs-s/ANWiy9R-NGiO9-rcBZuHZ4Yeo5zhhFZS8cIWb9I0S9VbEa60Itt6OYXwc1mxDu-N9Dp-8Ec06QUJOPUuhRgvDmM4MFrYDF2ZWTIsEVWef-siD6Ka-y7rBqXPL1uK3y348rh7iR_yeLYiDovDIno=s2048,https://www.google.com/maps?cid=1955127484666331742
tokyo-koishikawa-korakuen,Koishikawa Korakuen,alt-2,tokyo/photos/tokyo-koishikawa-korakuen/alt-2.webp,1600,1200,landscape,nature,place,garden|skyline|daytime,チッチチャン,https://maps.google.com/maps/contrib/116697090193835792071,false,Photo: チッチチャン via Google Maps,google-maps-contributor,https://lh3.googleusercontent.com/grass-cs/AABkmLfHRcXiROXrOyAU8lObPz0g0zPI6_7FFUTyFb89k-dOjzKR0Q7IXHOR4X_Y0uvuNX3ZsQDoSrrrMhNFvCK-0On3UhRSmsHVk_pM9OmO0N_p78S9ZcA35FXbWLt0RIAj8Inn7RM=s2048,https://www.google.com/maps?cid=1955127484666331742
tokyo-koishikawa-korakuen,Koishikawa Korakuen,alt-3,tokyo/photos/tokyo-koishikawa-korakuen/alt-3.webp,1600,1200,landscape,space-exterior,place,garden|green|retro,net k-m,https://maps.google.com/maps/contrib/107851301226051413725,false,Photo: net k-m via Google Maps,google-maps-contributor,https://lh3.googleusercontent.com/gps-cs-s/ANWiy9TbaMvE4FJQk4rXmWIkR7vM6BMQniIXg7_fqRA9w_JICrYk6yMaBo4LTvAcp8XWMdzv0_sCVvhlxjMsnJ-Vua2COcqyhY7RNqzXShd-TxDEgFER_MoOVqMNyZXMax_nMjatffcfxr8T04kT=s2048,https://www.google.com/maps?cid=1955127484666331742
tokyo-kokoro-musubi,Kokoro-musubi,hero,tokyo/photos/tokyo-kokoro-musubi/hero.webp,1600,1200,landscape,food,place,cozy,H M,https://maps.google.com/maps/contrib/108378665448796991339,false,Photo: H M via Google Maps,google-maps-contributor,https://lh3.googleusercontent.com/gps-cs-s/ANWiy9S2xRP5WsNpaEJ3TsWNlq-hJZyfAr9oFuYsAWah-dpJ86QWhQjv_DMgLIsNxqX9CvgPJTFEdgCKVQiXzGvwh2PYTBJ9P2vBrjWuHoHqP4J3Beor61Yw2h0pd3cBOCf4xcvwX7HQ=s2048,https://www.google.com/maps?cid=13363713889502567156
tokyo-kokoro-musubi,Kokoro-musubi,alt-1,tokyo/photos/tokyo-kokoro-musubi/alt-1.webp,1200,1600,portrait,space-exterior,place,night|retro|street,Kato Masao,https://maps.google.com/maps/contrib/116224874537365121416,false,Photo: Kato Masao via Google Maps,google-maps-contributor,https://lh3.googleusercontent.com/gps-cs-s/AHRPTWmc42deiLHoGxI-MlSSd1Dyuk-UkqePmzpbJSvdvYqePooPBb6lQ9QPxXU9elLaylmkDqAihIbwS6KuoEh03kMJ7Zbg-xgJu9kkPsz1jyKNflZnmxDqrZSdPLk84TgHQvTItGe5W-6t7oZ2=s2048,https://www.google.com/maps?cid=13363713889502567156
tokyo-kokoro-musubi,Kokoro-musubi,alt-2,tokyo/photos/tokyo-kokoro-musubi/alt-2.webp,1600,1200,landscape,food,place,cozy,H M,https://maps.google.com/maps/contrib/108378665448796991339,false,Photo: H M via Google Maps,google-maps-contributor,https://lh3.googleusercontent.com/gps-cs-s/ANWiy9RYe37OTEDRUfGoSqY5GQNeNzvT9L2A0WUdBsXcpao4NQMoBBWxxOu3hQ-TvbtELIs2FKfrDtBbFPn6QdBSb7CSiIIfSmuEnMNS2v1bU2JSo4rNf0B2_-f0mB50MtDccntD3fzzkg=s2048,https://www.google.com/maps?cid=13363713889502567156
tokyo-kokoro-musubi,Kokoro-musubi,alt-3,tokyo/photos/tokyo-kokoro-musubi/alt-3.webp,900,1600,portrait,drink,place,cozy,Sisi Chang,https://maps.google.com/maps/contrib/114539040564414668043,false,Photo: Sisi Chang via Google Maps,google-maps-contributor,https://lh3.googleusercontent.com/gps-cs-s/ANWiy9TEF5fVj5_h2ueC_j-pJ43pTJQROwepvqkDz045KoIe31wgnOHDdLsgZVNygy1mBj4mPCx8d_JnMlFOPvxk2cSXpHYUZeYIj5oVeYalDlrsJCjhDDGYxbXPhxzZ3uENriVRflo6n7eYpmek=s2048,https://www.google.com/maps?cid=13363713889502567156
tokyo-kourin,KOURIN,hero,tokyo/photos/tokyo-kourin/hero.webp,1600,1200,landscape,space-exterior,place,night|street,K Gourmeet.,https://maps.google.com/maps/contrib/109086394053064088865,false,Photo: K Gourmeet. via Google Maps,google-maps-contributor,https://lh3.googleusercontent.com/gps-cs-s/AHRPTWmyMgZ2vbvgynit71G99SH7P6f9PpwCDMdLN8hMH3mvDlQ6m_bEPplzK4rDCQqhSQBL3yIliqrEbUHRm_H3xQBN91I2wfKOhyJ_OLPt61JRDNSDxO-UZf3rRMMXnjU-VfbENK0zx2F36XAg=s2048,https://www.google.com/maps?cid=16652403878909484911
tokyo-kourin,KOURIN,alt-1,tokyo/photos/tokyo-kourin/alt-1.webp,1120,1120,square,food,place,counter-seating|minimal,mamemaki arare,https://maps.google.com/maps/contrib/100936229257754205073,false,Photo: mamemaki arare via Google Maps,google-maps-contributor,https://lh3.googleusercontent.com/gps-cs-s/AHRPTWm-_9I9oqnXcFwb9ibQdLFyJ1MJ4Th_90vy16kO8dLh4l6hUlE4sml49gO3PJM925RNxU1fKGp9cg4DODfZqWXzJcDs6dASjmm38UUFwqss72x8iDpX6ZiZ_4vWyRBTdd6-2H6cmA=s2048,https://www.google.com/maps?cid=16652403878909484911
tokyo-kourin,KOURIN,alt-2,tokyo/photos/tokyo-kourin/alt-2.webp,1600,1600,square,food,place,counter-seating|minimal,batayan,https://maps.google.com/maps/contrib/117919874473760452831,false,Photo: batayan via Google Maps,google-maps-contributor,https://lh3.googleusercontent.com/gps-cs-s/AHRPTWk2OmULTSuvHW8Gi3nrMchB4gF7o1bgs2Sg1cv1hKl4_Lia7Xz7DY5SW4LQm_89GfhUboAx9zcMcLMD3gjNnCYIBESlYLHA74SVgZu8xby8kTjTpxRi1-uoZwBepFBY0imzxXINKadNYHJv=s2048,https://www.google.com/maps?cid=16652403878909484911
tokyo-kourin,KOURIN,alt-3,tokyo/photos/tokyo-kourin/alt-3.webp,1200,1600,portrait,food,place,minimal,KK,https://maps.google.com/maps/contrib/113878760751376556217,false,Photo: KK via Google Maps,google-maps-contributor,https://lh3.googleusercontent.com/gps-cs-s/AHRPTWkAWoasbh8iQJbOp5um6s1B6ppzW4iewrsefCWD0uVV986t4LteavIrkBwdGfmSIQdXPFWm4yNV4uUwghE6NdOIlG_i7nWH4_JVsEcQyxSML3YGnRpkXv1CrlrSL8hP3hdOYngZJ0aSY70=s2048,https://www.google.com/maps?cid=16652403878909484911
tokyo-koyasu-inari-shrine,Koyasu Inari Shrine,hero,tokyo/photos/tokyo-koyasu-inari-shrine/hero.webp,1600,1200,landscape,space-exterior,place,daytime|green|serene,百目鬼賢吾,https://maps.google.com/maps/contrib/117456354532995404529,false,Photo: 百目鬼賢吾 via Google Maps,google-maps-contributor,https://lh3.googleusercontent.com/gps-cs-s/AHRPTWlc5VEd5NXmJnq1dLwfxkVn7j3Eccb-KsdWKdRfxGGhPNp5M7Q_shoh9LXCxh8eBnnaL4LuhqeqGOE4zdpBJspfHnQ1uviUE17wIEOwt2OQl-l4JVnVxTaSU4ZYApda_fx7w5Qujg=s2048,https://www.google.com/maps?cid=14557413319608169383
tokyo-koyasu-inari-shrine,Koyasu Inari Shrine,alt-1,tokyo/photos/tokyo-koyasu-inari-shrine/alt-1.webp,1280,1600,portrait,nature,place,daytime|bright,ゴールドストロング,https://maps.google.com/maps/contrib/108546443961497665008,false,Photo: ゴールドストロング via Google Maps,google-maps-contributor,https://lh3.googleusercontent.com/gps-cs-s/AHRPTWlQ4WiHj-_2wWScDPgf46bJzVDGCI2Vc0mJofR06dffgLKqKGt86GGezuGwr_NbF2nHg0af3zzKeWnmrwFrCq8Pwh0lP5Qctto5dkWuF1m1v-9uBWQwYy7h7DQcDsTgGfuI5rCs=s2048,https://www.google.com/maps?cid=14557413319608169383
tokyo-koyasu-inari-shrine,Koyasu Inari Shrine,alt-2,tokyo/photos/tokyo-koyasu-inari-shrine/alt-2.webp,1600,1600,square,space-exterior,place,green|daytime,cart M,https://maps.google.com/maps/contrib/114254633483943534348,false,Photo: cart M via Google Maps,google-maps-contributor,https://lh3.googleusercontent.com/gps-cs-s/AHRPTWl3AfI5Zxs-DhZdedf7Or671OEl-k7SY7CeYG_3aDhT_4Z0eKiRk1D6_GxJzXIiggLRuesW_UOb9PC-M5NXUhi8gtJrkm1ilX3PtWwOBLdXBYK61mGdJ6abohSJKB5CUiF-mByl=s2048,https://www.google.com/maps?cid=14557413319608169383
tokyo-koyasu-inari-shrine,Koyasu Inari Shrine,alt-3,tokyo/photos/tokyo-koyasu-inari-shrine/alt-3.webp,1200,1600,portrait,detail,place,serene,けんぴ,https://maps.google.com/maps/contrib/104021106405125124881,false,Photo: けんぴ via Google Maps,google-maps-contributor,https://lh3.googleusercontent.com/gps-cs-s/AHRPTWkEY9TTbB1AVzc0986J2XFxMnFBXHjnFlJGdD_8QjF67iPZ7jfvyVxkplgjcVff-BMpsaSd0l3B3-gz9MS78YFCCQ4FF2icRGsHHz4bvQfXHgJ0RX8wHIBDd0YR1FJNUI5OlMbO=s2048,https://www.google.com/maps?cid=14557413319608169383
tokyo-kozushima-village,Kozushima Village,hero,tokyo/photos/tokyo-kozushima-village/hero.webp,1600,1200,landscape,nature,place,waterfront|bright|daytime,Saeed Ullah,https://maps.google.com/maps/contrib/103829844627175481707,false,Photo: Saeed Ullah via Google Maps,google-maps-contributor,https://lh3.googleusercontent.com/gps-cs-s/AHRPTWluAt6qAdw8VUJJu26Tg9plc0eMFzah6-fbw2_0dfi0k8tRV3k9cjnz3mfhZT6eUrMD2Fym-F_ncPj5CWq4ul7CjwJ0IAoDnjsB8WM-iCURGtdmyJRaTy62B08IpOtIEf-YCoE=s2048,https://www.google.com/maps?cid=7233986654403163381
tokyo-kozushima-village,Kozushima Village,alt-1,tokyo/photos/tokyo-kozushima-village/alt-1.webp,1600,902,landscape,nature,place,waterfront|serene,俊明,https://maps.google.com/maps/contrib/112398706168991702047,false,Photo: 俊明 via Google Maps,google-maps-contributor,https://lh3.googleusercontent.com/gps-cs-s/AHRPTWkoAosnZNgU73CQV57TycYlEnbpw1OHICG_IiDS6I9B6EPoViivDidejucWdxjFCcEK0aWN-eO9PZoqH2Yykgcp5Mb_2sXOJrYfrO4v-bJcW7hHUmjiMgLwDymO8hAtES1R_XAR7w=s2048,https://www.google.com/maps?cid=7233986654403163381
tokyo-kozushima-village,Kozushima Village,alt-2,tokyo/photos/tokyo-kozushima-village/alt-2.webp,1600,1066,landscape,nature,place,green|waterfront,Yutas Kodaira,https://maps.google.com/maps/contrib/105165927056417048351,false,Photo: Yutas Kodaira via Google Maps,google-maps-contributor,https://lh3.googleusercontent.com/gps-cs-s/AHRPTWmfTRGmYtp5mDWcnz8OXH9h7lXA4RFgVaw6kL8KrGmHJijiHUiInsoxYlVJ17HF2u6kByfMN2UngnKZAobhaY1wDtXMRmPE43_ZfYm6R8HgVo0ciAZfdEnLsf5Bv3o2D0Ljk7QV=s2048,https://www.google.com/maps?cid=7233986654403163381
tokyo-kozushima-village,Kozushima Village,alt-3,tokyo/photos/tokyo-kozushima-village/alt-3.webp,1600,1200,landscape,view,place,waterfront|daytime,Saeed Ullah,https://maps.google.com/maps/contrib/103829844627175481707,false,Photo: Saeed Ullah via Google Maps,google-maps-contributor,https://lh3.googleusercontent.com/gps-cs-s/AHRPTWnps3y9WSidfpt-q23xPX1R6TLRqAnHmK3fBxLNUYOdeKsrX5AQJacAPiQW9bYmp6jlDQssSdy6LF0bsm4UaFo_-t8z7JkbpCWIHTerYFiOlNRjm4CSVaVriofoqz0WTEVNzLy7=s2048,https://www.google.com/maps?cid=7233986654403163381
tokyo-kozy,Kozy,hero,tokyo/photos/tokyo-kozy/hero.webp,1200,1600,portrait,space-interior,place,moody|counter-seating|intimate,전진형,https://maps.google.com/maps/contrib/113361851109061426843,false,Photo: 전진형 via Google Maps,google-maps-contributor,https://lh3.googleusercontent.com/grass-cs/ACvplmO37BeIPGneCaS-RVpIgUXhzCiW4TtBm5EKjopKEmBtIiXyyFBlAEQX7n2stkZG0QUOZabAddgCxSN5WDbw0W5zQzg5q15qPqcNTxKM1uJA1f16-x0NlZEgNHnQfkYMyLRV7h-dd7oQSkgY=s2048,https://www.google.com/maps?cid=10256780025458300272
tokyo-kozy,Kozy,alt-1,tokyo/photos/tokyo-kozy/alt-1.webp,1200,1600,portrait,drink,place,moody|intimate,SOLAR Hair (日日髮型),https://maps.google.com/maps/contrib/105449553444996269473,false,Photo: SOLAR Hair (日日髮型) via Google Maps,google-maps-contributor,https://lh3.googleusercontent.com/gps-cs-s/AHRPTWnrq7RLctljxstimCuaDN2XOkoLxkb4RKJBzILm42qZnYePdHmcsPL6SAMZnusIuwQVQous5xt4Q_UUDcXCXug4xgs6PL_UiBFLJlMLYoZU0L0p3DtQVUcfTa21QVbP5fzMZ4nhyNqznPuK=s2048,https://www.google.com/maps?cid=10256780025458300272
tokyo-kozy,Kozy,alt-2,tokyo/photos/tokyo-kozy/alt-2.webp,1200,1600,portrait,drink,place,night|moody,marla pollock,https://maps.google.com/maps/contrib/106087482911819719346,false,Photo: marla pollock via Google Maps,google-maps-contributor,https://lh3.googleusercontent.com/gps-cs-s/AHRPTWl7ogoNciZeB2ufH-mQXAMMPPfunKZMiW9h1JmwcHtx6irVR_uZiYn3NCHHTIsBCGZtFXzoNWlcnTFO1TuT3mTY-QpKZgRvJtDLL1AI_9DILOXGFcWV-PKgngbE06QCLkUwssHxypjZIAVd=s2048,https://www.google.com/maps?cid=10256780025458300272
tokyo-kozy,Kozy,alt-3,tokyo/photos/tokyo-kozy/alt-3.webp,1200,1600,portrait,drink,place,moody,Lars Rüegsegger,https://maps.google.com/maps/contrib/103717141790608270910,false,Photo: Lars Rüegsegger via Google Maps,google-maps-contributor,https://lh3.googleusercontent.com/gps-cs-s/AHRPTWno_HiPwr74DmKzZcxRqkvVZhxE2JbAnNpdowTvuo9I6_UB2yCwSkmHJ0ldgYzS3fTuOhG_gzhRM5E8TEfGTKuJF6xWEcmlK9B1Bmp5E8albhy8fD-COEsT2w7WS0nt6N6qvEz6p6vPla1m=s2048,https://www.google.com/maps?cid=10256780025458300272
tokyo-kudochi-sauna-ginza,KUDOCHI sauna Ginza,hero,tokyo/photos/tokyo-kudochi-sauna-ginza/hero.webp,1600,766,landscape,space-interior,place,design|minimal,KUDOCHI sauna,https://maps.google.com/maps/contrib/102450664753972410349,false,Photo: KUDOCHI sauna via Google Maps,google-maps-contributor,https://lh3.googleusercontent.com/gps-cs-s/ANWiy9SeXRVyVy1GRQqIeCQ2IG95jjODy7qd_d0yG5Zzq2moMN9F8U86-PcAUpQmXAX9dHEQQhq58NgcyfvHM5ubhOE_zKF3fqsQtLWw_w6cNRGAMJphyloh4ms_JWF44nEJoo1jKrie3w=s2048,https://www.google.com/maps?cid=14848927204075567574
tokyo-kudochi-sauna-ginza,KUDOCHI sauna Ginza,alt-1,tokyo/photos/tokyo-kudochi-sauna-ginza/alt-1.webp,801,1600,portrait,detail,place,design|moody,KUDOCHI sauna,https://maps.google.com/maps/contrib/102450664753972410349,false,Photo: KUDOCHI sauna via Google Maps,google-maps-contributor,https://lh3.googleusercontent.com/gps-cs-s/ANWiy9Qx1Mz4RJL9Z-LJN7L6J9JmALLBwQXuc2TAnT-1taY14Xc_L077d18uGm1nV0FGhdtRfdlJArEvUypbvyM3SNE_H8TSCnMa__luGnodFckAdPOHs0pTCspEwW8IMhyr7_pvZATo=s2048,https://www.google.com/maps?cid=14848927204075567574
tokyo-kudochi-sauna-ginza,KUDOCHI sauna Ginza,alt-2,tokyo/photos/tokyo-kudochi-sauna-ginza/alt-2.webp,1600,1200,landscape,space-interior,place,design|minimal,藤原諭（サトル）,https://maps.google.com/maps/contrib/106266953652310326337,false,Photo: 藤原諭（サトル） via Google Maps,google-maps-contributor,https://lh3.googleusercontent.com/gps-cs-s/ANWiy9S5lUozv3J0sgA-Wo6bbysGWNpOG7sFzm6oNKUWX3YI8zokwXPXW3ZdMkAmD1P2CWX52Vb3otmLF6B0-RchfL4I05E_FKFi-eiOzZrsc3bbb4omDIP8GvYGZ_I0v4S9hvN8hK2B=s2048,https://www.google.com/maps?cid=14848927204075567574
tokyo-kudochi-sauna-ginza,KUDOCHI sauna Ginza,alt-3,tokyo/photos/tokyo-kudochi-sauna-ginza/alt-3.webp,1600,1200,landscape,space-interior,place,design|moody,タピチョコ,https://maps.google.com/maps/contrib/108765510383382385632,false,Photo: タピチョコ via Google Maps,google-maps-contributor,https://lh3.googleusercontent.com/gps-cs-s/ANWiy9Qfadqeey55YZ6pU3Yn9SY_vVnstNmXmJ8PuLffOyCU_9dhtTaClHeWyS9ehJdIPJlGcXbUI-S99H5iGjAK4qUia-EaYWDZE5FnJe1HWZsDaILXLwRbWNrZr88ZsHaTEs5aCKKcbA=s2048,https://www.google.com/maps?cid=14848927204075567574
tokyo-kumachan-onsen,Kumachan Onsen,hero,tokyo/photos/tokyo-kumachan-onsen/hero.webp,1600,1200,landscape,food,place,bright|lively,myplacelog,https://maps.google.com/maps/contrib/113311616903222143168,false,Photo: myplacelog via Google Maps,google-maps-contributor,https://lh3.googleusercontent.com/gps-cs-s/AHRPTWlOUcfbxhqajHsswIMkjT0xHxxRPUPlbgKIzElUIY5XKiScg21x9EuVClFgQiI69TmVPx6oc4jgrJljVD-TESD32yZNq_bjMg7eTjqQZcXqJyQ9ekhTfGBhV07WAgU_s_Hb0rYaoJxuGzI=s2048,https://www.google.com/maps?cid=14477254753490630060
tokyo-kumachan-onsen,Kumachan Onsen,alt-1,tokyo/photos/tokyo-kumachan-onsen/alt-1.webp,1600,1064,landscape,food,place,lively,グルメWorld,https://maps.google.com/maps/contrib/111482466893129257326,false,Photo: グルメWorld via Google Maps,google-maps-contributor,https://lh3.googleusercontent.com/gps-cs-s/AHRPTWl51g7oE16iPw3rZ3F3wtDjkCv4ewxcWFr-pppRJ2Dd0YzVBVqcP7M-IOlp_-EpTf1wqH4Vl2zDF4MDpWYEbR3hBtbzWVH1UoE8-knWB6QtWdVrNpQ2IfdXI8YjalwP-t6PIDWWiO2B9IYa=s2048,https://www.google.com/maps?cid=14477254753490630060
tokyo-kumachan-onsen,Kumachan Onsen,alt-2,tokyo/photos/tokyo-kumachan-onsen/alt-2.webp,1200,1600,portrait,food,place,bright,leesa tran,https://maps.google.com/maps/contrib/110113844333621118253,false,Photo: leesa tran via Google Maps,google-maps-contributor,https://lh3.googleusercontent.com/gps-cs-s/AHRPTWm9FFv908BIRSL95Rs4VPlR6FWHsZV5MjCpCp-pA_jcjFHov6LyuMa8ioQnGpAZ4r-v3cIX_J5On2L_JUZHxFSroIWVeyx_MIQrGCvzOvmDz2Kw6uu6UEG6QKPG9IyV-bigzwXwqNl-md2Q=s2048,https://www.google.com/maps?cid=14477254753490630060
tokyo-kumachan-onsen,Kumachan Onsen,alt-3,tokyo/photos/tokyo-kumachan-onsen/alt-3.webp,1200,1600,portrait,space-interior,place,bright|minimal,北海道めんこい くまちゃん温泉 渋谷店,https://maps.google.com/maps/contrib/114912757993163439183,false,Photo: 北海道めんこい くまちゃん温泉 渋谷店 via Google Maps,google-maps-contributor,https://lh3.googleusercontent.com/grass-cs/ACvplmMH84pdwBj-mgjDNtd4uorSJQDYsT_4u0N7-oO4STJow78vK630jWyWoQpZq_FF4K-tGiCi32YM_nIK10CScM7cG3QIWtnq9Z9E_wH0uvMUrw3ACS6XyI2LsYF3GuDW2dPGeJCBTjGVi7tF=s2048,https://www.google.com/maps?cid=14477254753490630060
tokyo-kyowa-bldg,Kyowa Bldg,hero,tokyo/photos/tokyo-kyowa-bldg/hero.webp,1600,899,landscape,view,surroundings,golden-hour|waterfront|skyline,河田鷹介,,,Photo: 河田鷹介 via Wikimedia Commons,CC BY-SA 3.0,https://thumb.wikimedia.org/wikipedia/commons/thumb/1/14/Sobu_Line_-_panoramio.jpg/3840px-Sobu_Line_-_panoramio.jpg,https://www.google.com/maps?cid=7355271052566440822
tokyo-kyowa-bldg,Kyowa Bldg,alt-1,tokyo/photos/tokyo-kyowa-bldg/alt-1.webp,1600,899,landscape,view,surroundings,golden-hour|waterfront,河田鷹介,,,Photo: 河田鷹介 via Wikimedia Commons,CC BY-SA 3.0,https://thumb.wikimedia.org/wikipedia/commons/thumb/7/7e/Asakusabashi_-_panoramio.jpg/3840px-Asakusabashi_-_panoramio.jpg,https://www.google.com/maps?cid=7355271052566440822
tokyo-kyukyodo,Kyukyodo,hero,tokyo/photos/tokyo-kyukyodo/hero.webp,1600,1067,landscape,space-interior,place,lively|cozy|retro,そぞろ歩き,https://maps.google.com/maps/contrib/106141193830436804667,false,Photo: そぞろ歩き via Google Maps,google-maps-contributor,https://lh3.googleusercontent.com/gps-cs-s/AHRPTWln7Sjp3WOdnng08qcGV1wnq-j4mNsAZd0siBoBI5GeqWzBYmG30QnUHBi1QRQnoEzFjtIe55Kfdu2aDvl8xrnlWJTHPjSkWpwYasLxQCC86IA-82WkUYHIEi0rABMuM8A1c53fKkztJPbM=s2048,https://www.google.com/maps?cid=5441900551760634438
tokyo-kyukyodo,Kyukyodo,alt-1,tokyo/photos/tokyo-kyukyodo/alt-1.webp,1600,1270,landscape,space-exterior,place,street|design,東京鳩居堂 銀座本店,https://maps.google.com/maps/contrib/103887455890204701299,false,Photo: 東京鳩居堂 銀座本店 via Google Maps,google-maps-contributor,https://lh3.googleusercontent.com/gps-cs-s/AHRPTWlmqxyTYIn9DzfZRxGCNZiM-_kkEQqdgUMR6uv67lexfrh77EOxonuhfHnwQH_SaHWibDgFz6wl5nvrX-5VxN5IHgki5-JW4gWXAv2N30cSnyxZP6JpKebRDD0q6e4k6qVLZqGxtzyBK6Ht=s2048,https://www.google.com/maps?cid=5441900551760634438
tokyo-kyukyodo,Kyukyodo,alt-2,tokyo/photos/tokyo-kyukyodo/alt-2.webp,1194,1600,portrait,detail,place,design|bright,Rio,https://maps.google.com/maps/contrib/102372862818851143167,false,Photo: Rio via Google Maps,google-maps-contributor,https://lh3.googleusercontent.com/gps-cs-s/AHRPTWnmAcPA23PyH4eiVC5L-Va3LaoPrNUEsqiOL5rtfPtvszjWFJCB8EgsOqAX0Do1v64Eab59COEtl6DVSV8vc_A9mgBNknKqnEamP1890rLxocqnT9LfC0RzNFwjPfUYjNEFMOrrpr8RIC2Q=s2048,https://www.google.com/maps?cid=5441900551760634438
tokyo-kyukyodo,Kyukyodo,alt-3,tokyo/photos/tokyo-kyukyodo/alt-3.webp,1200,1600,portrait,detail,place,bright|retro,東京鳩居堂 銀座本店,https://maps.google.com/maps/contrib/103887455890204701299,false,Photo: 東京鳩居堂 銀座本店 via Google Maps,google-maps-contributor,https://lh3.googleusercontent.com/gps-cs-s/AHRPTWkFLG_WufOOo83d_ucdtU_MfJ-G7KTbpea7ZrjGeEROxeNvtdijgJBg9qztYFMY-io1vOtGLidOv_4STlnN2jt6x_zgsrCssIx6Id2q8WGLsPGkQblKjnpZKSr4ubPXtw7AzlxYVIbKI_4=s2048,https://www.google.com/maps?cid=5441900551760634438
tokyo-l-atelier-de-stand-banh-mi,L’Atelier de Stand Banh Mi,hero,tokyo/photos/tokyo-l-atelier-de-stand-banh-mi/hero.webp,1600,1200,landscape,view,place,green|daytime|cozy,Ki N,https://maps.google.com/maps/contrib/100652540327894805053,false,Photo: Ki N via Google Maps,google-maps-contributor,https://lh3.googleusercontent.com/gps-cs-s/AHRPTWnHbIAo9XciJFtvS8RhHEtl0yOGFx1mycyT1Ntz6tHZ0OEWRRZXdwfXKebBZHlqTqJKpaQsCjVqj9WvZgnRsJruErZ8i11TT48qp9PLI15u9LgfYpWV5NeKKXaHHKyjgYu9MVXl5BrkHBCA=s2048,https://www.google.com/maps?cid=2067526514498213491
tokyo-l-atelier-de-stand-banh-mi,L’Atelier de Stand Banh Mi,alt-1,tokyo/photos/tokyo-l-atelier-de-stand-banh-mi/alt-1.webp,1600,1066,landscape,space-interior,place,minimal|serene|daytime,L’Atelier de Stand Banh Mi,https://maps.google.com/maps/contrib/105177355767917569980,true,Photo: L’Atelier de Stand Banh Mi via Google Maps,google-maps-contributor,https://lh3.googleusercontent.com/gps-cs-s/AHRPTWm8c3U3v7UjHyQd1EnmXGgDcBGHWJE10I33OEp-ILvnJqUBwpCjUHCf3-pWflx4yHog6ku7wBXrcfN5To9GoOG77emgvfgtuu0MGr7EBrKhxnhIS1uJaglNtKe7bbGL3XxXrA4AJw=s2048,https://www.google.com/maps?cid=2067526514498213491
tokyo-l-atelier-de-stand-banh-mi,L’Atelier de Stand Banh Mi,alt-2,tokyo/photos/tokyo-l-atelier-de-stand-banh-mi/alt-2.webp,1600,1066,landscape,food,place,bright|daytime,L’Atelier de Stand Banh Mi,https://maps.google.com/maps/contrib/105177355767917569980,true,Photo: L’Atelier de Stand Banh Mi via Google Maps,google-maps-contributor,https://lh3.googleusercontent.com/gps-cs-s/AHRPTWlb7yHr3esEaIPTySk1JT6hwPKyBwjeA3xeDrF5qFfqYqWTaSxMHPRRd7ZHAHvGgV2TXbdpCglVVFv2P_cVOX2-bKL4U1PhYTC_aNBFBbyLUaA02a2levw0UF9te9oGpn4-F_II=s2048,https://www.google.com/maps?cid=2067526514498213491
tokyo-l-atelier-de-stand-banh-mi,L’Atelier de Stand Banh Mi,alt-3,tokyo/photos/tokyo-l-atelier-de-stand-banh-mi/alt-3.webp,1600,1600,square,food,place,cozy,HTJ JP (HTJJP),https://maps.google.com/maps/contrib/114739530912741912914,false,Photo: HTJ JP (HTJJP) via Google Maps,google-maps-contributor,https://lh3.googleusercontent.com/gps-cs-s/AHRPTWlsdumsjHHbpKOEGNRStpPKEoccyKVJJooP6b-sy-km-dTPU8o2Op12gvt6svRTJQ2hAf6eIgaeA9-WjvULqYRZZ-DyNnWLA5UZIzqFFI_DssuGZoLLDlg0pef6J5kxpPruzyGURA=s2048,https://www.google.com/maps?cid=2067526514498213491
tokyo-la-table-de-jo-l-robuchon,LA TABLE de Joël Robuchon,hero,tokyo/photos/tokyo-la-table-de-jo-l-robuchon/hero.webp,1600,1110,landscape,space-interior,place,design|intimate|moody,ラ ターブル ドゥ ジョエル・ロブション,https://maps.google.com/maps/contrib/102607094275076199554,false,Photo: ラ ターブル ドゥ ジョエル・ロブション via Google Maps,google-maps-contributor,https://lh3.googleusercontent.com/grass-cs/AABkmLeF_jDSTOg6oBPYpkjB_FCzMCxlmKRRnBh3C4ernb4oHR-5asH3vOW51aMGyeeYSJSYNGFg9aMdZ0kUlUhKCPZ9woQM4ckkFELWP1G2qyGZ_mhTbfqgDzarO_A8YRGcTA6baN9Zat4l-HQ=s2048,https://www.google.com/maps?cid=13741534809482668476
tokyo-la-table-de-jo-l-robuchon,LA TABLE de Joël Robuchon,alt-1,tokyo/photos/tokyo-la-table-de-jo-l-robuchon/alt-1.webp,1600,1067,landscape,food,place,design|moody,ラ ターブル ドゥ ジョエル・ロブション,https://maps.google.com/maps/contrib/102607094275076199554,false,Photo: ラ ターブル ドゥ ジョエル・ロブション via Google Maps,google-maps-contributor,https://lh3.googleusercontent.com/gps-cs-s/AHRPTWkdgxQn0M62rlfXwt2-MbE6L4QJ2tawXaDxZgbnO2hz_Qe5yUt_6pJONDuUu9aQ6s2ozqH9NjidEBunRrzMYr0jHgGNvNHZL9v3GfN7EhwrJkNxUwV5X59vdsbzX2b9zl2jmVEECRAD1lZr=s2048,https://www.google.com/maps?cid=13741534809482668476
tokyo-la-table-de-jo-l-robuchon,LA TABLE de Joël Robuchon,alt-2,tokyo/photos/tokyo-la-table-de-jo-l-robuchon/alt-2.webp,1600,1200,landscape,food,place,intimate|moody,Jessica Li,https://maps.google.com/maps/contrib/116071208431028203310,false,Photo: Jessica Li via Google Maps,google-maps-contributor,https://lh3.googleusercontent.com/gps-cs-s/AHRPTWl8eBjrb0JVd_Si2lGZYZM2Gqa-9PIDBWX_E_t6tnigfxLebjFFDXAbGbQNdzOqO7USp9V5nRDoxvYKD6zJz7_SuvaIBIr6dbfmGAcN-MQ7sycAGwG9gQlWJBC-l9qSLTTEwRt9-Jb1Hg3s=s2048,https://www.google.com/maps?cid=13741534809482668476
tokyo-la-table-de-jo-l-robuchon,LA TABLE de Joël Robuchon,alt-3,tokyo/photos/tokyo-la-table-de-jo-l-robuchon/alt-3.webp,1600,900,landscape,activity,place,intimate|minimal,Angelina Hladen,https://maps.google.com/maps/contrib/107109962484687510410,false,Photo: Angelina Hladen via Google Maps,google-maps-contributor,https://lh3.googleusercontent.com/gps-cs-s/AHRPTWkbycfeUES6fXmV97367G609LrBG42bLUFzSKe1zcgDPLuad0kqEgNmhmQzEpaLYAOTweSYUuF4txKrPNRnelgMfpSh-OwpQkXzi-Dr97D5L7Ct6bSWsiXNU4sCkwfQRz8Fl7rW0g=s2048,https://www.google.com/maps?cid=13741534809482668476
tokyo-le-parc-ebisu,Le Parc Ebisu,hero,tokyo/photos/tokyo-le-parc-ebisu/hero.webp,1600,1202,landscape,food,place,bright|daytime,Kyoko Y,https://maps.google.com/maps/contrib/107055386413202043006,false,Photo: Kyoko Y via Google Maps,google-maps-contributor,https://lh3.googleusercontent.com/gps-cs-s/AHRPTWmXCNuxH5ugeQrgQJ-XHG7WGYB8m4yr8JRysp97JF8a1GuAyK6tKYvJ-Zd4Quo7U7Uie4wpL_Gz6RzRcNoG70X9rC-0-fzleXERfotXCOn-GK4LfVw6g_yZNWfEx0thAxgXQjomi5cJOYg=s2048,https://www.google.com/maps?cid=3257444178294986222
tokyo-le-parc-ebisu,Le Parc Ebisu,alt-1,tokyo/photos/tokyo-le-parc-ebisu/alt-1.webp,1600,1200,landscape,space-exterior,place,street|daytime|retro,Ann C,https://maps.google.com/maps/contrib/113455122838214795499,false,Photo: Ann C via Google Maps,google-maps-contributor,https://lh3.googleusercontent.com/grass-cs/ACvplmMZfYxSh7BWLFmjiGyyjaQ8ZlCLbF76cvxMkBTWJUlftz0NSCs2IJEvEQM4HkStoRT1wr8UWtANpBWVzOYvdMU7PuRqAlTowWkkuF316_SXDmDI7Db89r9oJgbUNQHfrclw-hgsl89Iy18=s2048,https://www.google.com/maps?cid=3257444178294986222
tokyo-le-parc-ebisu,Le Parc Ebisu,alt-2,tokyo/photos/tokyo-le-parc-ebisu/alt-2.webp,1600,1200,landscape,food,place,cozy|daytime,珈子,https://maps.google.com/maps/contrib/100971789881637859378,false,Photo: 珈子 via Google Maps,google-maps-contributor,https://lh3.googleusercontent.com/gps-cs-s/AHRPTWkIDGOxC5Xa7FijBuSMVBPZ7BWXkLuOKQnixC9bgYZei6vZtLC-mxrVCoD7xfSu3cKcZWoRyWajVs6Md6tMJBARIjRnrdUW3Of0mKQxpmWB1CkaFtxe2PdWGLXiedHth7XpyoQuenkPklUI=s2048,https://www.google.com/maps?cid=3257444178294986222
tokyo-le-parc-ebisu,Le Parc Ebisu,alt-3,tokyo/photos/tokyo-le-parc-ebisu/alt-3.webp,1600,1289,landscape,food,place,bright,E U,https://maps.google.com/maps/contrib/101575663161049188820,false,Photo: E U via Google Maps,google-maps-contributor,https://lh3.googleusercontent.com/gps-cs-s/AHRPTWnVWK00IaEOR-L8egNvEDT0vjRocsA7Hu_CLuNxtmGSxlav1KktkBthpTy8lxgEA0Dy7YhGSdSnr9oH_pmZd44iTJhNobgoTutr0IWNGsjv-7lKI-T7UKOrueOwInn7GJ6XCHrPiNTHaSaL=s2048,https://www.google.com/maps?cid=3257444178294986222
tokyo-little-nap-coffee-stand,Little Nap Coffee Stand,hero,tokyo/photos/tokyo-little-nap-coffee-stand/hero.webp,1600,1200,landscape,space-interior,place,cozy|daytime|retro,Kent Ma,https://maps.google.com/maps/contrib/117670113311169207526,false,Photo: Kent Ma via Google Maps,google-maps-contributor,https://lh3.googleusercontent.com/gps-cs-s/AHRPTWmHBhs8gfv4XKUzTQzxgXGX48HPwwLeKmD-paoBoo8NzUYbgOiOUhO8EkCwJhh-twXVwyK4JA9q8y42Kw-Z7e2x4baJnimOV5Jp2T2sqwpEf52elG4RJnqNa_rxwId8R82Ybs7Du3l-fi7K=s2048,https://www.google.com/maps?cid=15727658044756457963
tokyo-little-nap-coffee-stand,Little Nap Coffee Stand,alt-1,tokyo/photos/tokyo-little-nap-coffee-stand/alt-1.webp,1600,1599,square,space-exterior,place,street|daytime|minimal,Uqui,https://maps.google.com/maps/contrib/102116229263147727788,false,Photo: Uqui via Google Maps,google-maps-contributor,https://lh3.googleusercontent.com/gps-cs-s/AHRPTWnKgOscv5xcWZb35l5nijXhvKvrDgjcG3mqv9DeHdVJCYIjeJtRuOWitdUInoMJlbULhyjPhcgrgvZDkVnVihhr8BJHcMvHqOL9doHwkaBNr7h005C8McpYHzY4a03SovqpL5EF3jucESaV=s2048,https://www.google.com/maps?cid=15727658044756457963
tokyo-little-nap-coffee-stand,Little Nap Coffee Stand,alt-2,tokyo/photos/tokyo-little-nap-coffee-stand/alt-2.webp,1600,1600,square,drink,place,cozy,Troy Nam,https://maps.google.com/maps/contrib/109077213121368193973,false,Photo: Troy Nam via Google Maps,google-maps-contributor,https://lh3.googleusercontent.com/gps-cs-s/AHRPTWnG4uWo-TZOfG3Y2MKEcP3q_8tATf_vUPpGbJP-d6e6v0dl2wB7nuhLG5-cYY60eF_u4XiHrtOk9g_DLU-2o1Sp0eiFz0FzOxOEtIAnQQgQ46NCd2-m-f-AkgGCN3SsNLcZU22a9Z_66Kcj=s2048,https://www.google.com/maps?cid=15727658044756457963
tokyo-little-nap-coffee-stand,Little Nap Coffee Stand,alt-3,tokyo/photos/tokyo-little-nap-coffee-stand/alt-3.webp,1600,1600,square,space-interior,place,cozy|retro,카찾삼,https://maps.google.com/maps/contrib/111391478331646742123,false,Photo: 카찾삼 via Google Maps,google-maps-contributor,https://lh3.googleusercontent.com/gps-cs-s/AHRPTWls4sdKKyf6UYkST-Nfbru9hL5iFPP9LRLEX01rLcU0nC1w-zXfax_C1L-qj9Fb-Ll0HHDQQAh33qrpmff2XsyA4GfxCGYvIM0g0x9GW4OhPDo9974Lc35Kk3fOgKzyw7yj-gtTHd_kTi36=s2048,https://www.google.com/maps?cid=15727658044756457963
tokyo-little-soul-cafe,Little Soul Cafe,hero,tokyo/photos/tokyo-little-soul-cafe/hero.webp,1600,1200,landscape,space-interior,place,moody|retro|night,Kris,https://maps.google.com/maps/contrib/105028040376731062309,false,Photo: Kris via Google Maps,google-maps-contributor,https://lh3.googleusercontent.com/gps-cs-s/ANWiy9RklGHGRjbVDhn2RzE4-I35U7N58GMQHwIMiAlR9yPA-2mOHptDki65KZZwFu75FOiCmUZHplGgUSpy-mqLrogC4xbwl5c2mal7l6tslcTqt1HZoey3WDhG5qmg8RwTRY_dgn5XPPoc2eqq=s2048,https://www.google.com/maps?cid=8142454491056932777
tokyo-little-soul-cafe,Little Soul Cafe,alt-1,tokyo/photos/tokyo-little-soul-cafe/alt-1.webp,1600,1205,landscape,space-interior,place,cozy|retro|intimate,Dror Guldin,https://maps.google.com/maps/contrib/105674832954245747902,false,Photo: Dror Guldin via Google Maps,google-maps-contributor,https://lh3.googleusercontent.com/gps-cs-s/ANWiy9TPhzO2QoS7DMTbZDCPdoP89xKyNQNm1QinpzuhCg2yKK3pXS9haIRGHVnBbGKcSEqt3WVXm8GFIg4U6yxwrrKlmCyuJWt18jpSxQV5mv1HNpxPrDFc0ToZlXn6ZqpEZhHgnxss=s2048,https://www.google.com/maps?cid=8142454491056932777
tokyo-little-soul-cafe,Little Soul Cafe,alt-2,tokyo/photos/tokyo-little-soul-cafe/alt-2.webp,1600,1143,landscape,drink,place,moody|night,Abby Zeng,https://maps.google.com/maps/contrib/104411440119066439000,false,Photo: Abby Zeng via Google Maps,google-maps-contributor,https://lh3.googleusercontent.com/gps-cs-s/ANWiy9RLu408xVNlC8mw96VIIog8ZhSnSVRS0Iae0addLJI6eDZHJPC_lo2s8gOIJDYlTEaNhXBkaXGweoiQNo2W7mbD7XX8P2XobFWo_55aNPUHnTbu-EbHOJZxWzdGUl1-a8CUcamN032rjbho=s2048,https://www.google.com/maps?cid=8142454491056932777
tokyo-little-soul-cafe,Little Soul Cafe,alt-3,tokyo/photos/tokyo-little-soul-cafe/alt-3.webp,1600,960,landscape,space-exterior,place,street|daytime,Xiao Erhei,https://maps.google.com/maps/contrib/103662147457059930729,false,Photo: Xiao Erhei via Google Maps,google-maps-contributor,https://lh3.googleusercontent.com/gps-cs-s/ANWiy9QizZ2rmlqmHw9MoxZy2-tOge-DhRb_thuRH_bbVqTTzDjzw1szbsielxMhv22uiT5Btw6IElGNk488kwWYbVz3_r30O-xyeByvUBO1z5_KGbR2ZnMERXw_Q_h7j32tXAlLF_92tg=s2048,https://www.google.com/maps?cid=8142454491056932777
tokyo-luida-s-bar,LUIDA'S BAR,hero,tokyo/photos/tokyo-luida-s-bar/hero.webp,1600,899,landscape,space-interior,place,design|cozy|retro,LUIDA'S BAR - ルイーダの酒場,https://maps.google.com/maps/contrib/112849379552004849286,false,Photo: LUIDA'S BAR - ルイーダの酒場 via Google Maps,google-maps-contributor,https://lh3.googleusercontent.com/gps-cs-s/AHRPTWnz-Cu0qlMcurwm-tEanDgJFoaAnED-FI3DAszBPSVs4747jvTb6so_kCykglXqdkVi4mMpC1DB5d4cKMeu4sgXmyqrpuIZ1IOwf14gXMbjZcAG1GeiGWjhRaes_TTO00T_HNwI=s2048,https://www.google.com/maps?cid=2460300051726186061
tokyo-luida-s-bar,LUIDA'S BAR,alt-1,tokyo/photos/tokyo-luida-s-bar/alt-1.webp,1499,1252,landscape,food,place,design|bright,LUIDA'S BAR - ルイーダの酒場,https://maps.google.com/maps/contrib/112849379552004849286,false,Photo: LUIDA'S BAR - ルイーダの酒場 via Google Maps,google-maps-contributor,https://lh3.googleusercontent.com/gps-cs-s/AHRPTWnVLGANjP65ST5GYVxjHid1HqVICwXJttiGiyUl8lZ0P0MzkZxk9NirBPDyKhGe1cfYL1K9s8A2-KwuzxzV9MdTBgN1-NyS4nd7nPB5mPrar4oyeuxX22UINNm-w3L5HT9Krtub=s2048,https://www.google.com/maps?cid=2460300051726186061
tokyo-luida-s-bar,LUIDA'S BAR,alt-2,tokyo/photos/tokyo-luida-s-bar/alt-2.webp,1600,1242,landscape,food,place,lively|cozy,Tsu Tsu,https://maps.google.com/maps/contrib/111247052556458195402,false,Photo: Tsu Tsu via Google Maps,google-maps-contributor,https://lh3.googleusercontent.com/gps-cs-s/AHRPTWkKCpUErjReJhtAUfqmqrcpcL7WTspsLX7ASJOSNKnh93lw_KDU1DcCPK39VTePf5bYArpxsHxaYvo9DAU9dnTToycRoPLfetpk78cxhQzwskEccNe8UbiwOf3PQzIqNhZIIp6uL5y1Wkt9=s2048,https://www.google.com/maps?cid=2460300051726186061
tokyo-luida-s-bar,LUIDA'S BAR,alt-3,tokyo/photos/tokyo-luida-s-bar/alt-3.webp,1600,1200,landscape,food,place,cozy,Charly Sakoun,https://maps.google.com/maps/contrib/103343591652588734769,false,Photo: Charly Sakoun via Google Maps,google-maps-contributor,https://lh3.googleusercontent.com/gps-cs-s/AHRPTWlueqDMO8JWeVdD1JpJvstmzGNYfU_S-h_lSLvG9cT7z05EU0889STBRuYV5yG-35ELKTEYmOCL_UvwbwVHOd8ORF-IePjAv3Xqol30R5uA2GqXbDx59ZfdQktUE_Rdau1Ji-pGqgKk218=s2048,https://www.google.com/maps?cid=2460300051726186061
tokyo-m-whisky-shop-ginza,M Whisky Shop Ginza,hero,tokyo/photos/tokyo-m-whisky-shop-ginza/hero.webp,1600,1200,landscape,space-interior,place,bright|minimal,ひさしん,https://maps.google.com/maps/contrib/113744197429253221307,false,Photo: ひさしん via Google Maps,google-maps-contributor,https://lh3.googleusercontent.com/gps-cs-s/AHRPTWldKIbOyDfXbICgx_YYiPMhlbsHL7sp2bPww4Vt20venwvX9_PbAJNWuZ4oFy7NIEqd8vVWAgiJftaJMTO9_4qjEodwBdWe407EEjdU4qn_dSynatX1Y31qNjyl-6m2DX0eO_4br4-8y_A=s2048,https://www.google.com/maps?cid=14590368421065248702
tokyo-m-whisky-shop-ginza,M Whisky Shop Ginza,alt-1,tokyo/photos/tokyo-m-whisky-shop-ginza/alt-1.webp,1600,1200,landscape,drink,place,cozy,Ty L,https://maps.google.com/maps/contrib/116605218940277218836,false,Photo: Ty L via Google Maps,google-maps-contributor,https://lh3.googleusercontent.com/gps-cs-s/AHRPTWkHR2vsHHTMDlO09D9vm7MDBoUi3dG6TzCcd42lXOG574srVY5hC89PWoKz_koCCGW3bZy7aS0TYhSq9Zvs_6-yn3ygWdC64RWYXHgZ5DtGSzZJi7j465SnfGp1xogonlC0rhggSeJ4EdJv=s2048,https://www.google.com/maps?cid=14590368421065248702
tokyo-m-whisky-shop-ginza,M Whisky Shop Ginza,alt-2,tokyo/photos/tokyo-m-whisky-shop-ginza/alt-2.webp,1600,900,landscape,space-interior,place,bright|design,masashi yashiro,https://maps.google.com/maps/contrib/107184833213696135283,false,Photo: masashi yashiro via Google Maps,google-maps-contributor,https://lh3.googleusercontent.com/gps-cs-s/AHRPTWnM_iz_0xXtt4WHfRvf3yME696UqK9OTY3L5vHWMck4_OawKLJ7X_GV9ozal0neIUmv2BC1LXXHQn2ObGRm9TNVHE48sZ8Nizq-DXBLp8NXrY1TnN3IGsnZ7-fDz4uMxtaDmr_Jhz2qd2MV=s2048,https://www.google.com/maps?cid=14590368421065248702
tokyo-m-whisky-shop-ginza,M Whisky Shop Ginza,alt-3,tokyo/photos/tokyo-m-whisky-shop-ginza/alt-3.webp,1600,1200,landscape,detail,place,bright,ひさしん,https://maps.google.com/maps/contrib/113744197429253221307,false,Photo: ひさしん via Google Maps,google-maps-contributor,https://lh3.googleusercontent.com/gps-cs-s/AHRPTWlt7blcTt0n6sROVZs_I5Ffx8BTzWLxrRpkjefN1WNcb0E9LveAXv-vpZDdbKWI5zalkCP9roIDCT_FxTJm9hvBRJJgZxy1vUPOOk3od80LIPRgPXSS3mKhpBZEpYijM3Omvv_IwTExGZrd=s2048,https://www.google.com/maps?cid=14590368421065248702
tokyo-m-whisky-shop-ginza-m-whisky-museum-ginza,M Whisky Shop Ginza / M Whisky Museum Ginza,hero,tokyo/photos/tokyo-m-whisky-shop-ginza-m-whisky-museum-ginza/hero.webp,1600,1200,landscape,space-interior,place,bright|minimal,ひさしん,https://maps.google.com/maps/contrib/113744197429253221307,false,Photo: ひさしん via Google Maps,google-maps-contributor,https://lh3.googleusercontent.com/gps-cs-s/AHRPTWldKIbOyDfXbICgx_YYiPMhlbsHL7sp2bPww4Vt20venwvX9_PbAJNWuZ4oFy7NIEqd8vVWAgiJftaJMTO9_4qjEodwBdWe407EEjdU4qn_dSynatX1Y31qNjyl-6m2DX0eO_4br4-8y_A=s2048,https://www.google.com/maps?cid=9570302725437540532
tokyo-m-whisky-shop-ginza-m-whisky-museum-ginza,M Whisky Shop Ginza / M Whisky Museum Ginza,alt-1,tokyo/photos/tokyo-m-whisky-shop-ginza-m-whisky-museum-ginza/alt-1.webp,1600,1200,landscape,drink,place,cozy,Ty L,https://maps.google.com/maps/contrib/116605218940277218836,false,Photo: Ty L via Google Maps,google-maps-contributor,https://lh3.googleusercontent.com/gps-cs-s/AHRPTWkHR2vsHHTMDlO09D9vm7MDBoUi3dG6TzCcd42lXOG574srVY5hC89PWoKz_koCCGW3bZy7aS0TYhSq9Zvs_6-yn3ygWdC64RWYXHgZ5DtGSzZJi7j465SnfGp1xogonlC0rhggSeJ4EdJv=s2048,https://www.google.com/maps?cid=9570302725437540532
tokyo-m-whisky-shop-ginza-m-whisky-museum-ginza,M Whisky Shop Ginza / M Whisky Museum Ginza,alt-2,tokyo/photos/tokyo-m-whisky-shop-ginza-m-whisky-museum-ginza/alt-2.webp,1600,900,landscape,space-interior,place,bright|design,masashi yashiro,https://maps.google.com/maps/contrib/107184833213696135283,false,Photo: masashi yashiro via Google Maps,google-maps-contributor,https://lh3.googleusercontent.com/gps-cs-s/AHRPTWnM_iz_0xXtt4WHfRvf3yME696UqK9OTY3L5vHWMck4_OawKLJ7X_GV9ozal0neIUmv2BC1LXXHQn2ObGRm9TNVHE48sZ8Nizq-DXBLp8NXrY1TnN3IGsnZ7-fDz4uMxtaDmr_Jhz2qd2MV=s2048,https://www.google.com/maps?cid=9570302725437540532
tokyo-m-whisky-shop-ginza-m-whisky-museum-ginza,M Whisky Shop Ginza / M Whisky Museum Ginza,alt-3,tokyo/photos/tokyo-m-whisky-shop-ginza-m-whisky-museum-ginza/alt-3.webp,1600,1200,landscape,detail,place,bright,ひさしん,https://maps.google.com/maps/contrib/113744197429253221307,false,Photo: ひさしん via Google Maps,google-maps-contributor,https://lh3.googleusercontent.com/gps-cs-s/AHRPTWlt7blcTt0n6sROVZs_I5Ffx8BTzWLxrRpkjefN1WNcb0E9LveAXv-vpZDdbKWI5zalkCP9roIDCT_FxTJm9hvBRJJgZxy1vUPOOk3od80LIPRgPXSS3mKhpBZEpYijM3Omvv_IwTExGZrd=s2048,https://www.google.com/maps?cid=9570302725437540532
tokyo-maduro,Maduro,hero,tokyo/photos/tokyo-maduro/hero.webp,1600,1066,landscape,space-interior,place,moody|night|intimate|design,バー & ジャズラウンジ マデュロ,https://maps.google.com/maps/contrib/111382106789932505346,false,Photo: バー & ジャズラウンジ マデュロ via Google Maps,google-maps-contributor,https://lh3.googleusercontent.com/grass-cs/ACvplmNMnePFD6agA33zauLoB6G6I9_ZapjuAxzvtQKSuOg_rngZk5NWKa2AzW2LTWgZINW8gBLe4jVxXKq_3hsTMTTtjmViLbOsXW_7eL37GcGl8VncEQaYEtauCs2XzwvlcHEJXQacUqm4qJ3U=s2048,https://www.google.com/maps?cid=7080075312506705483
tokyo-maduro,Maduro,alt-1,tokyo/photos/tokyo-maduro/alt-1.webp,1600,1066,landscape,drink,place,moody|intimate,バー & ジャズラウンジ マデュロ,https://maps.google.com/maps/contrib/111382106789932505346,false,Photo: バー & ジャズラウンジ マデュロ via Google Maps,google-maps-contributor,https://lh3.googleusercontent.com/gps-cs-s/AHRPTWmVzu6KokKnRcJ3BqqX9ca76Rtxkv-q9V9kUD2poHG6Uya-J82A14_utJmvty45-GU0emJICLmfRhCKYZA47l5IKHBy-fEVycVourDUHghVew5FC4nzcrq_pOWi76WPdZItWeSz-oRY5RDe=s2048,https://www.google.com/maps?cid=7080075312506705483
tokyo-maduro,Maduro,alt-2,tokyo/photos/tokyo-maduro/alt-2.webp,1600,1200,landscape,activity,place,night|moody|lively,OSAKA 晴れた日の青い月,https://maps.google.com/maps/contrib/115427409099172684010,false,Photo: OSAKA 晴れた日の青い月 via Google Maps,google-maps-contributor,https://lh3.googleusercontent.com/gps-cs-s/AHRPTWmleu8XGiT54dUM2KWRf0W_TfNm98mnvK9x05MIqerOhrMsQ4BjsHOJR6S3rHn-x46m1B2Y5UxrDHRXFfNLMvB0_jSjw4ySuBImoqpvDj9tf9cCC_F9FC9X5KUbVZ2dKz6PYG_1cNeDjHw=s2048,https://www.google.com/maps?cid=7080075312506705483
tokyo-maduro,Maduro,alt-3,tokyo/photos/tokyo-maduro/alt-3.webp,1600,1066,landscape,drink,place,moody|intimate,バー & ジャズラウンジ マデュロ,https://maps.google.com/maps/contrib/111382106789932505346,false,Photo: バー & ジャズラウンジ マデュロ via Google Maps,google-maps-contributor,https://lh3.googleusercontent.com/gps-cs-s/AHRPTWnkntuf_M_DPsjjIwUGwif1TGAoth25frp3DU2TqLLjx0LRHmUtiae33FQw0ljLwUmPHEVIO2b1PibVQUrtnfce8BNzTGH2dkHlv6hTyMJGDaRHVBdSEyav560ZNrVmP81B6IF_JuNpcm7u=s2048,https://www.google.com/maps?cid=7080075312506705483
tokyo-mag-s-park-rooftop-shibuya-crossing,Mag's Park Rooftop Shibuya Crossing,hero,tokyo/photos/tokyo-mag-s-park-rooftop-shibuya-crossing/hero.webp,1600,1200,landscape,view,place,skyline|crowd|rooftop|daytime,Tina L,https://maps.google.com/maps/contrib/102332732203566213250,false,Photo: Tina L via Google Maps,google-maps-contributor,https://lh3.googleusercontent.com/grass-cs/ACvplmOpY0SyxZ1fNVEhTCW7uiuTaf9htRmKLSwY9_8vFTclua1ARIPBfC15hfpOX-7oxeZv1xkWNARjmaDcYWzfe55HGQsIR3izBObGbDKA5PHhFz0r-DWJOIYrzh4nYaG8eSgMkDjqJHx5GxXy=s2048,https://www.google.com/maps?cid=4598640512953398781
tokyo-mag-s-park-rooftop-shibuya-crossing,Mag's Park Rooftop Shibuya Crossing,alt-1,tokyo/photos/tokyo-mag-s-park-rooftop-shibuya-crossing/alt-1.webp,1600,900,landscape,space-exterior,place,rooftop|skyline|daytime,d f,https://maps.google.com/maps/contrib/114860237768520015384,false,Photo: d f via Google Maps,google-maps-contributor,https://lh3.googleusercontent.com/gps-cs-s/ANWiy9QKW5ZjHjyrCRE5tg9ukBH-Mn2zLoXVydWjTxKJEbLB6J6cuxruGxgieCdPxtIsLUQ3H5Z0KOvD9s-ZryVTbW12wvzXn_Th0eqMptaF2gA_s4-Hbc1RnnAJext0FlOrtLGf2tAG=s2048,https://www.google.com/maps?cid=4598640512953398781
tokyo-mag-s-park-rooftop-shibuya-crossing,Mag's Park Rooftop Shibuya Crossing,alt-2,tokyo/photos/tokyo-mag-s-park-rooftop-shibuya-crossing/alt-2.webp,1600,900,landscape,art,place,neon|design,d f,https://maps.google.com/maps/contrib/114860237768520015384,false,Photo: d f via Google Maps,google-maps-contributor,https://lh3.googleusercontent.com/gps-cs-s/ANWiy9TK6xA4yZoxfZUHM5LlUBPexTl-qbaCE-Ypr5dq_hUj2787gS4nG4UZGmc_tFVOYdJDpRIG6UQPLagZ6HYRIqjQbXyASsdULetXdJOsQxoHjFWrttLJBtz83kKnnXZDOIpvWXs=s2048,https://www.google.com/maps?cid=4598640512953398781
tokyo-mag-s-park-rooftop-shibuya-crossing,Mag's Park Rooftop Shibuya Crossing,alt-3,tokyo/photos/tokyo-mag-s-park-rooftop-shibuya-crossing/alt-3.webp,1600,900,landscape,space-exterior,place,rooftop|night,ミキ タケシ,https://maps.google.com/maps/contrib/107529345871297552101,false,Photo: ミキ タケシ via Google Maps,google-maps-contributor,https://lh3.googleusercontent.com/gps-cs-s/ANWiy9SXcldgWvTQsRuqIvtWvtPCnanfKWjqiPON52RkxdHQi9mjfMHZcia_F_qNWGKECv_69yxHzws1mNOUbGUmvTSnjeAPaNgOFDY_7oSIE1Cwaj0ONvuo5kZlt4JdF2doz5uu1-5RSA=s2048,https://www.google.com/maps?cid=4598640512953398781
tokyo-maguro-mart,Maguro Mart,hero,tokyo/photos/tokyo-maguro-mart/hero.webp,1600,1066,landscape,food,place,cozy,マグロマート,https://maps.google.com/maps/contrib/104842649854813083836,false,Photo: マグロマート via Google Maps,google-maps-contributor,https://lh3.googleusercontent.com/gps-cs-s/ANWiy9SdvrePDtjf0D9D50ad3ZPSsqju0Fbuohj4VR2G0xjEEKsln5Fil0IdXggICtCieLEq-3j9wXaDhsGvRofWQ4uhcwO81aSF1rEc495HoSVtfMCnD9vQ6QQvppbii3ttTgM64SRs4w=s2048,https://www.google.com/maps?cid=7127522166522494742
tokyo-maguro-mart,Maguro Mart,alt-1,tokyo/photos/tokyo-maguro-mart/alt-1.webp,1600,1200,landscape,food,place,cozy,タマちゃん,https://maps.google.com/maps/contrib/104975636064169598369,false,Photo: タマちゃん via Google Maps,google-maps-contributor,https://lh3.googleusercontent.com/gps-cs-s/ANWiy9RidnZadtBDbY_U1Ub_V2kKUkmwTUIXfKThbWSHTX9ydlCSCVx8WUqOWq_9yOCDAOHAdi8vC3fvk9hgCTsb4vz--trUt5zUNn4gb3MjSrK7eyyWnTDS4CN98z5kHSLocp6st1Mx1k8KwLK1=s2048,https://www.google.com/maps?cid=7127522166522494742
tokyo-maguro-mart,Maguro Mart,alt-2,tokyo/photos/tokyo-maguro-mart/alt-2.webp,1600,1200,landscape,food,place,bright,Alyssa,https://maps.google.com/maps/contrib/108981423084939483306,false,Photo: Alyssa via Google Maps,google-maps-contributor,https://lh3.googleusercontent.com/gps-cs-s/ANWiy9RtfG-nDfaMJDUG8WZLoXFdlbwx339nGP4fj7OlplAwBfC0xxIHbeht_P3lJ3QSJtUZIzcyB4DYGvYYABSQaFBEm9AuGyF7cBk9IDpVZth2Ovv_q3HXUb8LPZmMC2GyIwk3Vu_QsvkN1Qbo=s2048,https://www.google.com/maps?cid=7127522166522494742
tokyo-maguro-mart,Maguro Mart,alt-3,tokyo/photos/tokyo-maguro-mart/alt-3.webp,1600,1205,landscape,space-exterior,place,street|neon|daytime,Wen Kobayashi,https://maps.google.com/maps/contrib/115834241581492311333,false,Photo: Wen Kobayashi via Google Maps,google-maps-contributor,https://lh3.googleusercontent.com/grass-cs/ACvplmOlvQ8WDIFc-cpmCUNrXRNEd7HzFvx2Pptng64SIHCLo5bWG_gzpTCQmMrBcgMhWdODlc13jWrer5LjbsMBkM_qMJcqKm4Ogu4LN2R2XZaIjPS-lxXVTSpAsdLeKkGqvcQ1L74ANBkaB1oQ=s2048,https://www.google.com/maps?cid=7127522166522494742
tokyo-maguroya-kurogin,Maguroya Kurogin,hero,tokyo/photos/tokyo-maguroya-kurogin/hero.webp,1600,1069,landscape,food,place,lively|daytime,詹智閎,https://maps.google.com/maps/contrib/116612076795602255010,false,Photo: 詹智閎 via Google Maps,google-maps-contributor,https://lh3.googleusercontent.com/gps-cs-s/ANWiy9RrM12J2dCw8EYMFr1az0fDYdqQ-doVJKCsuJ55iXjQ7jRFrmUrizayfzFiJ3J2EPDW6H1niVkZcu6yMaP5q0kuEaU0Xm9wSA9kYPfHqXDcfGzmuzquWvQWEK0P-Gzk70y_qK-BFfqodDg=s2048,https://www.google.com/maps?cid=8431770654714236915
tokyo-maguroya-kurogin,Maguroya Kurogin,alt-1,tokyo/photos/tokyo-maguroya-kurogin/alt-1.webp,1600,1067,landscape,space-exterior,place,street|daytime|lively,百目木陽介,https://maps.google.com/maps/contrib/107745720125585347088,false,Photo: 百目木陽介 via Google Maps,google-maps-contributor,https://lh3.googleusercontent.com/gps-cs-s/AHRPTWmnrgP2PrBXDAYS6AkenEiFpM6aXcwKlNXRjtdbv7QXqWjuyrB1vxCXaIVSbjgqcgFhnFiR_atEYdc4Sd2PMuO8TMSe5Csu6RnAyYH0abMf3_fcvnIED-4EOyIiL-7IF3WMrswACg2_mxIe=s2048,https://www.google.com/maps?cid=8431770654714236915
tokyo-maguroya-kurogin,Maguroya Kurogin,alt-2,tokyo/photos/tokyo-maguroya-kurogin/alt-2.webp,1600,1200,landscape,food,place,daytime,TKG,https://maps.google.com/maps/contrib/108614748454219624153,false,Photo: TKG via Google Maps,google-maps-contributor,https://lh3.googleusercontent.com/gps-cs-s/ANWiy9RpUSDXJMzR6NSA1KeLeUcT2KC60u_6JFtydEG41hC7oTWoEu_FddBA_iteFUl-UvyjPqJIj_awUKWxMgP5xId8Ab-dx7N-bji0vAayUyhlbTPjInVwzao0sCPj5-lDzqgdUw=s2048,https://www.google.com/maps?cid=8431770654714236915
tokyo-maguroya-kurogin,Maguroya Kurogin,alt-3,tokyo/photos/tokyo-maguroya-kurogin/alt-3.webp,1200,1600,portrait,food,place,bright,T L,https://maps.google.com/maps/contrib/105616591102784257471,false,Photo: T L via Google Maps,google-maps-contributor,https://lh3.googleusercontent.com/gps-cs-s/ANWiy9RgF2F1W0MW7JrdPsh5oupeECNjhcaACpa2D8fvrFkue4B7hqUTTGnyKYmWEogp-lYQpSCg5014tWLx8wUkO_iP-qK9r0RU_HurTdrq42ruQ2zm9yURcps2HFsuYqDupUwvtIjcvQmWohU=s2048,https://www.google.com/maps?cid=8431770654714236915
tokyo-manyo-club-toyosu,Manyo Club (Toyosu),hero,tokyo/photos/tokyo-manyo-club-toyosu/hero.webp,1600,1200,landscape,view,place,rooftop|skyline|waterfront|daytime,Saksit Siri (IM),https://maps.google.com/maps/contrib/115236600404606067034,false,Photo: Saksit Siri (IM) via Google Maps,google-maps-contributor,https://lh3.googleusercontent.com/grass-cs/ACvplmMEf8WBnir18wjdxyXep_jHU8i3fMfINisb65-4A4WpHLLs7uP85lw7h1tGG5-_vxur5lyYeIh8IDzkkuGvMUk0VzV4UiQ2I5XiKazYpdh1_dZcLqY_J8QyjBYD9l2iCBicL2TohgUNelL-=s2048,https://www.google.com/maps?cid=5698941766336617192
tokyo-manyo-club-toyosu,Manyo Club (Toyosu),alt-1,tokyo/photos/tokyo-manyo-club-toyosu/alt-1.webp,1600,1200,landscape,view,place,night|skyline|waterfront,M,https://maps.google.com/maps/contrib/109466574641357399424,false,Photo: M via Google Maps,google-maps-contributor,https://lh3.googleusercontent.com/gps-cs-s/AHRPTWnfTj7-ApvH5vcXNEVY5Ns-KTiROWN-RjVxp5ScAA0hKaE61MDySIHz8kjVVQtRjhyW7b3RINhglfZHwtBohRohjzPkHADdo4-s-vMhcvg_1GZJhRsxUj5RJt7tpsQtLAveuLjHUOpN85q_=s2048,https://www.google.com/maps?cid=5698941766336617192
tokyo-manyo-club-toyosu,Manyo Club (Toyosu),alt-2,tokyo/photos/tokyo-manyo-club-toyosu/alt-2.webp,1600,1200,landscape,food,place,waterfront|skyline|daytime,Manabu Kano,https://maps.google.com/maps/contrib/111366265987356159490,false,Photo: Manabu Kano via Google Maps,google-maps-contributor,https://lh3.googleusercontent.com/gps-cs-s/AHRPTWmYAlAnZfCEuAixObMCPYjzCurXbJqDuwcH4EfoXElE1yXw7F_gqmH0tmLYdkjcki_yDQcviuUc2PkXCKbemOnDpJXr565hy4Y9lojfGeuRh2p5Fr45iORvfOgDgztRVe4qcf75t4zJdaYa=s2048,https://www.google.com/maps?cid=5698941766336617192
tokyo-manyo-club-toyosu,Manyo Club (Toyosu),alt-3,tokyo/photos/tokyo-manyo-club-toyosu/alt-3.webp,1600,1200,landscape,space-interior,place,design|serene,3 nohiro,https://maps.google.com/maps/contrib/107901999795363046407,false,Photo: 3 nohiro via Google Maps,google-maps-contributor,https://lh3.googleusercontent.com/gps-cs-s/AHRPTWmOv7Pf6T3rFJS-hTsIJ4LqEG8-zHbqbY3fX6PexWucqVUlG9CzlvI5dGwiJBErTcVxYQ9fxKbVoZzAU0e1bdZdyDPLbdTBG6fSEcP14lZL7Ar41y_xHBns2nvq8vdo4EpP1GlpMg=s2048,https://www.google.com/maps?cid=5698941766336617192
tokyo-maribana-craft-beer-izakaya-shibuya-dogenzaka,Maribana Craft Beer Izakaya (Shibuya Dogenzaka),hero,tokyo/photos/tokyo-maribana-craft-beer-izakaya-shibuya-dogenzaka/hero.webp,1600,900,landscape,space-interior,place,lively|counter-seating|crowd,Samson Ong,https://maps.google.com/maps/contrib/115047472793377726722,false,Photo: Samson Ong via Google Maps,google-maps-contributor,https://lh3.googleusercontent.com/gps-cs-s/AHRPTWnBDyDjxmAbQPyIM9H22BzRAiXSoTuVPm4WdlgJkDfwCefdpr6pmR2p6Y2UItmmcxCk2LHY13n9hwW2Wp48wZRTKRBOEox-2U9QNLrdmVqam5eEx91PW08I4ZsCVOepv_1TOoyYFg=s2048,https://www.google.com/maps?cid=16117609008872773930
tokyo-maribana-craft-beer-izakaya-shibuya-dogenzaka,Maribana Craft Beer Izakaya (Shibuya Dogenzaka),alt-1,tokyo/photos/tokyo-maribana-craft-beer-izakaya-shibuya-dogenzaka/alt-1.webp,1200,1600,portrait,drink,place,cozy,yeaji Jung,https://maps.google.com/maps/contrib/102517267929848121359,false,Photo: yeaji Jung via Google Maps,google-maps-contributor,https://lh3.googleusercontent.com/gps-cs-s/AHRPTWkHpFfQ0KlJW0762KsDUdRyy332JzxyVOHgdFnd6LVo1oeAdhjn6PIqeVbS7uMfQjF_j0sb1e5NEYpFTKkBv8E6CecNBziC5OpfWyp2LajqvYGizHI2-T_DzU_CNqInCW04oQYNwvBJ8vs=s2048,https://www.google.com/maps?cid=16117609008872773930
tokyo-maribana-craft-beer-izakaya-shibuya-dogenzaka,Maribana Craft Beer Izakaya (Shibuya Dogenzaka),alt-2,tokyo/photos/tokyo-maribana-craft-beer-izakaya-shibuya-dogenzaka/alt-2.webp,1600,1200,landscape,space-exterior,place,retro,haute9,https://maps.google.com/maps/contrib/107793994965007962118,false,Photo: haute9 via Google Maps,google-maps-contributor,https://lh3.googleusercontent.com/gps-cs-s/AHRPTWnQ8rh4-fRIXvv2j5Js5Nsy-ZgIwnO7peBkz7MXP_7HVbcsD5h8E9HZvV9Qb5ecX3aqzqHJiUNOFleM7WamVhivRAh3t3fyhu7FSurOrXFipHuUo71zztUJDTCjLvMrSU4CrC0smXTEWrgP=s2048,https://www.google.com/maps?cid=16117609008872773930
tokyo-maribana-craft-beer-izakaya-shibuya-dogenzaka,Maribana Craft Beer Izakaya (Shibuya Dogenzaka),alt-3,tokyo/photos/tokyo-maribana-craft-beer-izakaya-shibuya-dogenzaka/alt-3.webp,1200,1600,portrait,food,place,cozy,m_tokyo_gourmet,https://maps.google.com/maps/contrib/105656394798984928845,false,Photo: m_tokyo_gourmet via Google Maps,google-maps-contributor,https://lh3.googleusercontent.com/gps-cs-s/AHRPTWkz1ghR9ZJwYBHSwLswnPIsGebs4xAmTYkZYJYKleT7zEW0k9su7BKxqoy4_gCtvzMIzJS_aZOugLQ-DxOLqFxbLmE5hOSpr9G-w2OkeLcGxC_7mHYUfPyWbXGXiqywHJL0QpFdK9rkjaNB=s2048,https://www.google.com/maps?cid=16117609008872773930
tokyo-massif,Massif,hero,tokyo/photos/tokyo-massif/hero.webp,1600,1200,landscape,space-interior,place,bright|design|daytime|minimal,Hayato Onishi,https://maps.google.com/maps/contrib/113073399677704443395,false,Photo: Hayato Onishi via Google Maps,google-maps-contributor,https://lh3.googleusercontent.com/gps-cs-s/AHRPTWl0SuGS_K1E5K1czxGAFwmpfoi7Y8OEmsAlFYuyQMf4Rz-v0DpqxxRxJNizYlfTgHnGhsRpVOcsG9x4bhqOwtFr5PBMmR449Cppp-h9eLjF72S1BEhapEeTu6SW1kibvymXX7oygQphHbKm=s2048,https://www.google.com/maps?cid=8736933952128847858
tokyo-massif,Massif,alt-1,tokyo/photos/tokyo-massif/alt-1.webp,1600,1065,landscape,food,place,daytime|design,Massif,https://maps.google.com/maps/contrib/109639938577496256241,true,Photo: Massif via Google Maps,google-maps-contributor,https://lh3.googleusercontent.com/gps-cs-s/AHRPTWlKojd13rOcFoZ-mA2PZ3QWup4NnVyhOaffMqgGptc4nBYExNoP8oesKs0bXIEiW27c1JSKJrKA1qgkkNmgzDThPuaGtbHZXS_Ik_RgIXI7hjomVIaAlJJ8iEoR7OuxHz6LHiRxII5bo_Rz=s2048,https://www.google.com/maps?cid=8736933952128847858
tokyo-massif,Massif,alt-2,tokyo/photos/tokyo-massif/alt-2.webp,1280,1600,portrait,space-interior,place,night|lively|cozy|crowd,Massif,https://maps.google.com/maps/contrib/109639938577496256241,true,Photo: Massif via Google Maps,google-maps-contributor,https://lh3.googleusercontent.com/gps-cs-s/AHRPTWnkY7SOfEC8Eg0DoXPe3IxrhWbjc63c5DMQNsoA2AkPSaY38tmXxvMjaUVp3Pdd2IMm7Ozyvu51QSwrQYviNB3Km2y6T4OA2S-E-k4BfPh97JjFZd3XsNTLxqO1cxk3Naphkybv=s2048,https://www.google.com/maps?cid=8736933952128847858
tokyo-massif,Massif,alt-3,tokyo/photos/tokyo-massif/alt-3.webp,1080,1350,portrait,food,place,bright|cozy,まめ,https://maps.google.com/maps/contrib/115999918699057009046,false,Photo: まめ via Google Maps,google-maps-contributor,https://lh3.googleusercontent.com/gps-cs-s/AHRPTWnG_nTD0eogT8bAAsSf3fB53FgeVrq4oLp1pJrwPuynIErc9g19slKvTUPtbkZKRWAPeG5cqrPqHGqxOALiLhWSgd43j5nNf0ni55bClYmz1HE9NsfxwSqey8K8tNP_s38dFh-G3N2gOsM=s2048,https://www.google.com/maps?cid=8736933952128847858
tokyo-matsu-matsumoto,Matsu Matsumoto,hero,tokyo/photos/tokyo-matsu-matsumoto/hero.webp,1600,1004,landscape,food,place,cozy|intimate,namimimian,https://maps.google.com/maps/contrib/114450361654937300782,false,Photo: namimimian via Google Maps,google-maps-contributor,https://lh3.googleusercontent.com/gps-cs-s/AHRPTWmGYCGK7xTAdYqh5d4DNLD8mLMIK3oT5iL3tYW4_GEIcJx7WNwZ31XAg_ubgCyFyueBGfyBSgf8RNDxr57Qzl0KChoqqHUDgd9N7nxBVvtnXmz48doByHW0cCBgG-X_aC2GfAvJNTKUA_E=s2048,https://www.google.com/maps?cid=10853538688446340908
tokyo-matsu-matsumoto,Matsu Matsumoto,alt-1,tokyo/photos/tokyo-matsu-matsumoto/alt-1.webp,1600,1200,landscape,food,place,intimate,石山明雄,https://maps.google.com/maps/contrib/104153110742482183242,false,Photo: 石山明雄 via Google Maps,google-maps-contributor,https://lh3.googleusercontent.com/gps-cs-s/AHRPTWnuiXc58a5PuJpBsQ7mvtezmrRyjrwC6UffXYl2gGsu9mKyOBPJ2Gps25zG0FcCpirbLxeHFx40_mwg4DfiiqMEoZvQXY-6FSQ1VOrRQ6x2qU9g9jsPdoS9-k2o_Jrqb10SNaP1rTOJGXw=s2048,https://www.google.com/maps?cid=10853538688446340908
tokyo-matsu-matsumoto,Matsu Matsumoto,alt-2,tokyo/photos/tokyo-matsu-matsumoto/alt-2.webp,1600,1200,landscape,food,place,cozy,Owen W,https://maps.google.com/maps/contrib/118051707610026588684,false,Photo: Owen W via Google Maps,google-maps-contributor,https://lh3.googleusercontent.com/gps-cs-s/AHRPTWnDIqkm6GvPLIOYkQUgWuWaDe9LJhPVtZcVCqEPhax56OH8Ib3p_wKrrTBv1nGjTlkU1gWGkhmd9bKMRxPaewqGxwGtmKAqQbVljxgqbgVLGv3a9DutDUE2KL424MLxj08vWI9t4iQv5wJS=s2048,https://www.google.com/maps?cid=10853538688446340908
tokyo-matsu-matsumoto,Matsu Matsumoto,alt-3,tokyo/photos/tokyo-matsu-matsumoto/alt-3.webp,1600,1200,landscape,food,place,cozy|green,石山明雄,https://maps.google.com/maps/contrib/104153110742482183242,false,Photo: 石山明雄 via Google Maps,google-maps-contributor,https://lh3.googleusercontent.com/gps-cs-s/AHRPTWkLVMhdtHFDcV78V4eGtaTacVIqX6d385oXd7PPBNrjzwffoZ5T51HMNnxmXKQtmGnnJTnfYWedsKxZ26OETqBYXEgXovZe1z-iQukjcHdhjHbIktucBTukfdw9VCfiEJ7jiJNRkNYx-rFA=s2048,https://www.google.com/maps?cid=10853538688446340908
tokyo-maz,MAZ,hero,tokyo/photos/tokyo-maz/hero.webp,1600,1066,landscape,food,place,design|bright,MAZ,https://maps.google.com/maps/contrib/113530808020255123337,true,Photo: MAZ via Google Maps,google-maps-contributor,https://lh3.googleusercontent.com/gps-cs-s/AHRPTWlZwF9PlA2Retr3boD9gIwfpoJuGacxVPuwLh7GmxxT-MrEGpU1d-KYXc3k0IQPeEqoCc2xTlC3gULYRSwxgWpeAmbjZkv8uGAKfpRM_Et93SMpOjXGJdl4kLnn2tSMwEjCtuSS=s2048,https://www.google.com/maps?cid=12832899767815985462
tokyo-maz,MAZ,alt-1,tokyo/photos/tokyo-maz/alt-1.webp,1200,1600,portrait,space-interior,place,moody|minimal|design,AW,https://maps.google.com/maps/contrib/100351059056649049624,false,Photo: AW via Google Maps,google-maps-contributor,https://lh3.googleusercontent.com/gps-cs-s/AHRPTWl5vLgEa_zlLd3Rby2IhwNXMznHe-MArnVwkp8EuVxApTJ_Sxhg709oV9CSlEBEjG0E2jJizyhxuX_jIe4OkJwNyEqtORFwTplYxHYoUATaERg8scDztQcvgORinsn3qvehXTfQgsrgxeBf=s2048,https://www.google.com/maps?cid=12832899767815985462
tokyo-maz,MAZ,alt-2,tokyo/photos/tokyo-maz/alt-2.webp,1200,1600,portrait,food,place,moody|design,Gabriel Olech,https://maps.google.com/maps/contrib/114033379823129597575,false,Photo: Gabriel Olech via Google Maps,google-maps-contributor,https://lh3.googleusercontent.com/gps-cs-s/AHRPTWk7DLOQebFaok12OvMhOaebxqPgT50jH1SikCBxEE7FdiJtmPnWa1YAzRFrVNShHH1WPv6cLiIqkgH_qlbdjJkEHDEMybXzQd4OOgGauGAuyZon5JkcuIDv05Lhbo2aD-1IvQcJW4348Rrn=s2048,https://www.google.com/maps?cid=12832899767815985462
tokyo-maz,MAZ,alt-3,tokyo/photos/tokyo-maz/alt-3.webp,1600,1200,landscape,food,place,moody,Joshua Mei,https://maps.google.com/maps/contrib/103509151453836901120,false,Photo: Joshua Mei via Google Maps,google-maps-contributor,https://lh3.googleusercontent.com/gps-cs-s/AHRPTWmJVH3frveI_kvLcE9peFTH9OpV12YX4u2j0GeC395a9xP4WyQtnpgV1JtUD9NXloqUa_hoNHRbKpW8okAUmXwIuuXNmM7Lq7IeFhMsIEqssoOycMSQtMP5MMOAMZQlH0KVZsBRa78L-ak=s2048,https://www.google.com/maps?cid=12832899767815985462
tokyo-meiji-jingu,Meiji Jingu,hero,tokyo/photos/tokyo-meiji-jingu/hero.webp,1194,896,landscape,space-exterior,place,serene|green|daytime,Nga Chu,https://maps.google.com/maps/contrib/105384989563488855521,false,Photo: Nga Chu via Google Maps,google-maps-contributor,https://lh3.googleusercontent.com/gps-cs-s/ANWiy9RmODXM9QcQKhhKfzPLYHAj5ZNobdIUMnEY33D8PzOQ-j-cp7Hqof4Wm04kCJbuG_uExgr7hBGUu3NRnCBI-bf_rF6wW-pFeYcgtJD968jNsJfKHfrgMlrLX4co8xU6Z6xqvKhEQoB2SCSe=s2048,https://www.google.com/maps?cid=10361244767556222835
tokyo-meiji-jingu,Meiji Jingu,alt-1,tokyo/photos/tokyo-meiji-jingu/alt-1.webp,1600,1205,landscape,space-exterior,place,daytime|bright|serene,Léonard Havet,https://maps.google.com/maps/contrib/111163681418327296634,false,Photo: Léonard Havet via Google Maps,google-maps-contributor,https://lh3.googleusercontent.com/gps-cs-s/AHRPTWmeNJyV2nvbIybb2B4dEviWLXSPQdlOvPr553OO1xzNOJagb7MZxzdO9ApZssHBE0pGuKNITL6bqBIjRb2VuxM3Gp1ca5ty7Spgz7DmDzCknQco67kKnfciCmVU7Frr_8xiMhe_cRrBJ5Qx=s2048,https://www.google.com/maps?cid=10361244767556222835
tokyo-meiji-jingu,Meiji Jingu,alt-2,tokyo/photos/tokyo-meiji-jingu/alt-2.webp,1600,1200,landscape,nature,place,green|serene|daytime,Toru Tagawa,https://maps.google.com/maps/contrib/109595094652611617006,false,Photo: Toru Tagawa via Google Maps,google-maps-contributor,https://lh3.googleusercontent.com/gps-cs-s/ANWiy9Sz3SAf-jjbIyhx0vzpXV3JnF7KFaGdSMj3O1OT9FOuKOzGWBcgiUsgppfCcZWOOA0jMAZ8zFXuM3k_2LAMg3fqmfPHjxN6B_tilFBiqyGjvgMI0SSf77W_pY2_cq8B37MOHCW_uw=s2048,https://www.google.com/maps?cid=10361244767556222835
tokyo-meiji-jingu,Meiji Jingu,alt-3,tokyo/photos/tokyo-meiji-jingu/alt-3.webp,1600,1200,landscape,detail,place,serene|green,kuri kuri,https://maps.google.com/maps/contrib/101308120277382170151,false,Photo: kuri kuri via Google Maps,google-maps-contributor,https://lh3.googleusercontent.com/gps-cs-s/ANWiy9RKBAEBKlMVZe5b6vvd6w7GFEkUoAp2VreTY6ONUUmBl4UK5hlJ-qonvwV1_Nh8WloCwaiacyofSSgHIYAmzw5xAsmtx9F2Km5uvLqHqlDvKOUlPgg-LHpQ8Mr61JQ6cx8h24TD=s2048,https://www.google.com/maps?cid=10361244767556222835
tokyo-meiji-jingu-museum,Meiji Jingu Museum,hero,tokyo/photos/tokyo-meiji-jingu-museum/hero.webp,1600,1066,landscape,space-interior,place,serene|design|green|minimal,polibukulo,https://maps.google.com/maps/contrib/114697407255473472748,false,Photo: polibukulo via Google Maps,google-maps-contributor,https://lh3.googleusercontent.com/gps-cs-s/AHRPTWkzRf_YEYbYD1QRUtqdwfc1aKkb5cGw0uIC3j2RAY0ng6EbhLONiRQACs2zWhy5uEcC4CtK1-bjjYZCHOSAbJ2bEOcSB6Z2MoNesXSDWmLE7v_BqgY2XekEtNIHCMsM2UxU58y0=s2048,https://www.google.com/maps?cid=11834489167905121676
tokyo-meiji-jingu-museum,Meiji Jingu Museum,alt-1,tokyo/photos/tokyo-meiji-jingu-museum/alt-1.webp,1600,1200,landscape,space-exterior,place,design|green|daytime,Kentaro Shikanai,https://maps.google.com/maps/contrib/106302029133424945634,false,Photo: Kentaro Shikanai via Google Maps,google-maps-contributor,https://lh3.googleusercontent.com/gps-cs-s/AHRPTWk2otuaiDtWCzy7N08DTOHnUEmayTNITCLLx42avci99F3NoPb3umTCIU4bbVueUqspQQM51nW4GV0bJM5KyLlElr044Pmobu58vqwCljNNdvW6tvDB5rZpB5ewUipJ1Lpy1LCzs8deEP0O=s2048,https://www.google.com/maps?cid=11834489167905121676
tokyo-meiji-jingu-museum,Meiji Jingu Museum,alt-2,tokyo/photos/tokyo-meiji-jingu-museum/alt-2.webp,1200,1600,portrait,art,place,green|serene,T Y,https://maps.google.com/maps/contrib/116649572731766452936,false,Photo: T Y via Google Maps,google-maps-contributor,https://lh3.googleusercontent.com/gps-cs-s/AHRPTWmLpmGIH_Ru-Zgi8GghivALq5atx3AoiJnoLf0ef0Az6EF7KLF_p2nwJ_1Pix0cz6SAlamhu5vl8V-9PRkAUp18L_2zRcuS8gw-1X3h-jLqN7eXiw-AXh--NMcZHJavcJhZV7Y2=s2048,https://www.google.com/maps?cid=11834489167905121676
tokyo-meiji-jingu-museum,Meiji Jingu Museum,alt-3,tokyo/photos/tokyo-meiji-jingu-museum/alt-3.webp,1600,1066,landscape,space-interior,place,design|serene|green,Edward Chen,https://maps.google.com/maps/contrib/112046117871443935066,false,Photo: Edward Chen via Google Maps,google-maps-contributor,https://lh3.googleusercontent.com/gps-cs-s/AHRPTWmUMpmaiDRVIakuB5GpaMz_RvURWpbQXS2mJqlCUIv8_LyQaSn1DD8tC1sSy0xj9TMJMUeuU4Jc36J9Y4lp0KjaKLkqwlTDsbku3s2sSPKVSJSew6MKrKi11zT3WlTSszchMM5CgA=s2048,https://www.google.com/maps?cid=11834489167905121676
tokyo-menchirashi,Menchirashi,hero,tokyo/photos/tokyo-menchirashi/hero.webp,1600,1200,landscape,activity,place,lively,Anthony Isaakidis,https://maps.google.com/maps/contrib/105349722296626420678,false,Photo: Anthony Isaakidis via Google Maps,google-maps-contributor,https://lh3.googleusercontent.com/gps-cs-s/AHRPTWmVV0_xzkEcZP6nxhyVeOSH8RVJNb52qzJr8IPyLZsM0L50OCWHqJC7pawVBVPVfx5O4Dvr_apqrynf-jJXf3LdPHYE2aRwJe0IEOiqLOKu03cPj2naD1Htdwe3NXoZtWnCc4PU4exTRCT7=s2048,https://www.google.com/maps?cid=6906870575870610827
tokyo-menchirashi,Menchirashi,alt-1,tokyo/photos/tokyo-menchirashi/alt-1.webp,1600,1200,landscape,food,place,bright|cozy,Emily Chen,https://maps.google.com/maps/contrib/106346124686422603250,false,Photo: Emily Chen via Google Maps,google-maps-contributor,https://lh3.googleusercontent.com/gps-cs-s/AHRPTWmpbarxx-Z7R4ukg5n1bAWkD2oM26gdQs-VkaLdU8uWHJg2sKNGcJGHQmzhNBlCzMOStObHGVEZkVrckcp9K5vV4AowZ01eFif2hD5PQWsckJCBAoDSdnK8RHH-4HWuAuuFH49Tq825g25Q=s2048,https://www.google.com/maps?cid=6906870575870610827
tokyo-menchirashi,Menchirashi,alt-2,tokyo/photos/tokyo-menchirashi/alt-2.webp,1600,1200,landscape,food,place,bright,高木夢人,https://maps.google.com/maps/contrib/115139235845257077996,false,Photo: 高木夢人 via Google Maps,google-maps-contributor,https://lh3.googleusercontent.com/gps-cs-s/AHRPTWnQd2KX7hJqJeKsEF7LEpQ5igo94SkeFh0aNOl8bQ4D3A8DuszGk5bjA7vUQNmVMWFjjlXYH3ORvm2_a1tkcqw9dc4lmuRueSMZxK4JNG9xrsSZ1j2FA996eJvE8A6OBkcvP2VVKgFMpq8=s2048,https://www.google.com/maps?cid=6906870575870610827
tokyo-menchirashi,Menchirashi,alt-3,tokyo/photos/tokyo-menchirashi/alt-3.webp,1170,1117,square,space-interior,place,retro|cozy|counter-seating,ハングリー・ダンプティー,https://maps.google.com/maps/contrib/111840680321519702909,false,Photo: ハングリー・ダンプティー via Google Maps,google-maps-contributor,https://lh3.googleusercontent.com/gps-cs-s/AHRPTWlPRYe7lYtzSnH2JgCke9_yBNfGNpPvD2UZ6dvHklcOueY8wIVvTwaWsQOwpnEdJnEjpHDd74K71QuBWL3wfyGII5Zop80__TJrmtOmPZ20waFsZ1oxYD1iw5r521aMafEF9ImyhZDhJ487=s2048,https://www.google.com/maps?cid=6906870575870610827
tokyo-menya-nobunaga-ramen-restaurant,Menya NOBUNAGA【Ramen Restaurant】,hero,tokyo/photos/tokyo-menya-nobunaga-ramen-restaurant/hero.webp,1600,1200,landscape,space-interior,place,counter-seating|minimal|night,K Y,https://maps.google.com/maps/contrib/115408134896198854439,false,Photo: K Y via Google Maps,google-maps-contributor,https://lh3.googleusercontent.com/gps-cs-s/AHRPTWn6_aUGpoOol1BJJQmJ9va4Vj4PjSeVyuAPDWuCqzvhdX96Q0kwo_hA5iCWVh6dGobRcEfdMEnbwT3JI3vCR-Uda1_MX90-rMS5CwJ3Ta_jHKHqedoswVPJWXfgpc6kG_0mmgTulINhrtg=s2048,https://www.google.com/maps?cid=16965060569737105295
tokyo-menya-nobunaga-ramen-restaurant,Menya NOBUNAGA【Ramen Restaurant】,alt-1,tokyo/photos/tokyo-menya-nobunaga-ramen-restaurant/alt-1.webp,1179,1179,square,food,place,cozy,麺屋 NOBUNAGA Ramen restaurant,https://maps.google.com/maps/contrib/101014313309913833628,false,Photo: 麺屋 NOBUNAGA Ramen restaurant via Google Maps,google-maps-contributor,https://lh3.googleusercontent.com/gps-cs-s/AHRPTWkVcdgyt1klTOCUeldsj2OA5T8kIl3cWz3K_i57iQmsfRqsdWQiLniz4--6CYi5KPwEp_No_MXdp4kycJoaDJiSs94QbDdIlXpT5tU2Bq1ZsKk_gyG-SiMJ04Am0_fjXfLAINYquL3KhgQ=s2048,https://www.google.com/maps?cid=16965060569737105295
tokyo-menya-nobunaga-ramen-restaurant,Menya NOBUNAGA【Ramen Restaurant】,alt-2,tokyo/photos/tokyo-menya-nobunaga-ramen-restaurant/alt-2.webp,1146,1059,square,space-exterior,place,night|street,Oliver Lange,https://maps.google.com/maps/contrib/111739617848292677613,false,Photo: Oliver Lange via Google Maps,google-maps-contributor,https://lh3.googleusercontent.com/gps-cs-s/AHRPTWmgZfidckcVywANujCVubxrKsD87_TYMkEqx5_kOu_NNEaPQKVk3ShZKwGWwz30zb4MZGei3eHbd6Q9mBSrjpBTe8NBad3kyivDJ6aV78WEK_Yqye7ST8XsD5aA1_8yImNNOHoTiiuwZ3GO=s2048,https://www.google.com/maps?cid=16965060569737105295
tokyo-menya-nobunaga-ramen-restaurant,Menya NOBUNAGA【Ramen Restaurant】,alt-3,tokyo/photos/tokyo-menya-nobunaga-ramen-restaurant/alt-3.webp,900,1600,portrait,food,place,cozy,ebisu wao,https://maps.google.com/maps/contrib/104565747501986212195,false,Photo: ebisu wao via Google Maps,google-maps-contributor,https://lh3.googleusercontent.com/gps-cs-s/AHRPTWmmmPH5GAZoqf4lKIGCOD9nUJWjqZceaMMm4TMmeA9VVOyfO26Co3warlTVC1KhI3LRXXyHlsEKas5FFjtjHrfAuBLt3wZLv1gw6HBD3qDTBPyJmhCnqr7SOb9fAW7hbRH-33NdVVdSOmwW=s2048,https://www.google.com/maps?cid=16965060569737105295
tokyo-menya-shirahige,Menya Shirahige,hero,tokyo/photos/tokyo-menya-shirahige/hero.webp,1600,1205,landscape,space-exterior,place,night|neon|street,さる〜〜〜ん,https://maps.google.com/maps/contrib/102643213950580145159,false,Photo: さる〜〜〜ん via Google Maps,google-maps-contributor,https://lh3.googleusercontent.com/gps-cs-s/ANWiy9TPQFPviCH0OI_98URin9r-JMa5KNw7pU2fw2CSZeOXNUyIkyIbWcVNK5ALnb1Mlt8yuZvjd7RlrEJe-jsZgSzwvfmazaAS4L8c5_oxnFgTO0uTfohOXFXU37MwCLpUCfWWHc7v2pgQKWbs=s2048,https://www.google.com/maps?cid=4444140948919969219
tokyo-menya-shirahige,Menya Shirahige,alt-1,tokyo/photos/tokyo-menya-shirahige/alt-1.webp,1600,1600,square,food,place,cozy,sabai e,https://maps.google.com/maps/contrib/112552280761911676372,false,Photo: sabai e via Google Maps,google-maps-contributor,https://lh3.googleusercontent.com/gps-cs-s/ANWiy9TNz8ZsyvSH9AJn2vlHaY381XM3bF1VG_RN3TqNRqTQWNQ8Xh38SJuxmhR3-PKtly69f39A9U49Va39ElC8akvSefENFOpE9RJYzpOe12GLu7kw6On0-_D9URidD63rpgdRZH19WKfDiBOC=s2048,https://www.google.com/maps?cid=4444140948919969219
tokyo-menya-shirahige,Menya Shirahige,alt-2,tokyo/photos/tokyo-menya-shirahige/alt-2.webp,1600,1200,landscape,food,place,cozy,SugarBee,https://maps.google.com/maps/contrib/100451823133661209835,false,Photo: SugarBee via Google Maps,google-maps-contributor,https://lh3.googleusercontent.com/gps-cs-s/ANWiy9RMHs-s8RbHDVi7Pj2GeHl9fd3dhY0VsTx_ewNtcrrHyZ-K9B1Uw3nM7btVUq_SjmNED89v3Tpy7ha6OXJpyGTVEvTyUIjLbvUmPAVSW_jvHi7sK9fo7dXciM3aJT3zjECRf6dd=s2048,https://www.google.com/maps?cid=4444140948919969219
tokyo-menya-shirahige,Menya Shirahige,alt-3,tokyo/photos/tokyo-menya-shirahige/alt-3.webp,1600,900,landscape,food,place,cozy,はやいさ,https://maps.google.com/maps/contrib/100118167053591488017,false,Photo: はやいさ via Google Maps,google-maps-contributor,https://lh3.googleusercontent.com/gps-cs-s/ANWiy9QHpCcnsYUGHxtPCe4LNXoHoIP4KW8xk8DJ39zDlBjs3pdjMB8je36kitpEhdtwUbd7jVtoZfzF18UlkCvTHloZ30ikJ6-YuUQ80zyk7QGhN47MWXnYxzxUEDX18imSso3wMys5786OUqev=s2048,https://www.google.com/maps?cid=4444140948919969219
tokyo-mimaru-tokyo-ueno-inaricho,MIMARU TOKYO UENO INARICHO,hero,tokyo/photos/tokyo-mimaru-tokyo-ueno-inaricho/hero.webp,1600,1140,landscape,space-exterior,place,night|serene|design,MIMARU東京 上野稲荷町,https://maps.google.com/maps/contrib/113304124061656948087,false,Photo: MIMARU東京 上野稲荷町 via Google Maps,google-maps-contributor,https://lh3.googleusercontent.com/gps-cs-s/AHRPTWn4n_0U3DaUTna-QB1mV9OekHTiB2arFCo2S-C5PjjDLHfvdC5zropLKf3QrFaMVu_Tx-reux1xh70ix3JT-XszkEVm-urJ_0uumtNZw2qjsZ1c_bfiBobxuPI14UatCRJZLAgl=s2048,https://www.google.com/maps?cid=14433516316581354060
tokyo-mimaru-tokyo-ueno-inaricho,MIMARU TOKYO UENO INARICHO,alt-1,tokyo/photos/tokyo-mimaru-tokyo-ueno-inaricho/alt-1.webp,1600,1200,landscape,space-interior,place,bright|cozy|minimal,MIMARU東京 上野稲荷町,https://maps.google.com/maps/contrib/113304124061656948087,false,Photo: MIMARU東京 上野稲荷町 via Google Maps,google-maps-contributor,https://lh3.googleusercontent.com/gps-cs-s/AHRPTWnl3pSoLpGJ3JPUM7V-WPSguFLigrNocEUQgQRjbrCTcP3-Xi3IIU054WjNz8rn1A7g65KNQAxlerelY2JgcPQexN2H405nf8eOamvPFzEfz4CLuvAXpuq6jcE3DsW-hq6LGkBU=s2048,https://www.google.com/maps?cid=14433516316581354060
tokyo-mimaru-tokyo-ueno-inaricho,MIMARU TOKYO UENO INARICHO,alt-2,tokyo/photos/tokyo-mimaru-tokyo-ueno-inaricho/alt-2.webp,1600,1200,landscape,space-interior,place,design|minimal,MIMARU東京 上野稲荷町,https://maps.google.com/maps/contrib/113304124061656948087,false,Photo: MIMARU東京 上野稲荷町 via Google Maps,google-maps-contributor,https://lh3.googleusercontent.com/gps-cs-s/AHRPTWl90_WJ9cuRR_X1ELDLnANi-hHclzkwtQ_TP9_yF2WSwk80Gw3mSbY5ASsrWIBMxaoMJWyYz-giVPtM91Xnt_IbKEsnivYjXzGOMp0QQU-ckSYzWCoHaR9tciw9brv6S7fu-Ohquv7wFf75=s2048,https://www.google.com/maps?cid=14433516316581354060
tokyo-mimaru-tokyo-ueno-inaricho,MIMARU TOKYO UENO INARICHO,alt-3,tokyo/photos/tokyo-mimaru-tokyo-ueno-inaricho/alt-3.webp,1600,1159,landscape,space-interior,place,minimal|serene,MIMARU東京 上野稲荷町,https://maps.google.com/maps/contrib/113304124061656948087,false,Photo: MIMARU東京 上野稲荷町 via Google Maps,google-maps-contributor,https://lh3.googleusercontent.com/gps-cs-s/AHRPTWmzRtgUzCvc6iYbEmB5C0It-K1HjdMPNH_zzoJQgYN4wmRNtIk9H9xUlpm8A2mPOirhndRgfYIB8E726sIdE1sUvRHBjPf-531uXxz-tFXHHGSoTqgXJIz9lvWQcwRaquPkDLsgpQ=s2048,https://www.google.com/maps?cid=14433516316581354060
tokyo-mimic-8-paris-rock,mimic/+8 PARIS ROCK,hero,tokyo/photos/tokyo-mimic-8-paris-rock/hero.webp,1600,900,landscape,space-interior,place,minimal|moody,,,,Photo via Google Maps,google-maps-contributor,https://lh4.googleusercontent.com/proxy/s2WhsmPueCtPibfBlWfjLTb3Hu0zDH28AB_qsbaNRhA8MR9TYzmth7brhvcJITuHLyZonyVo4S3ABLz9kLS4BJ0lXuN1gJaM5mNzVd-wrVo7kIiWfcBeMu8fuzUVlsffVFgw_KPjtcWT9KUqEgKnNq1F3Sd0fDWgF7jNTA=s2048,https://www.google.com/maps?cid=7183897762586540398
tokyo-minato-city-local-history-museum,Minato City Local History Museum,hero,tokyo/photos/tokyo-minato-city-local-history-museum/hero.webp,1600,1200,landscape,space-exterior,place,daytime|garden|retro,TTNR AKYM,https://maps.google.com/maps/contrib/113535309468655206197,false,Photo: TTNR AKYM via Google Maps,google-maps-contributor,https://lh3.googleusercontent.com/gps-cs-s/AHRPTWlReWRZWvBxhRLzTdp66rCIzW0yDTNYWbqDvCS-8_TszHf8xemP6JacVkdhLhnFVL07Q0MtmuAhkUmvXm6bdFHpRAV868Oawd25a6yD87Wwv9Jz6O1Ib78_8VanDNOYGqb0jQU=s2048,https://www.google.com/maps?cid=3116719233755973773
tokyo-minato-city-local-history-museum,Minato City Local History Museum,alt-1,tokyo/photos/tokyo-minato-city-local-history-museum/alt-1.webp,1600,1588,square,space-interior,place,retro|design|bright,散歩日和,https://maps.google.com/maps/contrib/100315507526742168189,false,Photo: 散歩日和 via Google Maps,google-maps-contributor,https://lh3.googleusercontent.com/gps-cs-s/AHRPTWmZArw-UNdPJqsXCTq7CnVAfyBsiRvC9miEG75S7bwY2Su_LJJYL7UOTH1urBuP1AU1n4G-b2heMELvghL8BPtGfKafznI3heNPU7TCR3GaweEjHASRSDg-XKffao7N2LLuSuzuDJOrIUw=s2048,https://www.google.com/maps?cid=3116719233755973773
tokyo-minato-city-local-history-museum,Minato City Local History Museum,alt-2,tokyo/photos/tokyo-minato-city-local-history-museum/alt-2.webp,1600,1200,landscape,art,place,retro|bright,穏やかケーコ,https://maps.google.com/maps/contrib/100871756832426342924,false,Photo: 穏やかケーコ via Google Maps,google-maps-contributor,https://lh3.googleusercontent.com/gps-cs-s/AHRPTWnSmmMS_Aq0JPjTnHMGFOsAVt4fLX33O-_WW_w3WyJEWg3f7VnbPDFmhDBP_rivqyEUgbuZLZ25seE0D9aGy8cEGqp1uKeddzyyLAxUzV3_rDK9VJSN_WZl7mHDRR_1z4vqEebfRoN4j-g3=s2048,https://www.google.com/maps?cid=3116719233755973773
tokyo-minato-city-local-history-museum,Minato City Local History Museum,alt-3,tokyo/photos/tokyo-minato-city-local-history-museum/alt-3.webp,1600,1200,landscape,space-interior,place,retro|design,Rio,https://maps.google.com/maps/contrib/102372862818851143167,false,Photo: Rio via Google Maps,google-maps-contributor,https://lh3.googleusercontent.com/gps-cs-s/AHRPTWmc_St_Bu2Vtf_ppN1wNiGVQ-BkO0A8wqqgXcWeGc1rxzBVeKyb49D6UA4H2C8dv2x0Le8xKBQ5NH2q-Xo-iXv-OarPECnlLMX2tBWmWmOh_CiG8Hc1ygpU_Fx8LjJRIXqwNaNSSmJmqio=s2048,https://www.google.com/maps?cid=3116719233755973773
tokyo-mita-st,Mita St,hero,tokyo/photos/tokyo-mita-st/hero.webp,1200,1600,portrait,space-exterior,surroundings,daytime|design,ktanaka,,,Photo: ktanaka via Wikimedia Commons,CC BY 3.0,https://thumb.wikimedia.org/wikipedia/commons/thumb/2/23/Keio_University_-_panoramio_%283%29.jpg/1920px-Keio_University_-_panoramio_%283%29.jpg,https://www.google.com/maps?cid=3726327053546614786
tokyo-mita-st,Mita St,alt-1,tokyo/photos/tokyo-mita-st/alt-1.webp,1200,1600,portrait,space-exterior,surroundings,street|daytime,Steven-L-Johnson,,,Photo: Steven-L-Johnson via Wikimedia Commons,CC BY 2.0,https://thumb.wikimedia.org/wikipedia/commons/thumb/3/3d/Building_face_%2814240417451%29_%282%29.jpg/1920px-Building_face_%2814240417451%29_%282%29.jpg,https://www.google.com/maps?cid=3726327053546614786
tokyo-miyake-akira,Miyake Akira,hero,tokyo/photos/tokyo-miyake-akira/hero.webp,1600,1066,landscape,space-interior,place,counter-seating|minimal|design|intimate,日本料理 六本木 三宅輝,https://maps.google.com/maps/contrib/114817745456402785829,false,Photo: 日本料理 六本木 三宅輝 via Google Maps,google-maps-contributor,https://lh3.googleusercontent.com/grass-cs/ACvplmNsxxlF61ER4aCaA37Xjz7iWreYvxcVukuPw7W_5WEiC4dNnErazIPvDDY-za7okMSBOIcooYTOf2YIsrQ0dPf7S_ZABjf2G76H1JCKANKFFVKiynhHGhazepHCGbcZN2IfAjSa=s2048,https://www.google.com/maps?cid=11950505484047147738
tokyo-miyake-akira,Miyake Akira,alt-1,tokyo/photos/tokyo-miyake-akira/alt-1.webp,1600,1066,landscape,food,place,moody|design,日本料理 六本木 三宅輝,https://maps.google.com/maps/contrib/114817745456402785829,false,Photo: 日本料理 六本木 三宅輝 via Google Maps,google-maps-contributor,https://lh3.googleusercontent.com/gps-cs-s/ANWiy9TFek97h14eBfkq3bBQxUYdTJQ2pE9KlaSspNCqkFwcFI1LG7nDDS5W2AUdkXjnxKHkAAK38FGCrxYlvkmer2aiXkt9QELQL7KlkW3Z-U0hq5bmVtKb1o6Tw-o30ZlS7tGgOyxw=s2048,https://www.google.com/maps?cid=11950505484047147738
tokyo-miyake-akira,Miyake Akira,alt-2,tokyo/photos/tokyo-miyake-akira/alt-2.webp,1600,1200,landscape,food,place,cozy,Agnes S,https://maps.google.com/maps/contrib/105327839170106314040,false,Photo: Agnes S via Google Maps,google-maps-contributor,https://lh3.googleusercontent.com/gps-cs-s/ANWiy9Qu3yWDAv3W7QDLnpPNVl9iN9FaMBRTtfyJFZM4aciPxS4m60O9UNSHHXsNyldOPDRSJFVxccKde-ZLy3zR62oewGodKmxlgBX2O-GOEyJPb6Zgu9KvsK-bSpFl0AqWJGHjk5HGvH2yz2A=s2048,https://www.google.com/maps?cid=11950505484047147738
tokyo-miyake-akira,Miyake Akira,alt-3,tokyo/photos/tokyo-miyake-akira/alt-3.webp,1600,1200,landscape,food,place,intimate,藻白幸宋,https://maps.google.com/maps/contrib/108586324042319714103,false,Photo: 藻白幸宋 via Google Maps,google-maps-contributor,https://lh3.googleusercontent.com/gps-cs-s/ANWiy9TI7dmiNaNDIikOK1kI6HtQWnmP7mimw2p5WVoQSRpY_jSV4G9NcNvedIIAqAbp8nReXLCCYHqQ-QMg3zkBMKBXrOpTuM6so3dL-DEvorrNtCtYur05gVI3Twv4_WqXu4tOy0K7ulIx3qpF=s2048,https://www.google.com/maps?cid=11950505484047147738
tokyo-mon-takanawa-the-museum-of-narratives,MoN Takanawa:The Museum of Narratives,hero,tokyo/photos/tokyo-mon-takanawa-the-museum-of-narratives/hero.webp,1600,1205,landscape,space-exterior,place,design|green|daytime|skyline,Chamala yashwanth,https://maps.google.com/maps/contrib/100152305761687389839,false,Photo: Chamala yashwanth via Google Maps,google-maps-contributor,https://lh3.googleusercontent.com/grass-cs/ACvplmNnPFXWqlRwd0xd7-MKxmh1ZF1PopR_nsoV2LszhUHkXAe721B6PsuFzPhZH-pYll8nFK7BTh_OS0_XD1N50F7xXbLBF7F2FHLPvhFqreDYH-_rrUtwpNhPSiRBrQ_9EaYMr001CxNgPlzB=s2048,https://www.google.com/maps?cid=17632002082880567205
tokyo-mon-takanawa-the-museum-of-narratives,MoN Takanawa:The Museum of Narratives,alt-1,tokyo/photos/tokyo-mon-takanawa-the-museum-of-narratives/alt-1.webp,1600,1200,landscape,view,place,skyline|rooftop|serene|daytime,おすぬ,https://maps.google.com/maps/contrib/116444761310232176956,false,Photo: おすぬ via Google Maps,google-maps-contributor,https://lh3.googleusercontent.com/gps-cs-s/ANWiy9RH3tTsMp9LDWkGxui_VMZ09rsqmLasPzOElwtAEwoAdAzMb_dxxzecgi-uwujJO5YRLbT1UwPFWzikaotPsnJm7bn648yGqF496cy0C5Wxd4phfPlB7rPXRyyu_TlfjyB1Yvj1TOZDuQM=s2048,https://www.google.com/maps?cid=17632002082880567205
tokyo-mon-takanawa-the-museum-of-narratives,MoN Takanawa:The Museum of Narratives,alt-2,tokyo/photos/tokyo-mon-takanawa-the-museum-of-narratives/alt-2.webp,1600,1200,landscape,space-interior,place,design|bright,M T,https://maps.google.com/maps/contrib/104797328537983104230,false,Photo: M T via Google Maps,google-maps-contributor,https://lh3.googleusercontent.com/gps-cs-s/ANWiy9RjYUGY_9YigZNQXF9kjh7rflZT7ozMenYTBrZH_YMiHw6yUCVXKSPT1ZDElmrcrWqZmqBdzgnejo0m3pDSCCV29gBPT-MDD5T-YYFvU7pqxKfcyQXLyTCUUeZM1jfBHKfbV9R1xSydVpy8=s2048,https://www.google.com/maps?cid=17632002082880567205
tokyo-mon-takanawa-the-museum-of-narratives,MoN Takanawa:The Museum of Narratives,alt-3,tokyo/photos/tokyo-mon-takanawa-the-museum-of-narratives/alt-3.webp,1600,1200,landscape,space-exterior,place,night|garden|design,Dotaku,https://maps.google.com/maps/contrib/118098170413471750713,false,Photo: Dotaku via Google Maps,google-maps-contributor,https://lh3.googleusercontent.com/gps-cs-s/ANWiy9RJ_wIoDpdbamfDw5M2ZLsUnQei1cqH7sDBxB3I-hQ2uXUAM9Xn4BjBWZ-F_wlwahsYbU8jWoW8TVwLVGm379ZlgHABPwfsV81ZbAiOCMDjInDkcB8Vr3vaLlKhaB44N1Flvlppw_wDhdxL=s2048,https://www.google.com/maps?cid=17632002082880567205
tokyo-monkey-kart-shibuya-shop-2,Monkey kart Shibuya Shop 2,hero,tokyo/photos/tokyo-monkey-kart-shibuya-shop-2/hero.webp,1320,990,landscape,activity,place,street|daytime,Takeshi Kawaguchi,https://maps.google.com/maps/contrib/108099695809898769895,false,Photo: Takeshi Kawaguchi via Google Maps,google-maps-contributor,https://lh3.googleusercontent.com/gps-cs-s/AHRPTWmLb7HNQDlCb2GG4CIhIxCLsWGuX5HXzKbgv6jfQofUWnAsVZY6ReRDe05N-ZU1tiWbfM44O1jjdT8yhU502r6f_ITLv-HHlBNkNVmb2lTS3qbJQuuDAQiYSH4AgQdy-jmP9dIWE4s6V7lF=s2048,https://www.google.com/maps?cid=6480587067144460611
tokyo-monkey-kart-shibuya-shop-2,Monkey kart Shibuya Shop 2,alt-1,tokyo/photos/tokyo-monkey-kart-shibuya-shop-2/alt-1.webp,1200,1600,portrait,activity,place,street|daytime,Dan's food and travel,https://maps.google.com/maps/contrib/116740600567031358077,false,Photo: Dan's food and travel via Google Maps,google-maps-contributor,https://lh3.googleusercontent.com/gps-cs-s/AHRPTWnLP8dUHC9gwDDLkYFDQqx3h06yI2ScMP3N2iHYMu3Wn2cex6dPSuGh6JoPBYc1SWPk5A_fA3pnMnTqPvtzZScGfB5JcpjfwKuuEDY5TWRI9JEwJqiWsVBNjGD1gwLbKRdUs3eits01BC2j=s2048,https://www.google.com/maps?cid=6480587067144460611
tokyo-monkey-kart-shibuya-shop-2,Monkey kart Shibuya Shop 2,alt-2,tokyo/photos/tokyo-monkey-kart-shibuya-shop-2/alt-2.webp,1600,1200,landscape,space-exterior,place,street|daytime,Austin Rudolph,https://maps.google.com/maps/contrib/114540896766012182771,false,Photo: Austin Rudolph via Google Maps,google-maps-contributor,https://lh3.googleusercontent.com/gps-cs-s/AHRPTWmiEDtWxYRe4UgvB9PL72vUCYhgQGOxzG6r2CyjplizuCoRF7NHG3YsV913SxJt11WKQUxtsGdyHlqwMDm8WWQJ2EJfq2C0-XO11IL8kM6cStctbX48RUzcVaKGbijzc9VuPnDCOE2PzsNO=s2048,https://www.google.com/maps?cid=6480587067144460611
tokyo-monkey-kart-shibuya-shop-2,Monkey kart Shibuya Shop 2,alt-3,tokyo/photos/tokyo-monkey-kart-shibuya-shop-2/alt-3.webp,1600,1200,landscape,detail,place,night|street,Michael White,https://maps.google.com/maps/contrib/111562937226173072767,false,Photo: Michael White via Google Maps,google-maps-contributor,https://lh3.googleusercontent.com/gps-cs-s/AHRPTWmUnJJ0hkxTpLDbKhBYC477aPWAq-5oreUU765m9xftrG6cECw6rXLJcB5aK0CGNMo2_UVtnFgKZWfi7q5j5JfhHI0Y2-D217cS0CiQs3LLAj_V32sj8_qNdzL-cAIShx8CnEVG8w=s2048,https://www.google.com/maps?cid=6480587067144460611
tokyo-monnaka-coffee,Monnaka Coffee,hero,tokyo/photos/tokyo-monnaka-coffee/hero.webp,1600,1200,landscape,space-exterior,place,golden-hour|design|cozy,curious T,https://maps.google.com/maps/contrib/110014096716140936217,false,Photo: curious T via Google Maps,google-maps-contributor,https://lh3.googleusercontent.com/gps-cs-s/AHRPTWlvymbAJ6djBD1f5IoVzkAYVBkNc_pnnpVOAT--_5S-0eD_DEzgBw6Tbeggg4hj6EjZo7AfU_OAghyITXh3kaoC6_zWLMG7Ii8e3wNIuh8jXem0XTl6U7i4Hc44nJT2yMMxQdJSpCt1Q7oe=s2048,https://www.google.com/maps?cid=7377232720234739379
tokyo-monnaka-coffee,Monnaka Coffee,alt-1,tokyo/photos/tokyo-monnaka-coffee/alt-1.webp,1600,1200,landscape,drink,place,cozy,kid ds,https://maps.google.com/maps/contrib/109255109518948100193,false,Photo: kid ds via Google Maps,google-maps-contributor,https://lh3.googleusercontent.com/gps-cs-s/AHRPTWmo1LpDcPRixLCIaHQmHRgWRQYN9u9ix7rjwH3YtFtTtIiKopEQzwPyooQziW5KhxpJWFVk6aPgUlf-JNId1Rd6-VVXlTvh8x1UErIBsFCJcEhxDySuC1vwz3JiZeHuO_VjVoiYHjsJOPcW=s2048,https://www.google.com/maps?cid=7377232720234739379
tokyo-monnaka-coffee,Monnaka Coffee,alt-2,tokyo/photos/tokyo-monnaka-coffee/alt-2.webp,1280,1280,square,food,place,bright|daytime,S B,https://maps.google.com/maps/contrib/114577078621423200000,false,Photo: S B via Google Maps,google-maps-contributor,https://lh3.googleusercontent.com/gps-cs-s/AHRPTWli5PZFkb0pG-T-WxVCZlyBewwmUGim-JIdtzikCfgeJMoowFszG7tKnrUuUAEWXUh2JAlBKkCK-bUydu3g9ZNQEvxKcR3bvID-LIbyraTRNAjVY9dzRT-BFADWK-sriOU5j33f2Hr0O1-S=s2048,https://www.google.com/maps?cid=7377232720234739379
tokyo-monnaka-coffee,Monnaka Coffee,alt-3,tokyo/photos/tokyo-monnaka-coffee/alt-3.webp,1200,1600,portrait,food,place,bright|minimal,Koya Nakagawa,https://maps.google.com/maps/contrib/116532433176143179189,false,Photo: Koya Nakagawa via Google Maps,google-maps-contributor,https://lh3.googleusercontent.com/gps-cs-s/AHRPTWkTEbxnBmSL4gRvBhobqEFjapQfzAU5mXqoADDaBFGhO2yS8DByicP-lk7XaDfGD852pJxBb0lkbdQnK7qS4d0uHmn0L9F8m-feK2GczwPrZZ_eNDeN5kbZGBFdCIJAx8wLgpi9wkXV3rsJ=s2048,https://www.google.com/maps?cid=7377232720234739379
tokyo-mori-art-museum,Mori Art Museum,hero,tokyo/photos/tokyo-mori-art-museum/hero.webp,1600,1200,landscape,art,place,design|bright,Jacky,https://maps.google.com/maps/contrib/117561919292626814313,false,Photo: Jacky via Google Maps,google-maps-contributor,https://lh3.googleusercontent.com/gps-cs-s/AHRPTWkdZqduonqI0Uy42sqxI7lqmyJij8dfLsyKQ9hDYzD_Syj9DHyOahT0r00Za_omdQFfdLZSbQtK6PJqjK4hlt7pNx5QLYh3zLMVKSae7T6Faw03B1V2bo2sbF1SFZcpM4PmFGjT=s2048,https://www.google.com/maps?cid=1149329482222982889
tokyo-mori-art-museum,Mori Art Museum,alt-1,tokyo/photos/tokyo-mori-art-museum/alt-1.webp,1600,1200,landscape,view,place,skyline|daytime|bright,Pete Burrows,https://maps.google.com/maps/contrib/109987598094701949273,false,Photo: Pete Burrows via Google Maps,google-maps-contributor,https://lh3.googleusercontent.com/gps-cs-s/AHRPTWnQL3aE9DduGU8wx8hkZZzN1eHD431ZCOfMJDVe1VBqEWWVSXOcQ-yyw-x-AtSWXu4nN5VQeYGOIN-MkD2zMCg4arfD5xX863aVTpqs8JIydsP-t5dqdcqURJJh1aZgvxoi3-vt=s2048,https://www.google.com/maps?cid=1149329482222982889
tokyo-mori-art-museum,Mori Art Museum,alt-2,tokyo/photos/tokyo-mori-art-museum/alt-2.webp,1600,1200,landscape,art,place,daytime|design,Jason Hsu,https://maps.google.com/maps/contrib/103145970485890360095,false,Photo: Jason Hsu via Google Maps,google-maps-contributor,https://lh3.googleusercontent.com/gps-cs-s/AHRPTWl1tc0MYswJsA9IwXZBH9oCRt81M7RHUmReGwsGYmhEGD_TILVw_AJmv-awJTsVI-I4KE6LdbeQRUmQJtn7DrztnAey2-XsHpBGmzc9xQATVXXdkReXDs-I-KsELemL2YChPk-V=s2048,https://www.google.com/maps?cid=1149329482222982889
tokyo-mori-art-museum,Mori Art Museum,alt-3,tokyo/photos/tokyo-mori-art-museum/alt-3.webp,1600,1600,square,art,place,design|moody,Shida Tomowa,https://maps.google.com/maps/contrib/113302674914991940399,false,Photo: Shida Tomowa via Google Maps,google-maps-contributor,https://lh3.googleusercontent.com/gps-cs-s/AHRPTWmsunm2jhFbluxTYIrAUvvi4kJS6pbbD6qOlaErbfjRcLwxAf1VYanPaEfpl7f1gS-aqy-1okdzsO04XGKeCuJoYjXAh210gC3Wahejs0SNGaITZ3RypaLhCfOUKnpAFufzmP-h=s2048,https://www.google.com/maps?cid=1149329482222982889
tokyo-muji-shibuya-seibu,MUJI Shibuya Seibu,hero,tokyo/photos/tokyo-muji-shibuya-seibu/hero.webp,1600,1200,landscape,space-exterior,place,night|street|minimal,R L,https://maps.google.com/maps/contrib/103902493833119990110,false,Photo: R L via Google Maps,google-maps-contributor,https://lh3.googleusercontent.com/gps-cs-s/AHRPTWmP3fvapMj2mA2_ynqlHPMPH4o7UyTGze30v0YNL_9FqndKUHUWo9kgCT6KKM8mYSxvTN4CwTQCowrFmfsCxUrgSK0Cv8cXiMY1HyBU9q2RLMdKo0GIlxzLFjZI50QFUjbkcYoyaENO6sU=s2048,https://www.google.com/maps?cid=2757746029379555948
tokyo-muji-shibuya-seibu,MUJI Shibuya Seibu,alt-1,tokyo/photos/tokyo-muji-shibuya-seibu/alt-1.webp,1600,1200,landscape,space-interior,place,bright|minimal|cozy,Sean,https://maps.google.com/maps/contrib/105085090656508100567,false,Photo: Sean via Google Maps,google-maps-contributor,https://lh3.googleusercontent.com/gps-cs-s/AHRPTWl8SRB4nOb-EWu7ztiEf5Neuj26Frz5azoFXFOnJcnlY927KbBf9uHVHqcA7SB3qdjl73CKEjE1mNa_o7t4r3SOX-8c7Df5S2yue1leUxc54PR2SoeTQ-XYJddO5kg_LNOOf26OlNpY1LnF=s2048,https://www.google.com/maps?cid=2757746029379555948
tokyo-muji-shibuya-seibu,MUJI Shibuya Seibu,alt-2,tokyo/photos/tokyo-muji-shibuya-seibu/alt-2.webp,1600,900,landscape,detail,place,minimal|design,2 sima,https://maps.google.com/maps/contrib/107314448982889771737,false,Photo: 2 sima via Google Maps,google-maps-contributor,https://lh3.googleusercontent.com/gps-cs-s/AHRPTWmGtxPWfbilLuWfcxeVUXQsFwci9mDNJPCqmnhNmHei1tgC8KFBoFXHE2oa-WOtcc-WjpAnovc_KRk0PC_kB5Q93N86QVBp_PFIN8e_iaTB4yeWLZ3XWSAb3lLOGE_64ea1aPqo=s2048,https://www.google.com/maps?cid=2757746029379555948
tokyo-muji-shibuya-seibu,MUJI Shibuya Seibu,alt-3,tokyo/photos/tokyo-muji-shibuya-seibu/alt-3.webp,1600,900,landscape,detail,place,minimal|design,mikyuu,https://maps.google.com/maps/contrib/100242264998601250384,false,Photo: mikyuu via Google Maps,google-maps-contributor,https://lh3.googleusercontent.com/gps-cs-s/AHRPTWn8IKAt5cRMEu7ro5tznVaZSIyCTYi3-4H6NY1x2CX2GNaEFdGXrjJL_dfFyq95PVag_JM3ku50a-qnizpNGhN6n2U3KE_FO5ws2GYGicT8rHY9ICW1CMCBJvyHf9vZRnqO-BBz82k6-YE=s2048,https://www.google.com/maps?cid=2757746029379555948
tokyo-musashiya,Musashiya,hero,tokyo/photos/tokyo-musashiya/hero.webp,1600,1200,landscape,food,place,cozy,hayasta ikefukuro,https://maps.google.com/maps/contrib/114509630286219716391,false,Photo: hayasta ikefukuro via Google Maps,google-maps-contributor,https://lh3.googleusercontent.com/gps-cs-s/ANWiy9QgYwq8rK4Bq2qGvrEbHdsRDNxwfzPiifwycLm7Xhp-DlyaZ_IFMig1Ury-HEXrd4ZVN2urXiqce04hhdAcrnG2-He4IUEmsK5bwRc1KNmDGfeYUyrh9SdvdJWfO-Oi7tUmJQ63GFxAaTa4=s2048,https://www.google.com/maps?cid=17754551799381187004
tokyo-musashiya,Musashiya,alt-1,tokyo/photos/tokyo-musashiya/alt-1.webp,1600,1200,landscape,space-exterior,place,street|daytime|retro,ran-orchid,https://maps.google.com/maps/contrib/113036572885556885339,false,Photo: ran-orchid via Google Maps,google-maps-contributor,https://lh3.googleusercontent.com/gps-cs-s/AHRPTWlwEik44H6nRcfyzq_ufoeXLBnV4jqb05AjMN1N-638kRL_v9JSDFGg7OEzRQ_ayoA8lOJVbLNujuDYeRjfk4rKgIWQ8pjcggPZj3sLkcZ9eIV2BFzjnmzfXFD00QR0jgiSqTkVsRIlSPWK=s2048,https://www.google.com/maps?cid=17754551799381187004
tokyo-musashiya,Musashiya,alt-2,tokyo/photos/tokyo-musashiya/alt-2.webp,1600,1200,landscape,space-interior,place,minimal|cozy,hayasta ikefukuro,https://maps.google.com/maps/contrib/114509630286219716391,false,Photo: hayasta ikefukuro via Google Maps,google-maps-contributor,https://lh3.googleusercontent.com/gps-cs-s/ANWiy9R9Uo72Twa8qOZeP_jUA7bqpo9Rwgp8X5B3Z2gl5K3aZun4XTPUf4-snuy55aR3ak1hGuQ34KVL72m4u7GzndS9D1sNp5FQevPnGmqHJomt2V6IqSFpfc5kogQ1YpyAi0Iw7uX3qjfv-FQq=s2048,https://www.google.com/maps?cid=17754551799381187004
tokyo-musashiya,Musashiya,alt-3,tokyo/photos/tokyo-musashiya/alt-3.webp,1277,1600,portrait,food,place,cozy,hungry. jp,https://maps.google.com/maps/contrib/100272361082164820710,false,Photo: hungry. jp via Google Maps,google-maps-contributor,https://lh3.googleusercontent.com/gps-cs-s/ANWiy9TBxs4KRrNaenQ7NVTSA7ACvv7lGHld4IdvVHaLfaRZ-C_CQDIJazFxHDPqPoHdMo7dr0PJ7OAmguIum-Buqqut7kc0nGNwhsMf97zgdfY1d0YILph2yCBLj_PJ7Z6A9XfaCErUwA_EOwEc=s2048,https://www.google.com/maps?cid=17754551799381187004
tokyo-musch-shibuya,musch Shibuya,hero,tokyo/photos/tokyo-musch-shibuya/hero.webp,1600,1200,landscape,space-interior,place,neon|retro|moody,ME ME,https://maps.google.com/maps/contrib/110835482413575362598,false,Photo: ME ME via Google Maps,google-maps-contributor,https://lh3.googleusercontent.com/gps-cs-s/ANWiy9QrCV5wR2X2nmscEkfT9750amoSYsEFaN8OKL5nuePVa-zYFbz4QRfkinGXbFGskhMOyZ41ud7Jf7_Gl2Jr6nXNi0UeKacM9ZvxbNNrfpFhOkZQX65-m5FML1DPVxmeWg5BXTuMGPL5gnPE=s2048,https://www.google.com/maps?cid=15167373248429811827
tokyo-musch-shibuya,musch Shibuya,alt-1,tokyo/photos/tokyo-musch-shibuya/alt-1.webp,1575,1112,landscape,food,place,cozy,n o,https://maps.google.com/maps/contrib/106351753940097013005,false,Photo: n o via Google Maps,google-maps-contributor,https://lh3.googleusercontent.com/gps-cs-s/ANWiy9QGWET7vKEm9PucXprPprD_pF1mNfF8tAJ-XT4Nca82dEBxS95jtU2OSDz1cqg0zVRuHnvHguXkiVudgEqMn_diH7EFbPSW5r7tYV0tuWnZ5Q0mS3DsvL9ncRgYIxr5sfxsdcoL6TThgOsU=s2048,https://www.google.com/maps?cid=15167373248429811827
tokyo-musch-shibuya,musch Shibuya,alt-2,tokyo/photos/tokyo-musch-shibuya/alt-2.webp,1280,1600,portrait,space-interior,place,cozy|neon|retro,いあ,https://maps.google.com/maps/contrib/116410067497681720516,false,Photo: いあ via Google Maps,google-maps-contributor,https://lh3.googleusercontent.com/gps-cs-s/ANWiy9QSoTi9b5WrUHkPZDAN4XFh5lZsyWikh1YD7WntZp9aoaKdU-3gbWW7ru5Ebv-iIwmhEnxaA0I7_kSiOBL_-tt_dJovvQht1eBJ0zGl5CPqiZlTS0e6PUwpBkB81vf-KAobh3McvlKuOZJ1=s2048,https://www.google.com/maps?cid=15167373248429811827
tokyo-musch-shibuya,musch Shibuya,alt-3,tokyo/photos/tokyo-musch-shibuya/alt-3.webp,720,1280,portrait,detail,place,moody|intimate,mm,https://maps.google.com/maps/contrib/105217733924125643682,false,Photo: mm via Google Maps,google-maps-contributor,https://lh3.googleusercontent.com/gps-cs-s/ANWiy9SOcDCAd9NgHYh-2XiumANBXEKPKTEdUSfHAH_0rvKKihKYRcGThxp9JtlcOEIdPj-2Vnmlr_w3-jBCUbTV0mintCTHJJmOLJh0OLITbxRT158VX6J1l9l-zR23Xlu7P9zh0AJyBg=s2048,https://www.google.com/maps?cid=15167373248429811827
tokyo-musium,MUSIUM（ミュージーアム）,hero,tokyo/photos/tokyo-musium/hero.webp,1600,1200,landscape,space-interior,place,moody|night|design|retro,MUSIUM（ミュージーアム）,https://maps.google.com/maps/contrib/105352043183934405194,true,Photo: MUSIUM（ミュージーアム） via Google Maps,google-maps-contributor,https://lh3.googleusercontent.com/gps-cs-s/AHRPTWkx-ZFpCUbJ8T5sxco2BKXw3JCP9XIvEApogK0c48148vZdv96v9P1PL5sZPwfUcAh7U2xzKJ65-GjPEmHbxjdME5oKz3Yf2tj-8GPgS_NLuFc0LEsIVTwO7Zi63zUysn75YzM=s2048,https://www.google.com/maps?cid=9162109045717777936
tokyo-musium,MUSIUM（ミュージーアム）,alt-1,tokyo/photos/tokyo-musium/alt-1.webp,1600,1200,landscape,space-interior,place,counter-seating|moody|night,Long Tran Hai,https://maps.google.com/maps/contrib/114392460652677539845,false,Photo: Long Tran Hai via Google Maps,google-maps-contributor,https://lh3.googleusercontent.com/gps-cs-s/AHRPTWkrMTlY1ogoFpJm43QM1jGb4IrtumAYNvm-o3Rio7AJKrCFQ8Y768Wa4yKgZBwlm_MQTuDzhQOFfhMjojWGnh6Nq_qhMEchq4Ei7RFmXfs179xFfq2eOpdbBWkaK3ga___K8_KuGOR7r3L4=s2048,https://www.google.com/maps?cid=9162109045717777936
tokyo-musium,MUSIUM（ミュージーアム）,alt-2,tokyo/photos/tokyo-musium/alt-2.webp,1200,1600,portrait,drink,place,moody|night,蘇俊安,https://maps.google.com/maps/contrib/108224478593492488304,false,Photo: 蘇俊安 via Google Maps,google-maps-contributor,https://lh3.googleusercontent.com/gps-cs-s/AHRPTWlpJQZisQQSnAS3yUP3zJgI_V7rlhSqPok3Zjs4FI0SFQ9NMiR2SMjRPvdGYm7Wtrz19WJOY0DYfp1KaOPpxMZJvlRBky-FN4jLkJS1nayfS6_Pio2QWXb2MNgY498SB2yW1USCtmEUDzA=s2048,https://www.google.com/maps?cid=9162109045717777936
tokyo-musium,MUSIUM（ミュージーアム）,alt-3,tokyo/photos/tokyo-musium/alt-3.webp,1600,1200,landscape,space-interior,place,design|intimate|moody,MUSIUM（ミュージーアム）,https://maps.google.com/maps/contrib/105352043183934405194,true,Photo: MUSIUM（ミュージーアム） via Google Maps,google-maps-contributor,https://lh3.googleusercontent.com/grass-cs/ACvplmO4B17QOjjth0tZe_61WTh6nAdai6ts6PS3tKds-Kg3yI4nTTo353PuPJ-DAbgiJUswze8BofqjfRZdOZ-I5IFtq8Lpvjko_yA04cozmQgMDQDoXiisoyTFAO2hvb8whnq0iDp4ww=s2048,https://www.google.com/maps?cid=9162109045717777936
tokyo-nakano-broadway,Nakano Broadway,hero,tokyo/photos/tokyo-nakano-broadway/hero.webp,1600,1200,landscape,space-interior,place,retro|lively|bright,JB,https://maps.google.com/maps/contrib/109269605025040620777,false,Photo: JB via Google Maps,google-maps-contributor,https://lh3.googleusercontent.com/gps-cs-s/AHRPTWnBpX26YqKssSqgAC7aDree3xMkpEGrx6wNls0sc1iYeAHipnyAstJcN7s3JB9qQi3yMRuoQ2076eFtbRAgXdEZrVK3p-OwGAwwa2fLD4v9wtRCnTXE9KCfiuhv0C2Qo1_VGBDHF45kPC8=s2048,https://www.google.com/maps?cid=16264325981541494974
tokyo-nakano-broadway,Nakano Broadway,alt-1,tokyo/photos/tokyo-nakano-broadway/alt-1.webp,1200,1600,portrait,space-exterior,place,street|lively|retro,孫子湧,https://maps.google.com/maps/contrib/101161898575288869877,false,Photo: 孫子湧 via Google Maps,google-maps-contributor,https://lh3.googleusercontent.com/grass-cs/ACvplmPnW9X_jDOqNl-v4tNPOakrqcxe_NyyergksxwBYqo5tveGMS8nkBe3dyLnnb46RF34Rq_aChsj7NGuQ-31Mq2-5CDxz-ee0pu62RKsRQ-JPOHwS-wRNU3tiKpxN-scJC0lCO432mL0Qcc=s2048,https://www.google.com/maps?cid=16264325981541494974
tokyo-nakano-broadway,Nakano Broadway,alt-2,tokyo/photos/tokyo-nakano-broadway/alt-2.webp,1600,1205,landscape,detail,place,retro|lively,Justin M,https://maps.google.com/maps/contrib/104664992885629854748,false,Photo: Justin M via Google Maps,google-maps-contributor,https://lh3.googleusercontent.com/gps-cs-s/AHRPTWkTLB8_gFRJxhCZZccsr-Nz8eFUbjAbMYNLyWKqkwHFfGilMGLvDrahUx0aXdA-cQJb0uN2ifhXXBncx_SDZ_yw9mvkXqVoqwXdoDIkCr1pdY0WXSmNfLRle_TdtAq2DO_npZP4SU67_ROm=s2048,https://www.google.com/maps?cid=16264325981541494974
tokyo-nakano-broadway,Nakano Broadway,alt-3,tokyo/photos/tokyo-nakano-broadway/alt-3.webp,1080,1440,portrait,detail,place,retro,中山尚裕,https://maps.google.com/maps/contrib/117739430832530273397,false,Photo: 中山尚裕 via Google Maps,google-maps-contributor,https://lh3.googleusercontent.com/gps-cs-s/AHRPTWkmDn9qFGzjIjBifkAhFMxi-MImBvA1iQw4H6FUEzrJ6QMCKupT6K91zK6EYZTp5akYsbwBU--yCoI3_GPgJlUZd1sSUEs5RwioW59F5FR5YAHosPCkRmL4TNdMPjJDw9rxpz-PYMEuyGs=s2048,https://www.google.com/maps?cid=16264325981541494974
tokyo-nakano-central-park,Nakano Central Park,hero,tokyo/photos/tokyo-nakano-central-park/hero.webp,1600,1200,landscape,nature,place,green|daytime|lively,Masahiro Yamamoto,https://maps.google.com/maps/contrib/109463001801166904127,false,Photo: Masahiro Yamamoto via Google Maps,google-maps-contributor,https://lh3.googleusercontent.com/gps-cs-s/AHRPTWk2_S6_c55Nil4G0XL8MpJd_egVc1QL8NgZN0VtW3cRntEbHke67sZ2d4G0SnvrYIMvbc1V3PhJVk36mCxgEhIxTby-ZGwmnDN5bcOalavgvZV4hazeSV4_wnlO6AH6bRKmSZHf2g=s2048,https://www.google.com/maps?cid=3438736009098310627
tokyo-nakano-central-park,Nakano Central Park,alt-1,tokyo/photos/tokyo-nakano-central-park/alt-1.webp,1600,900,landscape,nature,place,serene|daytime,Bijay Maharjan,https://maps.google.com/maps/contrib/109475107276363342141,false,Photo: Bijay Maharjan via Google Maps,google-maps-contributor,https://lh3.googleusercontent.com/gps-cs-s/AHRPTWlQUQsYIepRYiqrG5hidTlkj6yWEqngJHVv_HTabpUFEnKkg4ZFOXopdpaCaM15Dxxm1-5ml0HGuIzQjc5F2nJEXzBm-j85H6qMKM-fRficsBR4pqViU5kpO6RbA9fxar0fG6Zv=s2048,https://www.google.com/maps?cid=3438736009098310627
tokyo-nakano-central-park,Nakano Central Park,alt-2,tokyo/photos/tokyo-nakano-central-park/alt-2.webp,1600,900,landscape,activity,place,night|lively|crowd,福田人,https://maps.google.com/maps/contrib/102372069584228113638,false,Photo: 福田人 via Google Maps,google-maps-contributor,https://lh3.googleusercontent.com/gps-cs-s/AHRPTWkqW9xXM7vPlXLSh2zr5IGMIm2ZPn1fkwMmZjQUO7moK75dRc9BLzkRpiHtGLJQrNE38rjHSaLJcgFwu3OUDuqQAqK7sv_JLvd4-3cMwG6j7xrYU38NAHRzVI1-sexSumdeBXSDTg=s2048,https://www.google.com/maps?cid=3438736009098310627
tokyo-nakano-central-park,Nakano Central Park,alt-3,tokyo/photos/tokyo-nakano-central-park/alt-3.webp,1200,1600,portrait,nature,place,daytime|serene,Thisパフェ,https://maps.google.com/maps/contrib/107558655129170010458,false,Photo: Thisパフェ via Google Maps,google-maps-contributor,https://lh3.googleusercontent.com/gps-cs-s/AHRPTWm1sxNgnJbdERrKGKgpvs6Ai5g6z12duyO4Z0zeOe-IDjBblZPLJwJKUtw1NLAipl5pnaxsI37Lxy0e2_bOmb7m_eDKcg11az5NZt7BOAEtb8qaf_5eDSFHTkO5mjJuU_RtFoyy=s2048,https://www.google.com/maps?cid=3438736009098310627
tokyo-nandhini-toranomon,Nandhini Toranomon,hero,tokyo/photos/tokyo-nandhini-toranomon/hero.webp,1600,1200,landscape,food,place,bright,トマト教開祖,https://maps.google.com/maps/contrib/117718831869712017571,false,Photo: トマト教開祖 via Google Maps,google-maps-contributor,https://lh3.googleusercontent.com/gps-cs-s/ANWiy9TpoZiO5L2-OIbEcF0Pm7FP4c0v7bRo69wvtpLGw8lSqAEx0zEkfMyp-amls8Qp6xrwp6RrO6lpsFGzJRoiuYxUYC8NfkQBXkhklZPYpdw7L4u1g-F8uD9T8k6ljU0DW4lTdd6M5kjmMyVl=s2048,https://www.google.com/maps?cid=17051737984693267697
tokyo-nandhini-toranomon,Nandhini Toranomon,alt-1,tokyo/photos/tokyo-nandhini-toranomon/alt-1.webp,1600,1200,landscape,space-exterior,place,street|daytime,Eason Chou,https://maps.google.com/maps/contrib/118193559199837838016,false,Photo: Eason Chou via Google Maps,google-maps-contributor,https://lh3.googleusercontent.com/gps-cs-s/ANWiy9QcwCCMnkKBdAtQfdyeEgMq8AQO7R4yvEXM4VtmcSYaGLnF2JTWPqj45MNCLIM9Baf9rkpYnODu1j0WYrSad_2psUBEOh_kG7sdZSP21xirq7YlyKx7RyyMVh487yeQkSRZVv149O8jWzSe=s2048,https://www.google.com/maps?cid=17051737984693267697
tokyo-nandhini-toranomon,Nandhini Toranomon,alt-2,tokyo/photos/tokyo-nandhini-toranomon/alt-2.webp,1600,1205,landscape,food,place,bright,幸,https://maps.google.com/maps/contrib/109522867290515951956,false,Photo: 幸 via Google Maps,google-maps-contributor,https://lh3.googleusercontent.com/gps-cs-s/ANWiy9TmlNG8TKVS5cpBGFvZr6pVNPB1eLTOgGqD2JFCL_srFfQ8_LO0OoYuAoHR9MeahydxydXKiGuWA9otLAHacMsJ4TbgQllENNUQ67-2F8LbOiHMJzdfpYbX8AuS9JRBLpMEQUCapJbbP7U=s2048,https://www.google.com/maps?cid=17051737984693267697
tokyo-nandhini-toranomon,Nandhini Toranomon,alt-3,tokyo/photos/tokyo-nandhini-toranomon/alt-3.webp,1200,1600,portrait,food,place,bright|green,はやし,https://maps.google.com/maps/contrib/104323768687972608996,false,Photo: はやし via Google Maps,google-maps-contributor,https://lh3.googleusercontent.com/gps-cs-s/ANWiy9QIWXydoplNNW4auUTSKyILikk18h4--wfwAFI0a3vH3SiEsCzMTPxH5ppMr7oFUuqd0GSFr9Xs9Vra_dAf5MgYQZeE_0npW_NX4vaUlVw4bZxQ8cL5I_VJXThjOyx0qYL4hLaKZnIyruur=s2048,https://www.google.com/maps?cid=17051737984693267697
tokyo-national-photo,National Photo,hero,tokyo/photos/tokyo-national-photo/hero.webp,1080,810,landscape,space-exterior,place,street|daytime,sa ma,https://maps.google.com/maps/contrib/101153649124984962246,false,Photo: sa ma via Google Maps,google-maps-contributor,https://lh3.googleusercontent.com/gps-cs-s/AHRPTWlC4dktKBbHpXJYAHCb-txG24uiDs8HWJQQcqUb1DjOYuPu872xNforOVi63wENWhRcm69rjSmcpisGLfD5m7tIMRCLIF7h9EUdr988aLtM8xvJ0kXowvwZxQee7_eOHmL7Y4kupA=s2048,https://www.google.com/maps?cid=10015709157831848074
tokyo-national-photo,National Photo,alt-1,tokyo/photos/tokyo-national-photo/alt-1.webp,1600,1200,landscape,space-exterior,place,street|daytime,ナショナル・フォート,https://maps.google.com/maps/contrib/100072899210705445661,false,Photo: ナショナル・フォート via Google Maps,google-maps-contributor,https://lh3.googleusercontent.com/gps-cs-s/ANWiy9S3_X5bqJwMbTEPGEoHoPGlyj4cnDuMhFPzJbGpZoWUZ2gadJc3E7dqXEtiMfKXj12LupU7jpJd_If7kr6uEICL0UC7trAHaw57BCiRIcCt1cqhEDOzLHgp7os211OP3sQugBOx=s2048,https://www.google.com/maps?cid=10015709157831848074
tokyo-national-photo,National Photo,alt-2,tokyo/photos/tokyo-national-photo/alt-2.webp,1200,1600,portrait,detail,place,minimal|bright,Omar Alonso Rodriguez,https://maps.google.com/maps/contrib/108910308786271894973,false,Photo: Omar Alonso Rodriguez via Google Maps,google-maps-contributor,https://lh3.googleusercontent.com/gps-cs-s/ANWiy9Rf0KSXSavvPsypfpBo4FkCSIXGxpRY3XF3z1YWBDQpSxp1hWiZicledJlZXkl8OfMJai95rZ5nlP8-qkdKfyFUbaKAtLTKhp6i9NuqvAeDFXvu9oW4lzhHeCGE40xRsWyG1i-x=s2048,https://www.google.com/maps?cid=10015709157831848074
tokyo-neort,NEORT++,hero,tokyo/photos/tokyo-neort/hero.webp,1600,1066,landscape,art,place,design|minimal,NEORT++,https://maps.google.com/maps/contrib/104493405241734603004,true,Photo: NEORT++ via Google Maps,google-maps-contributor,https://lh3.googleusercontent.com/gps-cs-s/AHRPTWnXUL6uKWXQD9m9UcpnqI1RwCCVlqGvyWqJ-LQ9qlLDtrTZyaGhf3dLeq8U_Q1qUIu7hk_ZZ1lZJ3cisPq3EVMaWcL5u1gqTYYiLYOLinkowycFqkFbqSR7_0aMATFiI-kMlqSb=s2048,https://www.google.com/maps?cid=17158779478608706161
tokyo-neort,NEORT++,alt-1,tokyo/photos/tokyo-neort/alt-1.webp,1600,1200,landscape,art,place,design|bright,Michael Roberts,https://maps.google.com/maps/contrib/113114624573529505824,false,Photo: Michael Roberts via Google Maps,google-maps-contributor,https://lh3.googleusercontent.com/gps-cs-s/AHRPTWniJR2eijCxw4ixj9lbwfLvzQI7I_Do3uewiiM4OO6sYvhaN_pFNJ6JYhc1Nm8VHlHn05I6_vQ9ubyj-YSccoAigXlLhXEYn60dInJGs-hg_TtOa6UNzW8i-aJRYsMqblv79VQh=s2048,https://www.google.com/maps?cid=17158779478608706161
tokyo-neort,NEORT++,alt-2,tokyo/photos/tokyo-neort/alt-2.webp,1600,900,landscape,art,place,moody|design,Asher,https://maps.google.com/maps/contrib/103486921895751142384,false,Photo: Asher via Google Maps,google-maps-contributor,https://lh3.googleusercontent.com/gps-cs-s/AHRPTWkhNZj5dgYwA3qW1hh3aNtERxIVdWk4zU6hLLSW86Blc40WYsbwXLThzsu5sBVC-IUKg5kWyl0RTA3aN8aRAVbdwiZ_FpPpc5YrHQIMBNPauqkwy5h0-DO0L2LPzKKyfKGr7kibul3U1HBm=s2048,https://www.google.com/maps?cid=17158779478608706161
tokyo-neort,NEORT++,alt-3,tokyo/photos/tokyo-neort/alt-3.webp,1600,900,landscape,art,place,moody|design,NEORT++,https://maps.google.com/maps/contrib/104493405241734603004,true,Photo: NEORT++ via Google Maps,google-maps-contributor,https://lh3.googleusercontent.com/gps-cs-s/AHRPTWlc6uIkpmHtPY2KuHEF-J4e1WdIHq34vv6w2Y1yXOYWhXnyn61mCjifPIcK57I9MGzIvaebTKQbnxF_QOqVOTXHT_pECoUdxbMf4vyV-fQY6BVZQn8K5B11udx6qy8_cNLXvua0uA=s2048,https://www.google.com/maps?cid=17158779478608706161
tokyo-nezu-museum,Nezu Museum,hero,tokyo/photos/tokyo-nezu-museum/hero.webp,1600,1200,landscape,space-exterior,place,design|green|serene,Lucia Opazo,https://maps.google.com/maps/contrib/104930444377259316820,false,Photo: Lucia Opazo via Google Maps,google-maps-contributor,https://lh3.googleusercontent.com/gps-cs-s/AHRPTWnQeVvppmZVVKgLkpE0Vff7EXXZjtJNjJPNOb1kn0K4qX3VpruTo7TEryhJyuH-9R8ZiqcRkkiBS39cSn1gvOD6jzArOwE82XGDC8W_i7zNlqajcUKO-mpHLqDY1S0PAtJV17_b=s2048,https://www.google.com/maps?cid=15044873861634050844
tokyo-nezu-museum,Nezu Museum,alt-1,tokyo/photos/tokyo-nezu-museum/alt-1.webp,1600,1200,landscape,nature,place,garden|green|serene,吉野光一,https://maps.google.com/maps/contrib/102932270597020462726,false,Photo: 吉野光一 via Google Maps,google-maps-contributor,https://lh3.googleusercontent.com/gps-cs-s/AHRPTWlJeBEQCdew1yIIppzOdXQf3V0lCeaWAtCnPV6PSgDtPbOsvrz248IBScknYChKbHPFss5m0VA42PbCRDQEIfJzQEhacXrNgiJtu8ROUOy3wUFbwucUXUqCjpVHseyPzDM60gcDr9HU_xSt=s2048,https://www.google.com/maps?cid=15044873861634050844
tokyo-nezu-museum,Nezu Museum,alt-2,tokyo/photos/tokyo-nezu-museum/alt-2.webp,1600,1200,landscape,nature,place,garden|daytime|bright,Kim JinA,https://maps.google.com/maps/contrib/115223052787506725828,false,Photo: Kim JinA via Google Maps,google-maps-contributor,https://lh3.googleusercontent.com/gps-cs-s/AHRPTWlvLLRzBUp1CGv8C2RJxt2yPUYCF9wLlckLAsMZ3GfydUBSObxE5FjOUAHWmOkYL1X3ZR572ACu6ErQoWtsYMqVt7CsKorTo124Bq12cAOS0V47PQuIF9aM1mkxQY1t7Ntuqk4=s2048,https://www.google.com/maps?cid=15044873861634050844
tokyo-nezu-museum,Nezu Museum,alt-3,tokyo/photos/tokyo-nezu-museum/alt-3.webp,1600,901,landscape,space-interior,place,minimal|design,Alex Wang,https://maps.google.com/maps/contrib/116564347756737192606,false,Photo: Alex Wang via Google Maps,google-maps-contributor,https://lh3.googleusercontent.com/gps-cs-s/AHRPTWlpWijAD0XJOHT6K7H3GIlLy-yEr9kfFE5dGAIqaNSy3DnvIAi8SciFB6M5CiablKMLA3OqW3_YWVJyX-pP9CNqki8QlZ1fP48wmvTZFzxUuQ4DHbPnPwcq-G8LOaklLsUfGgN-cA=s2048,https://www.google.com/maps?cid=15044873861634050844
tokyo-night-club-raise,Night Club Raise,hero,tokyo/photos/tokyo-night-club-raise/hero.webp,1566,1044,landscape,space-interior,place,night|neon|moody,RAISE,https://maps.google.com/maps/contrib/114805973800053285764,false,Photo: RAISE via Google Maps,google-maps-contributor,https://lh3.googleusercontent.com/gps-cs-s/ANWiy9T95qWZXguhgmH1kLNCX1j6jKB-DvVi7abHbLWP_mi3rxhcfD_TsaLM7WbLXGl-PF3gRwHIaflF8AKWPDg8MnnQycSHKl8uOya3a5vgPTo424QsrxuKkFwMLUmeKUxPTh9DsUfASRIT5og=s2048,https://www.google.com/maps?cid=4919800444367237390
tokyo-night-club-raise,Night Club Raise,alt-1,tokyo/photos/tokyo-night-club-raise/alt-1.webp,1568,1042,landscape,view,place,night|neon|skyline,RAISE,https://maps.google.com/maps/contrib/114805973800053285764,false,Photo: RAISE via Google Maps,google-maps-contributor,https://lh3.googleusercontent.com/gps-cs-s/ANWiy9TGMaEvbsC-8Jl5DWDHL6XuiA6cL1_a_oGHkZmFLDTpIuu8wBOBSTTvKNdWYjrb9FJtktpIdpcdI5qK3D3fBoxFrD5ngvf0AEV97R7528v5P0PhNhofl3sXW7eDbG-3ynLHkDR4SPG8_nE=s2048,https://www.google.com/maps?cid=4919800444367237390
tokyo-night-club-raise,Night Club Raise,alt-2,tokyo/photos/tokyo-night-club-raise/alt-2.webp,1566,1044,landscape,space-interior,place,night|neon|design,RAISE,https://maps.google.com/maps/contrib/114805973800053285764,false,Photo: RAISE via Google Maps,google-maps-contributor,https://lh3.googleusercontent.com/grass-cs/ACvplmNcmEKcx0ag9kQ7eBOUKH9rInFKM-wn8JwX7SiLU7ruuNk-WBvcWkgEKaGPpwgGbQcVtLBNMdqiiKxMKLY9KOMPR3lv6dGW22Z2F8MzDrdPrqd4brsq-fYWrKSpAV8bQstzo3dw24YBw2S4=s2048,https://www.google.com/maps?cid=4919800444367237390
tokyo-night-club-raise,Night Club Raise,alt-3,tokyo/photos/tokyo-night-club-raise/alt-3.webp,1200,1600,portrait,view,place,night|neon|street,Emel g,https://maps.google.com/maps/contrib/115622379477622323595,false,Photo: Emel g via Google Maps,google-maps-contributor,https://lh3.googleusercontent.com/gps-cs-s/ANWiy9S2Qfk0HTal3UviZI4RwyoZMFogjcUsNmltErKVXECxKeEEt3Pk8G1Hh5fvjrf2UoyYwNJ_WtMymg5-ujZ515Xu7WAPn6UQwr4YzvvOtlPMaLLaOTzBk2gVyJhH1yOdr4uQuBa8Cj89ortq=s2048,https://www.google.com/maps?cid=4919800444367237390
tokyo-nihonbashi-philly-tokyo,Nihonbashi Philly Tokyo,hero,tokyo/photos/tokyo-nihonbashi-philly-tokyo/hero.webp,1600,1200,landscape,space-interior,place,lively|retro|cozy,Paul You,https://maps.google.com/maps/contrib/116915184373418840360,false,Photo: Paul You via Google Maps,google-maps-contributor,https://lh3.googleusercontent.com/gps-cs-s/AHRPTWm31Eakl924JqQhYN2nbRYJEdsN5CfXHLI3WvTULlcx62HNivvrhwO5tMrJiDgw18Qw-oT-gl4Ig5ddm2ggHTwYBCeGq8OFihlIKWqXF35N-2uewBnXj2skx7pJ7al4ATEnGiL1mcqDiW09=s2048,https://www.google.com/maps?cid=8766834695431028165
tokyo-nihonbashi-philly-tokyo,Nihonbashi Philly Tokyo,alt-1,tokyo/photos/tokyo-nihonbashi-philly-tokyo/alt-1.webp,1600,1200,landscape,food,place,retro,ヤッググルメ,https://maps.google.com/maps/contrib/104888566775661322148,false,Photo: ヤッググルメ via Google Maps,google-maps-contributor,https://lh3.googleusercontent.com/gps-cs-s/AHRPTWmFyqooWN6Q9Ih-vS8XxllK-LysU_dkG6q3acUOTk9g2mLz9aPyYou57LZpcc2onZfkQAR14xNUcsVPhn90FAwwJWu1vmyxT4PX-0E-rnN7jjxcBXPVy_WHl-WfU6CESRGl4mm0x-XN0ZB_=s2048,https://www.google.com/maps?cid=8766834695431028165
tokyo-nihonbashi-philly-tokyo,Nihonbashi Philly Tokyo,alt-2,tokyo/photos/tokyo-nihonbashi-philly-tokyo/alt-2.webp,901,1600,portrait,space-exterior,place,night|street,Andre “T” Smith,https://maps.google.com/maps/contrib/110976491540675020255,false,Photo: Andre “T” Smith via Google Maps,google-maps-contributor,https://lh3.googleusercontent.com/gps-cs-s/AHRPTWnYmaT5snurhG2AWj-AXrXWu6zsThjQie6ZxaNE9C34UNnWFyToJMorRGVoI0ogop9Rugmjxz4TMTl0396m8QXG2XtmA_g2H4onqDDO3WmLkwr2xLJgbTgmaOQzu2x5Al8YWIjRRA5SlrXa=s2048,https://www.google.com/maps?cid=8766834695431028165
tokyo-nihonbashi-philly-tokyo,Nihonbashi Philly Tokyo,alt-3,tokyo/photos/tokyo-nihonbashi-philly-tokyo/alt-3.webp,1600,900,landscape,food,place,cozy,Alright Food Reviews,https://maps.google.com/maps/contrib/112860856483578634735,false,Photo: Alright Food Reviews via Google Maps,google-maps-contributor,https://lh3.googleusercontent.com/gps-cs-s/AHRPTWkVHRxaCU5TptSbN2EKUUYtxGj-DXE0wywEU6sjix9nWQQPptLmil18N-H6Veruu285U4o6wEoWMWahMq9GWq6XfD58wCJ4YPc4K75Ut3dB2ftCE0kP0q5-0kwa5mjpnQxUROno=s2048,https://www.google.com/maps?cid=8766834695431028165
tokyo-nike-harajuku,Nike Harajuku,hero,tokyo/photos/tokyo-nike-harajuku/hero.webp,1600,1200,landscape,space-exterior,place,street|daytime|design,anurag Lert,https://maps.google.com/maps/contrib/115605330843345118357,false,Photo: anurag Lert via Google Maps,google-maps-contributor,https://lh3.googleusercontent.com/gps-cs-s/AHRPTWkm1f-W5RJQpfpMPnITxJpkibEpFAXwQASVIR-Lm4t1t-5frQMIUkCgevTC8Wwo51K1eROvfDQaTZdmzcm5n4kppI-9y3rBDwLfcuuYJcCZ1EW6AlBHkqWemXlJHI8DUZczGLa0zw=s2048,https://www.google.com/maps?cid=11305212664266204135
tokyo-nike-harajuku,Nike Harajuku,alt-1,tokyo/photos/tokyo-nike-harajuku/alt-1.webp,1200,1600,portrait,space-interior,place,design|moody,Takeyoshi Suka,https://maps.google.com/maps/contrib/105615977262827872538,false,Photo: Takeyoshi Suka via Google Maps,google-maps-contributor,https://lh3.googleusercontent.com/gps-cs-s/AHRPTWlWT75Ge5mRnblkwK0a_5S2LpE0s76NEvwoolMyVuFRPpzqJUXgTYV_2tnI-ly-85WqzDIAJvdb0nW609fps5Sy6hNY2niKSZsr8Y_Kw0fa9YWou02iGSITeFuXTY3EUPrtRwws4rsm_HAE=s2048,https://www.google.com/maps?cid=11305212664266204135
tokyo-nike-harajuku,Nike Harajuku,alt-2,tokyo/photos/tokyo-nike-harajuku/alt-2.webp,1600,900,landscape,space-interior,place,bright|design,ヨンジヌン,https://maps.google.com/maps/contrib/118415338522339914327,false,Photo: ヨンジヌン via Google Maps,google-maps-contributor,https://lh3.googleusercontent.com/gps-cs-s/AHRPTWm1j26dzdUzfhvT5Qxq29VCOpCpN7ywJWhJl01dFkXKLIfBCkm2Suz92QFYYgpZqfUaJYuhWoDNHWIInBHaSMburcphxVPGdNAoJ5f9zqp7PYrD08HeR6zTOi5sbVA3KnNIMsey=s2048,https://www.google.com/maps?cid=11305212664266204135
tokyo-nike-harajuku,Nike Harajuku,alt-3,tokyo/photos/tokyo-nike-harajuku/alt-3.webp,1080,1440,portrait,space-exterior,place,daytime|design,Joe 9⃣7⃣,https://maps.google.com/maps/contrib/110188376846481365368,false,Photo: Joe 9⃣7⃣ via Google Maps,google-maps-contributor,https://lh3.googleusercontent.com/gps-cs-s/AHRPTWmU4ECHacU6vb9NyiPeRHNrUwegEkJ_-NV-jMv53DKq7oRSgfrSgVHkRYArmWjLuLNjaVPp-vRh3i7g3RSTjNT0VPwFaRsYC5hEhpmMOZue3g3BZm5dGq9zha58YO1qtvj9kP-RIs6cX5ee=s2048,https://www.google.com/maps?cid=11305212664266204135
tokyo-nike-lab-ma5,NIKE LAB MA5,hero,tokyo/photos/tokyo-nike-lab-ma5/hero.webp,1600,1200,landscape,space-interior,place,design|minimal|bright,cana kei,https://maps.google.com/maps/contrib/111977707415625432783,false,Photo: cana kei via Google Maps,google-maps-contributor,https://lh3.googleusercontent.com/gps-cs-s/ANWiy9QxnYUD2ln0aRq7rwhLJ-1PZNFQZzsVyB0ULebxxSvcz4vQj8HxJbGjJX0R3D8Ek9wHzbIRtSsKVLi0alS_DmIiUvuR8Z5skK5FynKoGbq4AMxVl0xT1pgQeU6ll39416JnbFSa=s2048,https://www.google.com/maps?cid=6782307091140251909
tokyo-nike-lab-ma5,NIKE LAB MA5,alt-1,tokyo/photos/tokyo-nike-lab-ma5/alt-1.webp,1600,900,landscape,space-exterior,place,night|minimal|street,KAZUO FUJII,https://maps.google.com/maps/contrib/117312999093816165593,false,Photo: KAZUO FUJII via Google Maps,google-maps-contributor,https://lh3.googleusercontent.com/grass-cs/ACvplmPkmoeB1kQ0loJa8TuQ391j4POnNccLTMu3nKEYFzxpApBh9G4eCfdAulMJ9wrtWRR_uSCtwn3ICukxA-vBugGu__SDhvOjTT2Aznx-qtFKdg3_v-l1-m8yR6jkk2FuuM5hcPiM=s2048,https://www.google.com/maps?cid=6782307091140251909
tokyo-nike-lab-ma5,NIKE LAB MA5,alt-2,tokyo/photos/tokyo-nike-lab-ma5/alt-2.webp,1600,1200,landscape,detail,place,design,Junbro,https://maps.google.com/maps/contrib/106402611139490114076,false,Photo: Junbro via Google Maps,google-maps-contributor,https://lh3.googleusercontent.com/gps-cs-s/ANWiy9TdYB34CoS0pCNSlpVblhjRN-RFgip3A4P7lMNowr-Q7oH9RFTP7TlzZDBFzJmIz5AO_WBt_ikqMNs-rKB7mrCA4DKlozPpxw6nOVWdS6tjyr4G0Yse2kOMqAkrp4MNV3vteXQ=s2048,https://www.google.com/maps?cid=6782307091140251909
tokyo-nike-lab-ma5,NIKE LAB MA5,alt-3,tokyo/photos/tokyo-nike-lab-ma5/alt-3.webp,1200,1600,portrait,detail,place,minimal|design,ANANCHANOK S,https://maps.google.com/maps/contrib/107576057866532207792,false,Photo: ANANCHANOK S via Google Maps,google-maps-contributor,https://lh3.googleusercontent.com/gps-cs-s/ANWiy9ShSwuoRp63cQOEuaR7uvmLDzusIUyKLpRocYaZtrgO4zWzr7s1LhqIcXptAJR7wtHuU6A59GsUaq49ZN6lz5RpU7-NijHFRl9fsyuAy7IrYdP64vvQKACtMIJ3nu6mtrFq4p--6A=s2048,https://www.google.com/maps?cid=6782307091140251909
tokyo-nikuya-yokocho-udagawacho,Nikuya Yokocho Udagawacho,hero,tokyo/photos/tokyo-nikuya-yokocho-udagawacho/hero.webp,1200,900,landscape,space-interior,place,neon|retro|lively,和牛放題の殿堂 肉屋横丁 渋谷宇田川町店,https://maps.google.com/maps/contrib/105423859564275109636,false,Photo: 和牛放題の殿堂 肉屋横丁 渋谷宇田川町店 via Google Maps,google-maps-contributor,https://lh3.googleusercontent.com/grass-cs/ACvplmNMFwdWWxDNN3UVuGW39ED9rgzKZVk1EmclaK9nyyvIPK39akAthPzc0G7EA7ZYmRIapfPB-PP6ZBFypHnm1MlcgOCgErYrcFSMGnGiq5i6QFfJKmLFqJ6MY7dss1cZRrh2eVX3=s2048,https://www.google.com/maps?cid=1675679817246998450
tokyo-nikuya-yokocho-udagawacho,Nikuya Yokocho Udagawacho,alt-1,tokyo/photos/tokyo-nikuya-yokocho-udagawacho/alt-1.webp,1600,1200,landscape,food,place,cozy,Esther Cheng,https://maps.google.com/maps/contrib/114846491484871219184,false,Photo: Esther Cheng via Google Maps,google-maps-contributor,https://lh3.googleusercontent.com/gps-cs-s/ANWiy9Sy4Q9IBogsYMVwZqt8yjIjuWngdpZVT7NNzMrqDhzCL0A3-NRCzeI-xH7mU0ttgCDTeGb5fzIotTVMCNujdK_fTuGWGuCBLHhRbaOVrRYYR_EyjW3w306eplv_MDm3LfmcLqa13eMw-EW9=s2048,https://www.google.com/maps?cid=1675679817246998450
tokyo-nikuya-yokocho-udagawacho,Nikuya Yokocho Udagawacho,alt-2,tokyo/photos/tokyo-nikuya-yokocho-udagawacho/alt-2.webp,1600,1200,landscape,activity,place,cozy,The Nomad Almanac,https://maps.google.com/maps/contrib/100510874904736497775,false,Photo: The Nomad Almanac via Google Maps,google-maps-contributor,https://lh3.googleusercontent.com/gps-cs-s/ANWiy9T9MV0adKIEHCzVkV97xu8JUiuP7RWPPYgNvHzTYjbPTLBBpDNx3bVVbqsBHObM_x9O1KyvhIOL159URozhAwe-bkEpHM60ztI0kUldvCBy-3L8uMA-pWj-o4CQyYtcCkDff06mZ9wnZkht=s2048,https://www.google.com/maps?cid=1675679817246998450
tokyo-nikuya-yokocho-udagawacho,Nikuya Yokocho Udagawacho,alt-3,tokyo/photos/tokyo-nikuya-yokocho-udagawacho/alt-3.webp,1600,1200,landscape,detail,place,bright,Ornnicha Wongyam,https://maps.google.com/maps/contrib/107710421642061875688,false,Photo: Ornnicha Wongyam via Google Maps,google-maps-contributor,https://lh3.googleusercontent.com/gps-cs-s/ANWiy9RXdTruW6KvbSMRCJ0Z69clNswYqCArIgCIacbU7NsFviV2NqJ6uSHGB0d6y5qGmDKYfJ1mkkdFEufv3ZP1f7IfcL3Z2PAgT1gj4bDKcnpe5oc0t4FBEZ-QgtGFfWL1VUNXwDFDUTvFT4Mk=s2048,https://www.google.com/maps?cid=1675679817246998450
tokyo-nogata-station,Nogata Station,hero,tokyo/photos/tokyo-nogata-station/hero.webp,1600,1200,landscape,space-exterior,place,street|daytime|retro,traveler DEEP,https://maps.google.com/maps/contrib/107515925831550241068,false,Photo: traveler DEEP via Google Maps,google-maps-contributor,https://lh3.googleusercontent.com/gps-cs-s/AHRPTWn7NJTMDS7IMgME1WL3tAyUb63uXkGf9INxA7vhokuQMdAb93aygRaYyO_SB_9GgNXDPXhH-UpWvzYDJmYf55A4qtHX7zzCB5XmwEyX7ghba_NuUnIvqp4hGm6GpJLEFA_uSWgj5Q=s2048,https://www.google.com/maps?cid=14174105716057159738
tokyo-nogata-station,Nogata Station,alt-1,tokyo/photos/tokyo-nogata-station/alt-1.webp,1600,1200,landscape,view,place,daytime|bright,kazma,https://maps.google.com/maps/contrib/104810036837479809241,false,Photo: kazma via Google Maps,google-maps-contributor,https://lh3.googleusercontent.com/gps-cs-s/AHRPTWkq8jVva2X4yeSDGG72z-Iklz0dwrdGIxcaiAZO1KyzEQmwRAFLIu3qm3ZArrNnyF12ldEOG954JltWv4bL08BxkStNkNmrKP3g6Err70n0CAy0rc11CPTSDy2_hlIgZwyP02Ky=s2048,https://www.google.com/maps?cid=14174105716057159738
tokyo-nogata-station,Nogata Station,alt-2,tokyo/photos/tokyo-nogata-station/alt-2.webp,1600,1200,landscape,space-exterior,place,daytime|street,ke su,https://maps.google.com/maps/contrib/101836181909634808839,false,Photo: ke su via Google Maps,google-maps-contributor,https://lh3.googleusercontent.com/gps-cs-s/AHRPTWn3GdZU46V-pI-JgGh6lI2CMsCDaVyfIMGVRqkExnSIQm-YtCxQWj2UwXSI3fKAuZZGZZ1nLSV_6ysWToARgxcdg_ySdaC8-j3u9o8d9szz09dB5oXNeOYOlQWmek5AluyETQbf=s2048,https://www.google.com/maps?cid=14174105716057159738
tokyo-nogata-station,Nogata Station,alt-3,tokyo/photos/tokyo-nogata-station/alt-3.webp,1280,720,landscape,space-exterior,place,daytime,よしのたつや,https://maps.google.com/maps/contrib/100473650365238018440,false,Photo: よしのたつや via Google Maps,google-maps-contributor,https://lh3.googleusercontent.com/gps-cs-s/AHRPTWkRtaHhZ28BaNLVTX05-4BGcQ6SVjJH8O8a19-BmYfpXRK-juOFAMB_KNZyk7__OeErP3GmdWlUwZwCudaS82cfNZ9ILcm2yO9-Yse8I9gTXabTX9JCdiVdQXNZ3fKT9aIchIjZGA=s2048,https://www.google.com/maps?cid=14174105716057159738
tokyo-non-public-area,Non-public area,hero,tokyo/photos/tokyo-non-public-area/hero.webp,1600,1200,landscape,view,surroundings,street|crowd,"Zengame from Tokyo, Japan",,,"Photo: Zengame from Tokyo, Japan via Wikimedia Commons",CC BY 2.0,https://thumb.wikimedia.org/wikipedia/commons/thumb/5/57/GFX02488_%2833373154670%29.jpg/3840px-GFX02488_%2833373154670%29.jpg,https://www.google.com/maps?cid=9614803764604010500
tokyo-non-public-area,Non-public area,alt-1,tokyo/photos/tokyo-non-public-area/alt-1.webp,1195,1600,portrait,space-interior,surroundings,design|minimal,江戸村のとくぞう (Edomura no Tokuzo),,,Photo: 江戸村のとくぞう (Edomura no Tokuzo) via Wikimedia Commons,CC BY-SA 4.0,https://thumb.wikimedia.org/wikipedia/commons/thumb/8/8e/Tokyu_Plaza_Ginza6.JPG/1920px-Tokyu_Plaza_Ginza6.JPG,https://www.google.com/maps?cid=9614803764604010500
tokyo-non-public-area,Non-public area,alt-2,tokyo/photos/tokyo-non-public-area/alt-2.webp,1195,1600,portrait,space-interior,surroundings,night|design,三菱善次郎,,,Photo: 三菱善次郎 via Wikimedia Commons,CC BY-SA 4.0,https://thumb.wikimedia.org/wikipedia/commons/thumb/1/1b/%E3%82%A4%E3%83%B3%E3%83%95%E3%83%AB%E3%82%A8%E3%83%B3%E3%82%B5%E3%83%BC%E6%92%AE%E5%BD%B1%E5%9C%B0.jpg/1920px-%E3%82%A4%E3%83%B3%E3%83%95%E3%83%AB%E3%82%A8%E3%83%B3%E3%82%B5%E3%83%BC%E6%92%AE%E5%BD%B1%E5%9C%B0.jpg,https://www.google.com/maps?cid=9614803764604010500
tokyo-non-public-area,Non-public area,alt-3,tokyo/photos/tokyo-non-public-area/alt-3.webp,1200,1600,portrait,view,surroundings,night|street,Zengame,,,Photo: Zengame via Wikimedia Commons,CC BY 2.0,https://thumb.wikimedia.org/wikipedia/commons/thumb/b/b2/Tokyo_2017-03_%2833757767275%29.jpg/3840px-Tokyo_2017-03_%2833757767275%29.jpg,https://www.google.com/maps?cid=9614803764604010500
tokyo-noodles-bar-blood-moon-tokyo-design-noodles,noodles & bar Blood Moon -Tokyo design noodles-,hero,tokyo/photos/tokyo-noodles-bar-blood-moon-tokyo-design-noodles/hero.webp,1600,1205,landscape,food,place,bright,Tetra,https://maps.google.com/maps/contrib/116870948155645341255,false,Photo: Tetra via Google Maps,google-maps-contributor,https://lh3.googleusercontent.com/gps-cs-s/AHRPTWlHCTS-2RKvmwK3O6k8fiWrMkkdlx0EPLMy6VLq_jNePO1ltHa4VWROEX-lJ_OQBMFh3ZuSSCvAvJhdU-E6AVrx9ACInO5p2S9vUXmGlNKnkZUTbbVlF7l3eHbBTXjtxv3k97WtOg2IldnX=s2048,https://www.google.com/maps?cid=8371443608895959978
tokyo-noodles-bar-blood-moon-tokyo-design-noodles,noodles & bar Blood Moon -Tokyo design noodles-,alt-1,tokyo/photos/tokyo-noodles-bar-blood-moon-tokyo-design-noodles/alt-1.webp,1600,1200,landscape,space-exterior,place,street|daytime,新橋 担々麺 ブラッドムーン,https://maps.google.com/maps/contrib/100057363950917549652,false,Photo: 新橋 担々麺 ブラッドムーン via Google Maps,google-maps-contributor,https://lh3.googleusercontent.com/grass-cs/ACvplmPDyCpdyjyHapA1jw4_ORLzoSpy02rKI1w-lU-tuPI1tZ0JOilqg_yO2QB-lYZlwgNGoPqM3V1jJ9fyRbary-WwMsfIaLEfh8VLzGfy0lqYFxBqLO-nTbDR7yjg2_pn2AoiOaG_=s2048,https://www.google.com/maps?cid=8371443608895959978
tokyo-noodles-bar-blood-moon-tokyo-design-noodles,noodles & bar Blood Moon -Tokyo design noodles-,alt-2,tokyo/photos/tokyo-noodles-bar-blood-moon-tokyo-design-noodles/alt-2.webp,1600,900,landscape,food,place,bright,Ree YooU,https://maps.google.com/maps/contrib/111238742476887117825,false,Photo: Ree YooU via Google Maps,google-maps-contributor,https://lh3.googleusercontent.com/gps-cs-s/AHRPTWma3QmpfLpdD-hM-_fzlO8Iotqgr4VgePqD71yvOCVKim88ItlhmiHLM--YJMoXCxafb9pFEhVj3lL5mV8qp1OBkToTpD0LhO29RrDTBUbFqst4m-2h83RtG3mr__nUXLQF3Ud5IN-2tiWN=s2048,https://www.google.com/maps?cid=8371443608895959978
tokyo-noodles-bar-blood-moon-tokyo-design-noodles,noodles & bar Blood Moon -Tokyo design noodles-,alt-3,tokyo/photos/tokyo-noodles-bar-blood-moon-tokyo-design-noodles/alt-3.webp,1200,1600,portrait,food,place,minimal,新橋 担々麺 ブラッドムーン,https://maps.google.com/maps/contrib/100057363950917549652,false,Photo: 新橋 担々麺 ブラッドムーン via Google Maps,google-maps-contributor,https://lh3.googleusercontent.com/gps-cs-s/AHRPTWngUDAyPo6AcYBuq3Tn4JotLmTM_hEbyX80Oo1a0KDdLdTaGvfRiKGQ3ph0_v6Dfrc4Fv-2pzkqIMR_XMiKFi5UjzgRx_Orj-2zOXcLq4TPHhgjTmWQh44jDFtxqnbsteg0yyqgDw=s2048,https://www.google.com/maps?cid=8371443608895959978
tokyo-nox-gallery-ebisu,NOX Gallery EBISU,hero,tokyo/photos/tokyo-nox-gallery-ebisu/hero.webp,1600,1200,landscape,space-interior,place,bright|minimal|design,Yos Yos,https://maps.google.com/maps/contrib/109248056837195644381,false,Photo: Yos Yos via Google Maps,google-maps-contributor,https://lh3.googleusercontent.com/grass-cs/ACvplmM8Lk6TSm6qDXUqrMVrXqEy-kE79tFAhUhGXKTlPpfMXH_rZpFXF-r0qju7JJfjtYuVvq2nl4jJI1xfkFI64LSSvcKnXlU_kxLKaqxOiP6DcEubNOfRJd4zMnVfAjSr6PscbUD8=s2048,https://www.google.com/maps?cid=567051906181304262
tokyo-nox-gallery-ebisu,NOX Gallery EBISU,alt-1,tokyo/photos/tokyo-nox-gallery-ebisu/alt-1.webp,1600,900,landscape,space-exterior,place,night|crowd|lively,NOX Gallery EBISU,https://maps.google.com/maps/contrib/118205938495917661952,true,Photo: NOX Gallery EBISU via Google Maps,google-maps-contributor,https://lh3.googleusercontent.com/gps-cs-s/AHRPTWnq2fTPE3WXTOxDvpmcmjxh4PHnPJoC0uYbqKjCbSw-Z6_t5reKn7PMiq1NgwBlYcdhViXW49Uz5X9L812bo_JzpTU9xS6tt9YIeCnqqBY7H3I_S7-Qxxg9m28LEYn9Fn3YNfuQFw=s2048,https://www.google.com/maps?cid=567051906181304262
tokyo-nox-gallery-ebisu,NOX Gallery EBISU,alt-2,tokyo/photos/tokyo-nox-gallery-ebisu/alt-2.webp,1600,900,landscape,art,place,neon|design,Jason Wisecat,https://maps.google.com/maps/contrib/106802247325503333231,false,Photo: Jason Wisecat via Google Maps,google-maps-contributor,https://lh3.googleusercontent.com/gps-cs-s/AHRPTWmsWxHR-2xIp1ZvQ1UFnYV8s3cDKBevRh-y_WLUUKCCj-TIxeukVvvYMRuz5r9TpIXa3PCekKUvmM8lmJVJvnMCkY5H55JwD8q2ivVNs67dTWD1OTKCM-5-igOrpjCTSLF1QcyF=s2048,https://www.google.com/maps?cid=567051906181304262
tokyo-nox-gallery-ebisu,NOX Gallery EBISU,alt-3,tokyo/photos/tokyo-nox-gallery-ebisu/alt-3.webp,1200,1600,portrait,art,place,intimate,naozo直蔵,https://maps.google.com/maps/contrib/103356805400878376651,false,Photo: naozo直蔵 via Google Maps,google-maps-contributor,https://lh3.googleusercontent.com/gps-cs-s/AHRPTWlhCd1stdYRaGrQxECcbzWH-D38rmw6H3JqfR_7Maa229yDCVMovByOlnV9zqh4QXpV9HEB514ZR6ut-ifBTeJzt8rehv_8OGXErk65rRZViQlId2HgWBz6SYySDySCSdsLAytV=s2048,https://www.google.com/maps?cid=567051906181304262
tokyo-nubian-shibuya,NUBIAN (ヌビアン) SHIBUYA,hero,tokyo/photos/tokyo-nubian-shibuya/hero.webp,1600,1066,landscape,space-interior,place,design|minimal|bright,NUBIAN SHIBUYA,https://maps.google.com/maps/contrib/100976795917344016942,false,Photo: NUBIAN SHIBUYA via Google Maps,google-maps-contributor,https://lh3.googleusercontent.com/grass-cs/AABkmLfwZqVhC9QWcnaI2qZma6ayfHTIs0ma1cmAYqDV1Jb9GC2WriGWp_qBTLCRhyGIJKNa2h5GziS5h2iUBsXA74_dGCM03jgN968vcq9gl7hh9L8HFk_5eDXgEmVNFZTlUW8DXsiuag=s2048,https://www.google.com/maps?cid=15875494631525840226
tokyo-nubian-shibuya,NUBIAN (ヌビアン) SHIBUYA,alt-1,tokyo/photos/tokyo-nubian-shibuya/alt-1.webp,1600,1200,landscape,space-interior,place,design|minimal,Torben Mauch,https://maps.google.com/maps/contrib/115102307186632409206,false,Photo: Torben Mauch via Google Maps,google-maps-contributor,https://lh3.googleusercontent.com/gps-cs-s/ANWiy9SVw2UJpqAQSCB00iDV7Yg7nlZAdqyFegqQJaj1ai2ncoJogaAw1zW7AXcEaQfv-yfCVTTDwRk4Xlv9-g1nY-368Pvswd5o1kjkOGBsCVk-Q68mYlVbQzwTUnWKNLIgAQkW6OkAZw=s2048,https://www.google.com/maps?cid=15875494631525840226
tokyo-nubian-shibuya,NUBIAN (ヌビアン) SHIBUYA,alt-2,tokyo/photos/tokyo-nubian-shibuya/alt-2.webp,1200,1600,portrait,detail,place,design|bright,めーだい,https://maps.google.com/maps/contrib/115398825476789869339,false,Photo: めーだい via Google Maps,google-maps-contributor,https://lh3.googleusercontent.com/gps-cs-s/ANWiy9TxFg2AwfhUvIaB1EIU_GNAVh9onRYvIKufrbTCWbKterti18NhGENPVaZcnKFP7-rhfBfZfWj7IShGoKahpZT2UqonEvCJAseWXaZ8IHEkWKxp1BZhKtRF4NKp6PjSVOhArVBi=s2048,https://www.google.com/maps?cid=15875494631525840226
tokyo-nubian-shibuya,NUBIAN (ヌビアン) SHIBUYA,alt-3,tokyo/photos/tokyo-nubian-shibuya/alt-3.webp,1200,1600,portrait,detail,place,minimal,めーだい,https://maps.google.com/maps/contrib/115398825476789869339,false,Photo: めーだい via Google Maps,google-maps-contributor,https://lh3.googleusercontent.com/gps-cs-s/ANWiy9QYe26Vp8TNA27k5QbKRT2vuXYRVVzLH6dA9j09ASMXnSfo1bxDr_WId_VU3z75BBhngTYgjK7gmeUltxJ81GS0uBt0sdim-Z5-22CC-15lfJ3pJEHhi1tTJ-W5olXCaCrC5cWv=s2048,https://www.google.com/maps?cid=15875494631525840226
tokyo-ochanomizu-station,Ochanomizu Station,hero,tokyo/photos/tokyo-ochanomizu-station/hero.webp,1600,1200,landscape,view,place,night|skyline|waterfront,むっしゅ“むっしゅ”,https://maps.google.com/maps/contrib/114819280939707109666,false,Photo: むっしゅ“むっしゅ” via Google Maps,google-maps-contributor,https://lh3.googleusercontent.com/gps-cs-s/AHRPTWk0wrro0ugPwzu0KIDnbi0n4zwVm4HqrtHtkHLZ_K_jCnyWcQMSjEHsw0CDukX342jFxFo0d01siEki29x3vfgC8v6lUpZmKQ8xUBgUObRTt9Fy23lpfM1FfOtZYYgaCa-XEkI=s2048,https://www.google.com/maps?cid=2576646016325463020
tokyo-ochanomizu-station,Ochanomizu Station,alt-1,tokyo/photos/tokyo-ochanomizu-station/alt-1.webp,1600,1200,landscape,space-exterior,place,daytime|street,茂呂泰一郎,https://maps.google.com/maps/contrib/100854638183521614433,false,Photo: 茂呂泰一郎 via Google Maps,google-maps-contributor,https://lh3.googleusercontent.com/gps-cs-s/AHRPTWlvNOvmtSiPpO8RooO1RqD9fst8sMY6dDxojE5yzGrN91AzN_mwCJU2XrGba3HMyhlRQ6FSqA5LXNmwoKc5WPKOyX8nKEho46GhVHVOT7m9pfu_lgO9VkNO3VruTDahaNwWxbw1=s2048,https://www.google.com/maps?cid=2576646016325463020
tokyo-ochanomizu-station,Ochanomizu Station,alt-2,tokyo/photos/tokyo-ochanomizu-station/alt-2.webp,1600,900,landscape,space-interior,place,bright,yuchi,https://maps.google.com/maps/contrib/115436098731694845938,false,Photo: yuchi via Google Maps,google-maps-contributor,https://lh3.googleusercontent.com/gps-cs-s/AHRPTWkD23wy3qkYo6FITeeRwhm-RS3xZPK6hM2b1e8hopbi9GPn4_yH47lKeKENV6T32h70RBIlx-0aXOz4D-lP61p5l_liE4-RvkQNSwb_njlmddwCnV6EKrnMoQmyvwsOuaayL0PU=s2048,https://www.google.com/maps?cid=2576646016325463020
tokyo-ochanomizu-station,Ochanomizu Station,alt-3,tokyo/photos/tokyo-ochanomizu-station/alt-3.webp,1200,1600,portrait,space-exterior,place,daytime|street,Kazuk Hiros,https://maps.google.com/maps/contrib/117996966271017479971,false,Photo: Kazuk Hiros via Google Maps,google-maps-contributor,https://lh3.googleusercontent.com/gps-cs-s/AHRPTWmEezm0pN5TBWcNkWeGsWIHIWWkcQNCwcxoqBdxWv8M8t_GZvxTzjvI6yQGGeXP1pN1GfG9CnwhQ_3N3_4VtPJL4SPGqaqWO1R4pDuk3uaLeWybKAhs7kpjQmOJky4nIP96uyYk9g=s2048,https://www.google.com/maps?cid=2576646016325463020
tokyo-ohitsuzen-tanbo-omotesando-branch,Ohitsuzen Tanbo Omotesando Branch,hero,tokyo/photos/tokyo-ohitsuzen-tanbo-omotesando-branch/hero.webp,1600,1245,landscape,food,place,cozy,samsm,https://maps.google.com/maps/contrib/101628671312669946833,false,Photo: samsm via Google Maps,google-maps-contributor,https://lh3.googleusercontent.com/gps-cs-s/AHRPTWl-knQCMf_MdfB8Sc3OMKKk8qedMaNF2MQi7SB7wRkfZupK-2UYGBdOZgpuFGtqsfPmrpgRSKRFr-HkxIUPmdCAOFe6Ahdhb1vBfqfAG6G_lrPaNPL6Q-PhhWvHh2E1sdGo5e3UddyNFL0=s2048,https://www.google.com/maps?cid=2184251652610495294
tokyo-ohitsuzen-tanbo-omotesando-branch,Ohitsuzen Tanbo Omotesando Branch,alt-1,tokyo/photos/tokyo-ohitsuzen-tanbo-omotesando-branch/alt-1.webp,1600,1600,square,food,place,cozy,Ho Chang,https://maps.google.com/maps/contrib/102345016581219366174,false,Photo: Ho Chang via Google Maps,google-maps-contributor,https://lh3.googleusercontent.com/gps-cs-s/AHRPTWkA4Jj0kQOEdp3edbO-1OCMBt1PEyPgdkc5TS4M2oaEo2DREb1KR3SC0jaJEYvR4HPl1VrAaGLSFpGTS-z96V3X8xVoT31gHhV8d3CYOrfKQqJGUFRv_JDfSGagOvcjhBRk19T-322DFfg=s2048,https://www.google.com/maps?cid=2184251652610495294
tokyo-ohitsuzen-tanbo-omotesando-branch,Ohitsuzen Tanbo Omotesando Branch,alt-2,tokyo/photos/tokyo-ohitsuzen-tanbo-omotesando-branch/alt-2.webp,1600,1200,landscape,food,place,moody,Kate & Fabian G-D,https://maps.google.com/maps/contrib/112047718675652756562,false,Photo: Kate & Fabian G-D via Google Maps,google-maps-contributor,https://lh3.googleusercontent.com/gps-cs-s/AHRPTWkbIPLO7J4dR4U9Eq3qXfCpPkwDwwED2eDpEiunWmsN3OtMppyTUrDCgvvMBzMuFtmTRUDisfWbPnc7zICFgjlEdKSU55zmsn5UjOoHg5TmeOa5wTCoTbwQuHJHge_fH86lBr6umw=s2048,https://www.google.com/maps?cid=2184251652610495294
tokyo-ohitsuzen-tanbo-omotesando-branch,Ohitsuzen Tanbo Omotesando Branch,alt-3,tokyo/photos/tokyo-ohitsuzen-tanbo-omotesando-branch/alt-3.webp,1600,1200,landscape,space-exterior,place,street|retro,EI CHOU,https://maps.google.com/maps/contrib/111490034360387266400,false,Photo: EI CHOU via Google Maps,google-maps-contributor,https://lh3.googleusercontent.com/grass-cs/ACvplmOOqYgUcMKkTvY6tC2fA2vAlYPu93CZlE0nk3U56NTB-gfRMzUsOX6jPLYcuY9hApBricKx5MOsvMvSm0L5pslkr7eF1l89xFQdIZFa79mWfFwXUxovxn1mSiQPDWS2g0AYuciVsBin-z8x=s2048,https://www.google.com/maps?cid=2184251652610495294
tokyo-okutama,Okutama,hero,tokyo/photos/tokyo-okutama/hero.webp,1600,839,landscape,nature,place,daytime|serene,Joanne “Wee” Tolentino,https://maps.google.com/maps/contrib/104406255272651936909,false,Photo: Joanne “Wee” Tolentino via Google Maps,google-maps-contributor,https://lh3.googleusercontent.com/gps-cs-s/AHRPTWlErghoeRWssuzWsvEMKmruPXtW5Ksh3CFtsGD0pw-9jOmAelD5HYpaVARbxQZKz3VEjxOo8qGiVacXdRAJyjZszVDojaISVOLaCnWNVN5_oFIuHFhz8Yd0GaGx_ZmraACYQOUJ=s2048,https://www.google.com/maps?cid=14049690903074462007
tokyo-okutama,Okutama,alt-1,tokyo/photos/tokyo-okutama/alt-1.webp,1600,900,landscape,nature,place,green|serene,Norman Brodnax,https://maps.google.com/maps/contrib/102172044482829831094,false,Photo: Norman Brodnax via Google Maps,google-maps-contributor,https://lh3.googleusercontent.com/gps-cs-s/AHRPTWmEdow2RoKfaZlaYZ8VJXnhLzzaQMPSSc8TCeocr2RC4bz6ICBKqrmquWslpCjW96Ml1A4GrP2zMDVNQQ8Z9XLaSKE9d1yYC-SUUjDYsbvyeshDVPOSWCWVMa4eoepoy8-DN2RU=s2048,https://www.google.com/maps?cid=14049690903074462007
tokyo-okutama,Okutama,alt-2,tokyo/photos/tokyo-okutama/alt-2.webp,1600,800,landscape,nature,place,waterfront|daytime|serene,Joanne “Wee” Tolentino,https://maps.google.com/maps/contrib/104406255272651936909,false,Photo: Joanne “Wee” Tolentino via Google Maps,google-maps-contributor,https://lh3.googleusercontent.com/gps-cs-s/AHRPTWk0wPzJ3eEKSWm0_701gl4lV3jF-1k_qpDqnk09QbX_8f0oAYhlrNgPuHuROgrd7a0r9m-H-q4ifKm0l_3ZjLcGU-pTxrgLKLdysoYqSZWUHcauWsZfbTVS5xb6j7ZDyE9ZZDge=s2048,https://www.google.com/maps?cid=14049690903074462007
tokyo-okutama,Okutama,alt-3,tokyo/photos/tokyo-okutama/alt-3.webp,1600,900,landscape,nature,place,daytime|serene,Norman Brodnax,https://maps.google.com/maps/contrib/102172044482829831094,false,Photo: Norman Brodnax via Google Maps,google-maps-contributor,https://lh3.googleusercontent.com/gps-cs-s/AHRPTWl656LnLyS7QnpZvAGoK8q-R8kmeGbtyeqP7t4z5EG85TmvQHWi_J8yCNBCNxTUt-RCuNM3cDtlV4MLOXcgxyuztVt38_0Fl6dN6-q-Ep0RC_bZXhEMIM32k8vqpXnCYDUlCvSgig=s2048,https://www.google.com/maps?cid=14049690903074462007
tokyo-leo,óleo,hero,tokyo/photos/tokyo-leo/hero.webp,1600,1200,landscape,space-interior,place,green|cozy|lively,óleo,https://maps.google.com/maps/contrib/116554738960488032004,true,Photo: óleo via Google Maps,google-maps-contributor,https://lh3.googleusercontent.com/grass-cs/ACvplmP7kkOLPPe6x53EEqGJOg3YPo4YCcSOsgO2QnAB2cHv-dUsv0O6utMbG6FFWJqj-6zvFBfS_ZRVxoJ7I5gPlngcQiVN-2XfDJ4k9U0AeT-5YaWT5F74qx0fxE1AJTTEOFLP4T5XAw=s2048,https://www.google.com/maps?cid=2183554001804319100
tokyo-leo,óleo,alt-1,tokyo/photos/tokyo-leo/alt-1.webp,1600,1200,landscape,food,place,bright,óleo,https://maps.google.com/maps/contrib/116554738960488032004,true,Photo: óleo via Google Maps,google-maps-contributor,https://lh3.googleusercontent.com/gps-cs-s/AHRPTWkhxVeKZzrGg-Hi9GmMAGeqgW59eNN8hqKIwFpnPgNDqCognqiSmZkFjb-dre_YRobuWPnJVngUWS8c_hTGuW3g6R7ZGS8nCDeIwrMUftslkHHdP8AEDjf3Oqfv-VW6kegAeCsZ_m33bac=s2048,https://www.google.com/maps?cid=2183554001804319100
tokyo-leo,óleo,alt-2,tokyo/photos/tokyo-leo/alt-2.webp,1600,1067,landscape,drink,place,bright,óleo,https://maps.google.com/maps/contrib/116554738960488032004,true,Photo: óleo via Google Maps,google-maps-contributor,https://lh3.googleusercontent.com/gps-cs-s/AHRPTWlo66AkqfzIXq1Q4NZvhDnczeD38TdDO27s2u8vcjFL706OtiPDjnBFTnVX-0UpliJ36_BNE-DacR132WXZT1CwxhEr_6WhAdHfVAe1TzAU3qgTBiEwN45Yf17LdnvbO-446tjE8Q=s2048,https://www.google.com/maps?cid=2183554001804319100
tokyo-leo,óleo,alt-3,tokyo/photos/tokyo-leo/alt-3.webp,1600,1600,square,space-interior,place,retro|cozy,附田茂樹,https://maps.google.com/maps/contrib/118299708807297316732,false,Photo: 附田茂樹 via Google Maps,google-maps-contributor,https://lh3.googleusercontent.com/gps-cs-s/AHRPTWkaN9t0Yb8J5K89-Y-bufJym1KGxRofPYdl35UWrH-cEwMqmsJHEUQ2PhcVZj4Y8TSeCJ2ErbPIdadBMPN7nst80_lZY26VeHsFEZ10rGTB1hcsj5rtItJ_lcG9AdVhX1Xtr6G9=s2048,https://www.google.com/maps?cid=2183554001804319100
tokyo-onibus-coffee,Onibus Coffee,hero,tokyo/photos/tokyo-onibus-coffee/hero.webp,1600,901,landscape,space-exterior,place,street|daytime|serene,ONIBUS COFFEE 中目黒駅前店,https://maps.google.com/maps/contrib/108083556753965729253,false,Photo: ONIBUS COFFEE 中目黒駅前店 via Google Maps,google-maps-contributor,https://lh3.googleusercontent.com/gps-cs-s/AHRPTWlqXV6UGKDoClH5aW7HPPWOCaj5kaWyWPBJcgpvz5wcdIrJNRbAEfcMQhW2abLA5YOQUWXQbeBZyzd_PtZysE2Dbb6cGBI55SK7VlErTK8Ge3cOLFQpUWuHnhVgax495bL_9z0F1g=s2048,https://www.google.com/maps?cid=11876988200528194964
tokyo-onibus-coffee,Onibus Coffee,alt-1,tokyo/photos/tokyo-onibus-coffee/alt-1.webp,1600,1200,landscape,space-exterior,place,green|cozy,宮下駿,https://maps.google.com/maps/contrib/110250012724232758638,false,Photo: 宮下駿 via Google Maps,google-maps-contributor,https://lh3.googleusercontent.com/gps-cs-s/AHRPTWlCq3eP91I7fjDWbqo_300joaFRyAw7n0vQoRfo1AIPdasXaHTdgz0qlvAlfVdTgvOorw8znknprkwDDvfZ05d3sH8xzGa7EG7dCZ5YeYA8T_SU6sAQtRMuULrUWrVNQODJyqiO9eBYV2Ca=s2048,https://www.google.com/maps?cid=11876988200528194964
tokyo-onibus-coffee,Onibus Coffee,alt-2,tokyo/photos/tokyo-onibus-coffee/alt-2.webp,1200,1600,portrait,space-interior,place,cozy|retro,Melissa C,https://maps.google.com/maps/contrib/113411793821536625504,false,Photo: Melissa C via Google Maps,google-maps-contributor,https://lh3.googleusercontent.com/gps-cs-s/AHRPTWnrvgLCBWWHwef04pmf8NcEJzIhDvdrnj_aWuO3PKH4NuAnvZKIQj9bWPom_FL7UJM72sx9jz8i07oncDBwWWi0DmGvUV7YhNiFypzs2d1BbKjlmwvYVIG7c9jBvOAjwrn0Y_LS7g=s2048,https://www.google.com/maps?cid=11876988200528194964
tokyo-onibus-coffee,Onibus Coffee,alt-3,tokyo/photos/tokyo-onibus-coffee/alt-3.webp,1200,1600,portrait,drink,place,cozy|daytime,manato yamashita,https://maps.google.com/maps/contrib/103622272672367562034,false,Photo: manato yamashita via Google Maps,google-maps-contributor,https://lh3.googleusercontent.com/gps-cs-s/AHRPTWnQA38zl2iFfGURdXHIjMjbjJCsIm_DHzwzHDFScDuG8Ft1--BqbVmyVVVE1VgjsdLCAujrREWxH8pr9o_ANENq1Hj6NRftedGoqyp3xrLFWxjLaGn7k_G2fYImlXpzXGHmREKE5tFCg9Q5=s2048,https://www.google.com/maps?cid=11876988200528194964
tokyo-onoden,ONODEN,hero,tokyo/photos/tokyo-onoden/hero.webp,1600,1200,landscape,space-exterior,place,street|bright|lively,¡Vamos!,https://maps.google.com/maps/contrib/113504838925999761121,false,Photo: ¡Vamos! via Google Maps,google-maps-contributor,https://lh3.googleusercontent.com/grass-cs/ACvplmMdI-z116xQuxEFEYlTybDuOXVddBl-FynPUu0j8nB4mqKOLSsankH1_xL8YznHnMkF-myN7RlrLk39r9TKerT0_Ui3bgjbGk5AMjz24d9TQ4ADCbU0HWNVUuKiN4KsotIRCZmpoqQkwOiu=s2048,https://www.google.com/maps?cid=16726067092199962632
tokyo-onoden,ONODEN,alt-1,tokyo/photos/tokyo-onoden/alt-1.webp,1200,1600,portrait,space-exterior,place,street|daytime|bright,たぬき心理教,https://maps.google.com/maps/contrib/112082250030421305194,false,Photo: たぬき心理教 via Google Maps,google-maps-contributor,https://lh3.googleusercontent.com/gps-cs-s/AHRPTWlepui5YYXmpILUX__QHOHI1zPAV9agKTEx4lv1QmGqKjHsR3AHtBpn2G735D9o522_ygIGvC4eg7iw7TOWBe06VPRuzgn6QF35_gBfoCXHVTY8_nz8kWXfL9PI7gIsam0r4HRTPo3ntXA0=s2048,https://www.google.com/maps?cid=16726067092199962632
tokyo-onoden,ONODEN,alt-2,tokyo/photos/tokyo-onoden/alt-2.webp,1600,900,landscape,space-interior,place,bright|retro,オノデン,https://maps.google.com/maps/contrib/116488525784048802635,false,Photo: オノデン via Google Maps,google-maps-contributor,https://lh3.googleusercontent.com/gps-cs-s/AHRPTWnrGJjJbvyZGGXxlqPF_vyHCGWnzflmxN4Nk6j4S1iv1meqgSo-1rl86mKRVJPcPWK2nYn8IlllgLn11k-pSx7iug2LJINp_l66PHYDlJ8zGbA7Hc4XnTvOZYUkWezlIu5oL2h3UA=s2048,https://www.google.com/maps?cid=16726067092199962632
tokyo-onoden,ONODEN,alt-3,tokyo/photos/tokyo-onoden/alt-3.webp,1066,1600,portrait,detail,place,retro|bright,Toshihiro Gamo (Dakiny),https://maps.google.com/maps/contrib/117875654365522252231,false,Photo: Toshihiro Gamo (Dakiny) via Google Maps,google-maps-contributor,https://lh3.googleusercontent.com/gps-cs-s/AHRPTWmm7xwnPVesrbp-jNHOvqGmgGPjWsK316R9dysr3NA2JfcHFez0uV6paihezts9D_6gvimfhlgbpJYhYzGXu8T_C4OKCwnjqKeha9KEba9vv8pTQOOGVWnqJj2owIbkJq8xUdvz=s2048,https://www.google.com/maps?cid=16726067092199962632
tokyo-onyado-nono-asakusa,Onyado Nono Asakusa,hero,tokyo/photos/tokyo-onyado-nono-asakusa/hero.webp,1024,768,landscape,space-exterior,place,serene|moody,御宿 野乃浅草,https://maps.google.com/maps/contrib/114054303493629122626,false,Photo: 御宿 野乃浅草 via Google Maps,google-maps-contributor,https://lh3.googleusercontent.com/gps-cs-s/AHRPTWnV9r1UlOYfC5eFjVA7MjFeW-eL9p5h_tngt75Kwc8nD3cK5ExmJM0kJSK65kCVUmswCxbu7wM-vTW_cQe7rhlD4JY_JR0gC--SAjuKGXS8SMSrGSB8WM7gFKDazzikT6qC3L4=s2048,https://www.google.com/maps?cid=3475395724774380158
tokyo-onyado-nono-asakusa,Onyado Nono Asakusa,alt-1,tokyo/photos/tokyo-onyado-nono-asakusa/alt-1.webp,1024,683,landscape,space-interior,place,bright|minimal,御宿 野乃浅草,https://maps.google.com/maps/contrib/114054303493629122626,false,Photo: 御宿 野乃浅草 via Google Maps,google-maps-contributor,https://lh3.googleusercontent.com/gps-cs-s/AHRPTWlyQETSlNDGZ-81OAYI1zfk1xf3VHhBKtVRilsTS2nvF8Qz5YLyHLzaa5pDPjjNa4Pd8gLV3wEO0BWnbYRAT9OXIXhcJqMeiYBI20uMbyizjl4lOSicwOiypPC18vdu_Mnwgz_yKQ=s2048,https://www.google.com/maps?cid=3475395724774380158
tokyo-onyado-nono-asakusa,Onyado Nono Asakusa,alt-2,tokyo/photos/tokyo-onyado-nono-asakusa/alt-2.webp,1024,768,landscape,food,place,minimal,御宿 野乃浅草,https://maps.google.com/maps/contrib/114054303493629122626,false,Photo: 御宿 野乃浅草 via Google Maps,google-maps-contributor,https://lh3.googleusercontent.com/gps-cs-s/AHRPTWk9ZAKwJaqv9HJTDwJ7749k7W4yBxHTvtcA5p2SCOkGCsWJvBrGXqEaxczc2P7DqiwSiW60wdZwZ6Q5jMjzALjAG0HcV2l6JcoVZiPHxCd1tu4t4J55S_PoxvYsW8cTnFe9_VXy=s2048,https://www.google.com/maps?cid=3475395724774380158
tokyo-oreryu-gyoza-meshi-harajuku,Oreryu Gyoza Meshi Harajuku,hero,tokyo/photos/tokyo-oreryu-gyoza-meshi-harajuku/hero.webp,1600,1205,landscape,space-exterior,place,street|daytime,あき’ターボ,https://maps.google.com/maps/contrib/107213519530742811106,false,Photo: あき’ターボ via Google Maps,google-maps-contributor,https://lh3.googleusercontent.com/grass-cs/ACvplmM-4oPF08-RdchRs_LGVplc8ompGqDrjmVjIo9BKoW__rFt8sW1ja2j7Qhw5v8mJVkt7iwe6ufYmuhRpwCDZE8uUJuXHch2-qehZPX0TKp1oO4e9yq3_Roe_JQ2w4RT-K4ns2A2scnELoQu=s2048,https://www.google.com/maps?cid=781621454815150615
tokyo-oreryu-gyoza-meshi-harajuku,Oreryu Gyoza Meshi Harajuku,alt-1,tokyo/photos/tokyo-oreryu-gyoza-meshi-harajuku/alt-1.webp,1200,1600,portrait,space-interior,place,cozy|retro|lively,Stanislav,https://maps.google.com/maps/contrib/108547948390489629237,false,Photo: Stanislav via Google Maps,google-maps-contributor,https://lh3.googleusercontent.com/gps-cs-s/AHRPTWkJcNSxPS-q52fRcHe8ilQdRZYDC9VxGQcTZ6eV4ImMQH-KKkNy4xpZV4cGyy-eO0ceSdU8_KVUySFJAKFkzYKUrKoJ0OHKlEGkDdn86tY_io1IO6zMdxc5EvgQCZ2ltkhNC1PDshY1mcP0=s2048,https://www.google.com/maps?cid=781621454815150615
tokyo-oreryu-gyoza-meshi-harajuku,Oreryu Gyoza Meshi Harajuku,alt-2,tokyo/photos/tokyo-oreryu-gyoza-meshi-harajuku/alt-2.webp,1200,1600,portrait,food,place,cozy,이현욱,https://maps.google.com/maps/contrib/110012896195648712221,false,Photo: 이현욱 via Google Maps,google-maps-contributor,https://lh3.googleusercontent.com/gps-cs-s/AHRPTWkugmSrHX36XCKl0jPKNZBiMHFuh8AEbxBDBPHx9TBt7ey0cRlD7IrEVeCgGztV9r_ERVRySZ4Ba6Kkm88xex2szdlYfmERGsdyBVHL_xDyGXiXGO933KlKUpszBoepwTbn_8l2mKO1jv5B=s2048,https://www.google.com/maps?cid=781621454815150615
tokyo-oreryu-gyoza-meshi-harajuku,Oreryu Gyoza Meshi Harajuku,alt-3,tokyo/photos/tokyo-oreryu-gyoza-meshi-harajuku/alt-3.webp,1600,1200,landscape,food,place,bright,Naoki Ohtani,https://maps.google.com/maps/contrib/108767297561747128425,false,Photo: Naoki Ohtani via Google Maps,google-maps-contributor,https://lh3.googleusercontent.com/gps-cs-s/AHRPTWmx3DJSpkaeOi724_TuDBakJ67QyCfV8IEkPQHGmOWDnfugkDMzvZ3N8oX_OTxHCnXiROUFUcvct31rYOLTZFfrqINZHLAMqDsjR_Rvf_JllzfBbRU6NFBCm7bXGhbgA0w-9Wsr2IGLCeMB=s2048,https://www.google.com/maps?cid=781621454815150615
tokyo-orery-shio-ramen-maruyamach,Oreryū Shio Ramen Maruyamachō,hero,tokyo/photos/tokyo-orery-shio-ramen-maruyamach/hero.webp,1600,901,landscape,food,place,cozy,Chigaku Inoue,https://maps.google.com/maps/contrib/108853207559350109554,false,Photo: Chigaku Inoue via Google Maps,google-maps-contributor,https://lh3.googleusercontent.com/gps-cs-s/AHRPTWnY2Czc6sMdJ1sHyDOJN1koZsnooHorFoHlc5f7lrfRowserqmUqCf4YP7yvEbnIflgd7L41KUO3-EvbYTFz67OmHl9osIb-BoajJBiMkTD0XFB6O5zyyjsAr-eGEVQEcRG7NgcMi--W2dT=s2048,https://www.google.com/maps?cid=18013180124583207586
tokyo-orery-shio-ramen-maruyamach,Oreryū Shio Ramen Maruyamachō,alt-1,tokyo/photos/tokyo-orery-shio-ramen-maruyamach/alt-1.webp,1200,1600,portrait,space-exterior,place,street|daytime,¡Vamos!,https://maps.google.com/maps/contrib/113504838925999761121,false,Photo: ¡Vamos! via Google Maps,google-maps-contributor,https://lh3.googleusercontent.com/gps-cs-s/AHRPTWmezMbptkipfuWXF27BHhAyI2u7FNJ5ZCFPcYhjO5j8daZZaDdcRhuCtVFUXt0i7Mm-uQqkGS2wamh49u3MUGrkcGQ1-kWMTZUw-fh-N0NmLBmYKvjQUIG3Il5wsNYMRJlQZAvPMKWi_m4=s2048,https://www.google.com/maps?cid=18013180124583207586
tokyo-orery-shio-ramen-maruyamach,Oreryū Shio Ramen Maruyamachō,alt-2,tokyo/photos/tokyo-orery-shio-ramen-maruyamach/alt-2.webp,1280,720,landscape,food,place,bright,俺流塩らーめん 円山町店,https://maps.google.com/maps/contrib/103856608341895865387,false,Photo: 俺流塩らーめん 円山町店 via Google Maps,google-maps-contributor,https://lh3.googleusercontent.com/gps-cs-s/AHRPTWmVnC5ewch3Yw0s2afNBLIIKkqd0RCQdtL4ovG0W2TKkd4X1_1sOifaBehVoWG5aOVJgyedU5PaCbBHMfMvVOkiWNB86zlrMgYljB0dydGOSPxMO9opwUNYkzUygDfwEPykSE_cww=s2048,https://www.google.com/maps?cid=18013180124583207586
tokyo-orery-shio-ramen-maruyamach,Oreryū Shio Ramen Maruyamachō,alt-3,tokyo/photos/tokyo-orery-shio-ramen-maruyamach/alt-3.webp,1200,1600,portrait,food,place,cozy,Ungros 85,https://maps.google.com/maps/contrib/102345489953208747456,false,Photo: Ungros 85 via Google Maps,google-maps-contributor,https://lh3.googleusercontent.com/gps-cs-s/AHRPTWnTVC5Lxyxv8suMLEWj8XbWmM0Wj4DRGIbdhPTxrJbmddknE_tfKqftuodeqxBUwKGzDOfMXdK3wwQ30cRJRQsBOQ_fVLbn1rPGhtZyU71f2EKgCVOrCj-8hdI7Nqdx1K03jwXCc3FrOu4=s2048,https://www.google.com/maps?cid=18013180124583207586
tokyo-otsu-coffee,Otsu Coffee,hero,tokyo/photos/tokyo-otsu-coffee/hero.webp,1600,1200,landscape,food,place,cozy,PK Nithi-U-Thai,https://maps.google.com/maps/contrib/107010749715646358984,false,Photo: PK Nithi-U-Thai via Google Maps,google-maps-contributor,https://lh3.googleusercontent.com/gps-cs-s/AHRPTWm6MeOPOQqX5OfcxvLGPYZJ0B7XcBvVX2GlzjC-j8OLvAMmyr_cJdx3rFtuHPFqKLQ_I6j4_4KeXTuTLtZ0bvSX02PEqwkrMJF9Q_rJzhPq6ZqEwsv18cgt5WzNySOe6W_yQPX4NmWhGvja=s2048,https://www.google.com/maps?cid=14889150029153949823
tokyo-otsu-coffee,Otsu Coffee,alt-1,tokyo/photos/tokyo-otsu-coffee/alt-1.webp,1600,1600,square,space-exterior,place,street|retro|daytime,たさわさわた,https://maps.google.com/maps/contrib/111943521637953647448,false,Photo: たさわさわた via Google Maps,google-maps-contributor,https://lh3.googleusercontent.com/gps-cs-s/AHRPTWkBJzkFqfzmsPo4FF8R-tFsVHRrqiM8BvRcci-mn6KjPwpaS-fuTiez1kk-qXCyxRz9kx6OUs_LeC99nxHjvtRRPFp6wD8o4TBPl26rJjMmdl9Ikw1_jhFZfYOL85jfeFu17qoSrkMEANOg=s2048,https://www.google.com/maps?cid=14889150029153949823
tokyo-otsu-coffee,Otsu Coffee,alt-2,tokyo/photos/tokyo-otsu-coffee/alt-2.webp,1200,1600,portrait,space-interior,place,cozy|retro|counter-seating,E Stev,https://maps.google.com/maps/contrib/106201738609826035721,false,Photo: E Stev via Google Maps,google-maps-contributor,https://lh3.googleusercontent.com/gps-cs-s/AHRPTWmysG0cPZ8LG1sWj5mI3BnIpjWVLVoDPvE44bGdeqKKm3LOG51Neq9t26lVLC7k_hKkgE-JSP6jDBtg5S5_kHsxWABWuOQS7O_SE2fUsZ4L_S3IuPy8URW75EgQaSrHB-x9RATNaVIaM6k=s2048,https://www.google.com/maps?cid=14889150029153949823
tokyo-otsu-coffee,Otsu Coffee,alt-3,tokyo/photos/tokyo-otsu-coffee/alt-3.webp,1583,1600,square,drink,place,cozy|retro,まんまるウォーカー,https://maps.google.com/maps/contrib/113546339180772794229,false,Photo: まんまるウォーカー via Google Maps,google-maps-contributor,https://lh3.googleusercontent.com/gps-cs-s/AHRPTWkXKtjsFl_22z08MrFqzWWlGPCa19e5yrLC95kQ7OI9ZBmd5ioVFEZItqvnvGB9dwrTzrQav85DiQuLfCtXEzTkwRjp1AiBQNgQz_OqapMLEW4nlDoAAheRrgEjqKUa2ndxMBRWcVrM0eA=s2048,https://www.google.com/maps?cid=14889150029153949823
tokyo-paddlers-coffee,Paddlers Coffee,hero,tokyo/photos/tokyo-paddlers-coffee/hero.webp,1600,1200,landscape,space-exterior,place,green|garden|daytime,na nana,https://maps.google.com/maps/contrib/108305119689472676749,false,Photo: na nana via Google Maps,google-maps-contributor,https://lh3.googleusercontent.com/gps-cs-s/AHRPTWmq3MOV0d9_Rp1Bcn3ReVbgL1N_3sRjSr8j6zFTWgLgCsZEzYDmqBnz9YynqBUEVNZy4TcfVyQPHzszjvRsfaG50tz5zofPbprE-X67xCDR3do2NjwEMiBcvP506j_SEGOrA-6z=s2048,https://www.google.com/maps?cid=8506947885865768170
tokyo-paddlers-coffee,Paddlers Coffee,alt-1,tokyo/photos/tokyo-paddlers-coffee/alt-1.webp,1080,1378,portrait,space-interior,place,cozy|retro,Umijn,https://maps.google.com/maps/contrib/113562118324309849775,false,Photo: Umijn via Google Maps,google-maps-contributor,https://lh3.googleusercontent.com/gps-cs-s/AHRPTWlgUvUCD3t0odE7dMkRct1RUbuDW5fLN1Bp88mLmaU7QYFaqSezkX-wrLYPfHjyqOotZKKLZWmdEaysFNcEaGsvq3-dOfCdlBAy0QxhCqq9rX2O1Mr3DKQI-ZMji2Wpd7qYCBuHD5Q5hVPF=s2048,https://www.google.com/maps?cid=8506947885865768170
tokyo-paddlers-coffee,Paddlers Coffee,alt-2,tokyo/photos/tokyo-paddlers-coffee/alt-2.webp,1600,1200,landscape,food,place,cozy|daytime,かなた,https://maps.google.com/maps/contrib/104886218461246375351,false,Photo: かなた via Google Maps,google-maps-contributor,https://lh3.googleusercontent.com/gps-cs-s/AHRPTWnU-PzX0wZwPLe6XJU3p-IxeRdzQ6vjWjGPqQqaWhGivb5v6siJS9QOAvqrjRSbLk5cw5X5QAU-gn3olsZugnnXm9LDs1IGWwwVXv90nWmYlvlki_Y3bRLc9m0AvsTKBPso-FwB3hiJE1iW=s2048,https://www.google.com/maps?cid=8506947885865768170
tokyo-paddlers-coffee,Paddlers Coffee,alt-3,tokyo/photos/tokyo-paddlers-coffee/alt-3.webp,1200,1600,portrait,drink,place,cozy,Wawa,https://maps.google.com/maps/contrib/101264539445613053791,false,Photo: Wawa via Google Maps,google-maps-contributor,https://lh3.googleusercontent.com/gps-cs-s/AHRPTWkFoZuVeN2EyVMd2uNQvmjP7531iLvRzdvVH_ubTw12nXs0fb1QxuxQEcsHy5ZzCPHMWPDC7_ka-82xGw1zx7tzOkRVJkmzf_Jp8Or2xh1p-i78Z6d68kqsg4PpTEW5ZS4QgL9m80cFtWTf=s2048,https://www.google.com/maps?cid=8506947885865768170
tokyo-paikaji,Paikaji,hero,tokyo/photos/tokyo-paikaji/hero.webp,1600,1200,landscape,food,place,cozy,Satoru Yamamoto,https://maps.google.com/maps/contrib/116871575508515348701,false,Photo: Satoru Yamamoto via Google Maps,google-maps-contributor,https://lh3.googleusercontent.com/gps-cs-s/ANWiy9SXbOQiYHSiTj9yMvzdjh_XyWEau2j0ZrUxgFJRZ9GJvMVOUdYCXFbrEvySUiNP7CzTRnOo85AORbWEVyI-uWy1oolNvElDJqNcT2LhAXsh4BPNxr-I-2A5YN2gtV0mHntRT8--FM8GPxQ=s2048,https://www.google.com/maps?cid=8307521122519613519
tokyo-paikaji,Paikaji,alt-1,tokyo/photos/tokyo-paikaji/alt-1.webp,1589,1600,square,space-exterior,place,night|neon|street,みかど,https://maps.google.com/maps/contrib/111139316463867389106,false,Photo: みかど via Google Maps,google-maps-contributor,https://lh3.googleusercontent.com/gps-cs-s/ANWiy9RBjI_WO4qUlC9fOQYP4MGkpFGq70bdgFWl8oKK7PqFl-VdQ7OJsTdmVrg1ux7S407lp73iQelqkFjscLG8xM9VwLW5w6Rf7-lvI-KHuWWJuCumJ3crGUXQgcLK1t55diunAHYFDLW-sfAb=s2048,https://www.google.com/maps?cid=8307521122519613519
tokyo-paikaji,Paikaji,alt-2,tokyo/photos/tokyo-paikaji/alt-2.webp,1600,1200,landscape,food,place,bright,K. Akhil Amuthan,https://maps.google.com/maps/contrib/117513705837630413765,false,Photo: K. Akhil Amuthan via Google Maps,google-maps-contributor,https://lh3.googleusercontent.com/gps-cs-s/ANWiy9RLpdsUzEW8bGwMBjt_e8awdZk5C13XXVEEU8wHZnQWhBTjrfGtdw_OJGw1FNoJt7SErduYHmvSMxv0rCQOlsi88eWGhsc2yfoe0iHohukHofR99tee5WXQptwZcFcJWFLgPdc=s2048,https://www.google.com/maps?cid=8307521122519613519
tokyo-paikaji,Paikaji,alt-3,tokyo/photos/tokyo-paikaji/alt-3.webp,720,1280,portrait,space-interior,place,lively|crowd|cozy,濱川清香,https://maps.google.com/maps/contrib/106261111988999332742,false,Photo: 濱川清香 via Google Maps,google-maps-contributor,https://lh3.googleusercontent.com/gps-cs-s/ANWiy9S9b0e4aC7UH5cHdw-AJAHSvjnTzju2A_x_KM7BE4OJscjJjATIczkJJpA_hhxWEtfia7G9ITwPfIQKnyArX8Zkfs8u4wS_cox-WEmlLmAXPm46uePFSZA23D14NgvmBbhcP8oI=s2048,https://www.google.com/maps?cid=8307521122519613519
tokyo-pc-fixs-akihabara,PC Fixs Akihabara,hero,tokyo/photos/tokyo-pc-fixs-akihabara/hero.webp,1600,1066,landscape,space-interior,place,bright|minimal,パソコン修理 PC Fixs秋葉原店,https://maps.google.com/maps/contrib/114934683454623774517,false,Photo: パソコン修理 PC Fixs秋葉原店 via Google Maps,google-maps-contributor,https://lh3.googleusercontent.com/gps-cs-s/ANWiy9TeB317GjJOORHGozLRT0ebH9SWMXily-i0-0biibjyDc2b5m39qG-yFEOVf02Xhj-hYZmKLmzyMRvEJBL6ZNd_k9HUAFbUISybUWAmeI7q2YujXH3T6DIwtCBTogSG1eGfV58Qgw=s2048,https://www.google.com/maps?cid=15683062039133141809
tokyo-pc-fixs-akihabara,PC Fixs Akihabara,alt-1,tokyo/photos/tokyo-pc-fixs-akihabara/alt-1.webp,1600,1066,landscape,space-interior,place,bright,パソコン修理 PC Fixs秋葉原店,https://maps.google.com/maps/contrib/114934683454623774517,false,Photo: パソコン修理 PC Fixs秋葉原店 via Google Maps,google-maps-contributor,https://lh3.googleusercontent.com/gps-cs-s/ANWiy9TE8c5BxP-snMnFkrWufpxwTZJ5mz6U7UPW5nWMzB6HWitL7VyZVCg7TTTFmTtaVsqwFppMk0bEoz5Akb_DC_Vh-bjIKiCfCGuWhWluBVUSPcRnSjAnjvEHyYB88cVl6c0PBSY2=s2048,https://www.google.com/maps?cid=15683062039133141809
tokyo-pc-fixs-akihabara,PC Fixs Akihabara,alt-2,tokyo/photos/tokyo-pc-fixs-akihabara/alt-2.webp,1600,1066,landscape,detail,place,minimal,パソコン修理 PC Fixs秋葉原店,https://maps.google.com/maps/contrib/114934683454623774517,false,Photo: パソコン修理 PC Fixs秋葉原店 via Google Maps,google-maps-contributor,https://lh3.googleusercontent.com/gps-cs-s/ANWiy9RVwU_KB223yiRG_7WXGmVIfcHUin5CCelZOdV0zxE4jiq4TUrKOwpFJW12w44eURg97uyxg_-1VJaXPZpmzV5grb1G6UDh8K2HEimoUWkOhbESHyHw37-LiIPMu1arZysudxGROA=s2048,https://www.google.com/maps?cid=15683062039133141809
tokyo-pc-fixs-akihabara,PC Fixs Akihabara,alt-3,tokyo/photos/tokyo-pc-fixs-akihabara/alt-3.webp,1600,1066,landscape,activity,place,bright,パソコン修理 PC Fixs秋葉原店,https://maps.google.com/maps/contrib/114934683454623774517,false,Photo: パソコン修理 PC Fixs秋葉原店 via Google Maps,google-maps-contributor,https://lh3.googleusercontent.com/gps-cs-s/ANWiy9QJMvv6rxcvqqXTgAfuzcAJ3vobixREBqceXMlkT-js55cf5HKLd-cLZdpu7ibPc0wwoK6YYfGbQo4JmzIHirhKkE9FJMOYMhSKHUoQ6hf06eSLmvhu-GFwTxCtEZzGANW8TYc=s2048,https://www.google.com/maps?cid=15683062039133141809
tokyo-peaches-japan,Peaches. Japan,hero,tokyo/photos/tokyo-peaches-japan/hero.webp,1600,900,landscape,space-interior,place,design|minimal|bright,Peaches. Japan,https://maps.google.com/maps/contrib/118102115257755247943,true,Photo: Peaches. Japan via Google Maps,google-maps-contributor,https://lh3.googleusercontent.com/grass-cs/ACvplmNDO2W4BdGM3lnpnZBgx5dzZarNOma12-AHCMLNaGt9zbD_Ja7peo0d9LQ6zN6WuhXtYicYpkMlMJIRuGKWvbG0yEcFtWMMmLNqJs-ZLg8WQG7z1S4n9sN7DibiTXqu_AH_bB_ZlFGW6d-L=s2048,https://www.google.com/maps?cid=9088623838157616061
tokyo-peaches-japan,Peaches. Japan,alt-1,tokyo/photos/tokyo-peaches-japan/alt-1.webp,1600,1066,landscape,drink,place,bright|design,Peaches. Japan,https://maps.google.com/maps/contrib/118102115257755247943,true,Photo: Peaches. Japan via Google Maps,google-maps-contributor,https://lh3.googleusercontent.com/gps-cs-s/AHRPTWlfc_SicfTmrBdezWmveov_04_yZBSDnKX0OF84IO6QnXKi62b95B_LlB8h7QM-KgOmMG5FvX04Moi-fh2JZ1xLBbOWvvOwI5rCDbr-BDqWB_B06yh_Pu0Cz-DkVPmysMudC7b5AWkhl_Lz=s2048,https://www.google.com/maps?cid=9088623838157616061
tokyo-peaches-japan,Peaches. Japan,alt-2,tokyo/photos/tokyo-peaches-japan/alt-2.webp,1600,1156,landscape,space-exterior,place,night|design|street,Peaches. Japan,https://maps.google.com/maps/contrib/118102115257755247943,true,Photo: Peaches. Japan via Google Maps,google-maps-contributor,https://lh3.googleusercontent.com/gps-cs-s/AHRPTWmAcjZ0txp6NiVRBCnEmV1d8ttPGus75aOCMtbt-RourpeiQ8s-4kuHDnHkNlI4YdvkgrBmXuMzP3n0BY02rlfsGEEZXmIcBWMfELXDerLg-39IWxWQjfULGYxUZwGMYO2JvnKF=s2048,https://www.google.com/maps?cid=9088623838157616061
tokyo-peaches-japan,Peaches. Japan,alt-3,tokyo/photos/tokyo-peaches-japan/alt-3.webp,1200,1600,portrait,detail,place,night|retro,Peaches. Japan,https://maps.google.com/maps/contrib/118102115257755247943,true,Photo: Peaches. Japan via Google Maps,google-maps-contributor,https://lh3.googleusercontent.com/gps-cs-s/AHRPTWnHCRVHCsTIOJDBvl_fnh7xemcktAlj0VCgmXbAHIc5mstryg5bRSjpHZmiwb5TS2tM1ZF7-yaETjXKG3mc-valVAzGDQKij4x9kxSCkg0CA9w3y8WyWGYcoR_wPFS6wcbHYds=s2048,https://www.google.com/maps?cid=9088623838157616061
tokyo-pigment-tokyo,PIGMENT TOKYO,hero,tokyo/photos/tokyo-pigment-tokyo/hero.webp,1600,1076,landscape,space-interior,place,design|minimal|bright,PIGMENT TOKYO,https://maps.google.com/maps/contrib/100882637277643366470,true,Photo: PIGMENT TOKYO via Google Maps,google-maps-contributor,https://lh3.googleusercontent.com/gps-cs-s/AHRPTWmgBd0Zfeg9aVuvZJ0E7ysLQr5mwnyrEDs8SZ0_Jf8kOffsJGP0z-6s5ZgFjCHSI3rB-PXGqVlI3cjEJWGoYeKkTEYWSzFXxpybHqeJtpxNHV_DmqwdqLuQ7IdXpxCqK1ODbSbr=s2048,https://www.google.com/maps?cid=6809399948621221322
tokyo-pigment-tokyo,PIGMENT TOKYO,alt-1,tokyo/photos/tokyo-pigment-tokyo/alt-1.webp,1600,1200,landscape,detail,place,design,carrie lin,https://maps.google.com/maps/contrib/116995781970089988793,false,Photo: carrie lin via Google Maps,google-maps-contributor,https://lh3.googleusercontent.com/gps-cs-s/AHRPTWn5XsnmycDX4pB8fZh93aMOnaPhqIT9jqKauwzzuUxUS0FdIXSTsS3U5wyyBqBcQgpkWhrsnAT6_yak6sWl32eFv8yKllcnkyTl30-9kcqQSSSv61k7549Vf5VhuUKgXgB7Ef6a_t5cjpo=s2048,https://www.google.com/maps?cid=6809399948621221322
tokyo-pigment-tokyo,PIGMENT TOKYO,alt-2,tokyo/photos/tokyo-pigment-tokyo/alt-2.webp,1600,900,landscape,detail,place,design|bright,PIGMENT TOKYO,https://maps.google.com/maps/contrib/100882637277643366470,true,Photo: PIGMENT TOKYO via Google Maps,google-maps-contributor,https://lh3.googleusercontent.com/gps-cs-s/AHRPTWmeNX1tH9LKuxLYlFmM6NaF87ZqtdUU7bHbSAH2EpaI5lmmkRH3SQFE-lfuQDKgS1z5puhDbw8TetH-IWzkq0IwcEPmmA3i8rl-5uwWXQpYwjuS70TyDvtdIPNUBGKqv-qlFiJYtw=s2048,https://www.google.com/maps?cid=6809399948621221322
tokyo-pigment-tokyo,PIGMENT TOKYO,alt-3,tokyo/photos/tokyo-pigment-tokyo/alt-3.webp,1600,1200,landscape,space-exterior,place,design|green|daytime,carrie lin,https://maps.google.com/maps/contrib/116995781970089988793,false,Photo: carrie lin via Google Maps,google-maps-contributor,https://lh3.googleusercontent.com/gps-cs-s/AHRPTWkHo3A9zJ8H74RUQCfj0KLoCYnNwydK7bc4mUfalnW9oMtPv4cN5FkQ5_N2-HegLCkN2IoibUZaz7rmmyWsnpowge1NLHuWnIGJXxjgG6J3g2snEbEo0hOtLLV87RkmOKc9euLKw14nNUXR=s2048,https://www.google.com/maps?cid=6809399948621221322
tokyo-postcoffee-offline-store,PostCoffee Offline Store,hero,tokyo/photos/tokyo-postcoffee-offline-store/hero.webp,1600,1202,landscape,space-exterior,place,street|minimal|daytime,Tateomi Fujino,https://maps.google.com/maps/contrib/101779909174379658446,false,Photo: Tateomi Fujino via Google Maps,google-maps-contributor,https://lh3.googleusercontent.com/gps-cs-s/AHRPTWnF6AARl2-Uhugs2IXhZUjXP7bhW2_YydzLAIoyMhrIhkMburDwpmjdp-hOs4DVV-Q1jVp6XjOB_pqb0VRR2wK67kr4xd4JyUj1hT7VeuQ5ImLKNe0xceO2vXusAApQHELYNAKOIZQ9nBRO=s2048,https://www.google.com/maps?cid=6028370122569779877
tokyo-postcoffee-offline-store,PostCoffee Offline Store,alt-1,tokyo/photos/tokyo-postcoffee-offline-store/alt-1.webp,1206,1578,portrait,space-interior,place,minimal|design,Ushi,https://maps.google.com/maps/contrib/108618156846636002460,false,Photo: Ushi via Google Maps,google-maps-contributor,https://lh3.googleusercontent.com/gps-cs-s/AHRPTWkD0l5bkwIN1TiezSaKeM9zRo4ThfEToS1IXUZNCtrjQ1HAsq_Xx7jFE2TZKk4wbC4jxTiC1Nb16cY5r5WQBH2IjaRISGOnHI3xA5xv4yGURD0JOoB_4ecPmzTcEhGnU5PufnT0jt4fZLB_=s2048,https://www.google.com/maps?cid=6028370122569779877
tokyo-postcoffee-offline-store,PostCoffee Offline Store,alt-2,tokyo/photos/tokyo-postcoffee-offline-store/alt-2.webp,1205,1600,portrait,drink,place,minimal|bright,Damian,https://maps.google.com/maps/contrib/108973541679256026984,false,Photo: Damian via Google Maps,google-maps-contributor,https://lh3.googleusercontent.com/gps-cs-s/AHRPTWmSq_Qj4odu6OvtQU8fcK-6WbVQM4sD2gw1GoAZ5_ofcZBa-Da9lsLyR0z-rA4Sx2YlfEbAHVEos7_CKef4SfqjVUz0jIEzi9bni6Crbbd9Og6ES8NozBV1DWFwh0tzhLTlVv-jQeBbJyZj=s2048,https://www.google.com/maps?cid=6028370122569779877
tokyo-postcoffee-offline-store,PostCoffee Offline Store,alt-3,tokyo/photos/tokyo-postcoffee-offline-store/alt-3.webp,1200,1600,portrait,detail,place,minimal,maripi1025,https://maps.google.com/maps/contrib/111590295998870940257,false,Photo: maripi1025 via Google Maps,google-maps-contributor,https://lh3.googleusercontent.com/gps-cs-s/AHRPTWkM4mntBYZRfgaqrjjCq9SuAHgl20gRIYNGBfIzr0oz_pKAhD7rE8BvdNjvMp4GFRR2AqT9-PuS_JBf0Z0qLlVDf0PDBpKi3k4FBd3AMcb6Ft7f8JNyConY9wSDUi96TcGVFQ1zgc8C00cD=s2048,https://www.google.com/maps?cid=6028370122569779877
tokyo-prince-smart-inn-ebisu,Prince Smart Inn Ebisu,hero,tokyo/photos/tokyo-prince-smart-inn-ebisu/hero.webp,1600,1066,landscape,space-exterior,place,night|design,Prince Smart Inn Ebisu,https://maps.google.com/maps/contrib/111989222316776734447,true,Photo: Prince Smart Inn Ebisu via Google Maps,google-maps-contributor,https://lh3.googleusercontent.com/gps-cs-s/AHRPTWkaqOTdQMl4V39tIS0Obof-P8Cq-RBvtKlEcflmoPs73IoNNZppQkT5bVCaF5wJZsygrMOg3K2skvZDcorx5FqDyi2LBvF-QzotIOtVt36z06jET6jNDzc1H-1dxCLb0CUTYa-b=s2048,https://www.google.com/maps?cid=5660200751245795506
tokyo-prince-smart-inn-ebisu,Prince Smart Inn Ebisu,alt-1,tokyo/photos/tokyo-prince-smart-inn-ebisu/alt-1.webp,1600,1066,landscape,space-interior,place,design|green|bright,Prince Smart Inn Ebisu,https://maps.google.com/maps/contrib/111989222316776734447,true,Photo: Prince Smart Inn Ebisu via Google Maps,google-maps-contributor,https://lh3.googleusercontent.com/gps-cs-s/AHRPTWm1644psb6RbrqwXsDublOQxrFv73Np41yUvwiP3vGiQ1SjuqKNvhV3rYsxSWgOs6b_-HhvVGvGVl3NSUfaRgjSNvaZ8PmZltUdjq79_bDwiijTVOaPusqRpL1k1r9xICEKANGImYEZLsHU=s2048,https://www.google.com/maps?cid=5660200751245795506
tokyo-prince-smart-inn-ebisu,Prince Smart Inn Ebisu,alt-2,tokyo/photos/tokyo-prince-smart-inn-ebisu/alt-2.webp,1600,1066,landscape,space-interior,place,minimal|bright,Prince Smart Inn Ebisu,https://maps.google.com/maps/contrib/111989222316776734447,true,Photo: Prince Smart Inn Ebisu via Google Maps,google-maps-contributor,https://lh3.googleusercontent.com/gps-cs-s/AHRPTWk-NMAKftV0Mf0BFaj2MOYByqtC-JyjuxluLjS_dWd55JYElD7VZSGVAt_gS6w4vVXU-j9eomf8i9KOgIhniHwua6zViGrtCIE8pEts-jLQ3ytD5cqEpFbq8ayLW3Z0Jdby4i0F4gUaLsWS=s2048,https://www.google.com/maps?cid=5660200751245795506
tokyo-prince-smart-inn-ebisu,Prince Smart Inn Ebisu,alt-3,tokyo/photos/tokyo-prince-smart-inn-ebisu/alt-3.webp,1600,1066,landscape,space-interior,place,minimal,Prince Smart Inn Ebisu,https://maps.google.com/maps/contrib/111989222316776734447,true,Photo: Prince Smart Inn Ebisu via Google Maps,google-maps-contributor,https://lh3.googleusercontent.com/gps-cs-s/AHRPTWnOk9uP3auHMrh5AnZfsFIAPN3bYf41flyT68VQbr_Sib3WCDAemgwGsLFnLdLbtTnzjM749VIsZHR9oYmfgpH4NGOoc6hnBuAd_3C7X7IipPv10ZY8uI8v75YUc_RJLlMg2WQMTNUGKP2J=s2048,https://www.google.com/maps?cid=5660200751245795506
tokyo-r-for-d,R for D,hero,tokyo/photos/tokyo-r-for-d/hero.webp,1600,1200,landscape,space-interior,place,design|bright,Miyuki Shibata,https://maps.google.com/maps/contrib/110141344823177647013,false,Photo: Miyuki Shibata via Google Maps,google-maps-contributor,https://lh3.googleusercontent.com/gps-cs-s/AHRPTWnfNLwJV2n2fCPazbN9mJU9EnXFKd-qzsxkFCwwI789lgYYtlO_H6XZfDosDGlvDHb5mpz4Pr-91fmUx74tmJiH7o1eRrzgBktBexdKY_VttYPjqaC8xCv8_G6m3khuYiBfVWKlfw=s2048,https://www.google.com/maps?cid=18055697619245314883
tokyo-r-for-d,R for D,alt-1,tokyo/photos/tokyo-r-for-d/alt-1.webp,1600,900,landscape,space-exterior,place,street|daytime,Yuichiro Tanaka,https://maps.google.com/maps/contrib/114902723416276877995,false,Photo: Yuichiro Tanaka via Google Maps,google-maps-contributor,https://lh3.googleusercontent.com/gps-cs-s/AHRPTWkswuDa39dYZxxAYCMeXBuRBJnnoFyXyHDIVFCbZ9cMlooERucyNf73dKg60E_JAZG0RKwgzu9vH3Qgkqnepy3b7Tl3PcJ_AihuJLxUVzAk-kWUGFNauDkWTGMBqQygra1fYpKeAIRTvciI=s2048,https://www.google.com/maps?cid=18055697619245314883
tokyo-r-for-d,R for D,alt-2,tokyo/photos/tokyo-r-for-d/alt-2.webp,1200,1600,portrait,detail,place,minimal,Nick DeSalvo,https://maps.google.com/maps/contrib/115299129604579464350,false,Photo: Nick DeSalvo via Google Maps,google-maps-contributor,https://lh3.googleusercontent.com/gps-cs-s/AHRPTWkHbBftdHyq59rcAdGrUlr13sLYUlXmVUYvFn7z5AxvCEIPMw0woClAGEaSXPwBEWvjlY2zT6uTNaeZLZvDwtmNTfIejv-gccpPSE1afutgEsyjEMamDokVzdHBdwKmy6IyjRug=s2048,https://www.google.com/maps?cid=18055697619245314883
tokyo-r2-supper-club,R2 SUPPER CLUB,hero,tokyo/photos/tokyo-r2-supper-club/hero.webp,1076,717,landscape,space-interior,place,night|moody|counter-seating,R2 SUPPER CLUB,https://maps.google.com/maps/contrib/113698267008505589393,true,Photo: R2 SUPPER CLUB via Google Maps,google-maps-contributor,https://lh3.googleusercontent.com/grass-cs/ACvplmMX_2_HEsMqXQoFu8IAgSkradG7zafP7FalmtIfSmAqnaE7GktI4vJad_dwVNGYVpnsrTj5jsjEBdhAaO2LsL3YAhfNbicQjYTb2bxFHNi1aem8dCAbTzbn0pioU7iC85uPaTDZ=s2048,https://www.google.com/maps?cid=3758596494008275284
tokyo-r2-supper-club,R2 SUPPER CLUB,alt-1,tokyo/photos/tokyo-r2-supper-club/alt-1.webp,1200,1600,portrait,space-exterior,place,night|street,AI Akira 3.0,https://maps.google.com/maps/contrib/101609200293160373778,false,Photo: AI Akira 3.0 via Google Maps,google-maps-contributor,https://lh3.googleusercontent.com/gps-cs-s/AHRPTWlq0cONNWrelSVYDadSwQK92OpoUNDv0_wP1FXkm88QuNVxkYetgz4q8sfht7CU5alAGMjpvzPoZWurAoli6e5n7V1KtWIVXGyzRuVuyoRnv0TkkDx_cps8LeYaEpcztJAIG1e5qo0HAorA=s2048,https://www.google.com/maps?cid=3758596494008275284
tokyo-r2-supper-club,R2 SUPPER CLUB,alt-2,tokyo/photos/tokyo-r2-supper-club/alt-2.webp,1200,1600,portrait,drink,place,night|moody,T A,https://maps.google.com/maps/contrib/106859256821406038747,false,Photo: T A via Google Maps,google-maps-contributor,https://lh3.googleusercontent.com/gps-cs-s/AHRPTWnrkuqPXjfpIhVqfcLgUcZi6vjy6rTx7dDt6Z2dz-BJdmE9rK0MT6hDPD6v1DVehpNVyNH4ilOpxLOgEctZP8bCXKZpVwn9IxEJ5fyTStlrXUfPW1EKw_x3TcyFOZX3P0sReCtekULiufY=s2048,https://www.google.com/maps?cid=3758596494008275284
tokyo-r2-supper-club,R2 SUPPER CLUB,alt-3,tokyo/photos/tokyo-r2-supper-club/alt-3.webp,1200,1600,portrait,drink,place,night,ASAMI,https://maps.google.com/maps/contrib/109287999889448847877,false,Photo: ASAMI via Google Maps,google-maps-contributor,https://lh3.googleusercontent.com/gps-cs-s/AHRPTWl4M2ETN3YnRmFnkBYBqGCc5GkEf49XiwIeUCOeQr5qHDneMO2_DdPNaFJTbYiut7kVQelztdqdnhPW_JOF6Un55xK7nQsvkdFAMZK5ENQZnV5lNIjqkEc693cb_w--zqpWUUgxell2GpT0=s2048,https://www.google.com/maps?cid=3758596494008275284
tokyo-rainbow-bridge,Rainbow Bridge,hero,tokyo/photos/tokyo-rainbow-bridge/hero.webp,1600,1066,landscape,view,place,night|neon|waterfront|skyline,D M,https://maps.google.com/maps/contrib/113079564999550505381,false,Photo: D M via Google Maps,google-maps-contributor,https://lh3.googleusercontent.com/gps-cs-s/ANWiy9SgIFcEvCYN42FMthdouPsRI9JSnKpYtSgJJxIcdru-FMN2G7XvYEhPk6IqXuD7n1XsIELSg-YCW-SDHuTJumU8flJX11HCkSlCkNnHLvMMh6VkTugcWkAiDhTbokX2Tq-qhSZx=s2048,https://www.google.com/maps?cid=2376980447905880495
tokyo-rainbow-bridge,Rainbow Bridge,alt-1,tokyo/photos/tokyo-rainbow-bridge/alt-1.webp,1600,1200,landscape,view,place,daytime|waterfront|skyline,Patrick Murer,https://maps.google.com/maps/contrib/107701821459937374413,false,Photo: Patrick Murer via Google Maps,google-maps-contributor,https://lh3.googleusercontent.com/gps-cs-s/ANWiy9RHhB9xpA7wqDNML0V8ujDxrh0MTMwadarMilRQI74-5KPWUsVU1E_dN2l8EgtHysQOHJmfn0O_OTTGSGcPHtlofYchlM_WhOqnl5XpzvI0OHh9xboAcQP2eqvSurNbXmfMaJZafg=s2048,https://www.google.com/maps?cid=2376980447905880495
tokyo-rainbow-bridge,Rainbow Bridge,alt-2,tokyo/photos/tokyo-rainbow-bridge/alt-2.webp,1600,1200,landscape,view,place,skyline|waterfront|moody,Chung,https://maps.google.com/maps/contrib/115274831929778144750,false,Photo: Chung via Google Maps,google-maps-contributor,https://lh3.googleusercontent.com/gps-cs-s/ANWiy9TYC-0vRhzdAznAz5W2a2KqeL6aUhQ6vbKG7eeov0CPRGQxusOVhIMyufHrChZbQtSyw9OwX_nM9VL7oqEOwC4DSui9qR4j7K4dzvtuV6pCJF69G9OPGbTdfVWra69YU4nsXBsA=s2048,https://www.google.com/maps?cid=2376980447905880495
tokyo-rainbow-bridge,Rainbow Bridge,alt-3,tokyo/photos/tokyo-rainbow-bridge/alt-3.webp,1600,1066,landscape,activity,place,daytime|bright,m m,https://maps.google.com/maps/contrib/104624940760787277195,false,Photo: m m via Google Maps,google-maps-contributor,https://lh3.googleusercontent.com/gps-cs-s/ANWiy9So9avFmGY43Tcqeif4CnhR4oHvw5aK4DEw-MswsjAfi0FLJ14r_HFF7cTFNdkQWBvOnh3z2qnFGpisYrc7E4H3ZyFKUsD-cVPmwH5VGcjHLFLaOkLeyfTmfg6u_9LuF8_bHdgz=s2048,https://www.google.com/maps?cid=2376980447905880495
tokyo-rakan-clinic-tokyo-azabudai,RAKAN CLINIC TOKYO AZABUDAI,hero,tokyo/photos/tokyo-rakan-clinic-tokyo-azabudai/hero.webp,1600,1061,landscape,space-interior,place,bright|minimal|green,ラカンクリニック東京 麻布台,https://maps.google.com/maps/contrib/108765275934085263504,false,Photo: ラカンクリニック東京 麻布台 via Google Maps,google-maps-contributor,https://lh3.googleusercontent.com/grass-cs/ACvplmPNAA7taTO-SpW_Qpj1bsGZjUOMHiwScnTwNin4lSVqtBL1A2hKBeKM-ClxZsgFl8NaNsjf0EMgukTOAeWy0h9lsSEFl7kWyvq5QCwowtV7T_dO3SSbnT-zUP4PpXOTMpYs5GbahJ7eAyY=s2048,https://www.google.com/maps?cid=7000900537119908008
tokyo-rakan-clinic-tokyo-azabudai,RAKAN CLINIC TOKYO AZABUDAI,alt-1,tokyo/photos/tokyo-rakan-clinic-tokyo-azabudai/alt-1.webp,1600,1067,landscape,space-interior,place,minimal|bright,ラカンクリニック東京 麻布台,https://maps.google.com/maps/contrib/108765275934085263504,false,Photo: ラカンクリニック東京 麻布台 via Google Maps,google-maps-contributor,https://lh3.googleusercontent.com/gps-cs-s/ANWiy9RsUpwyJyCFdIa7YBUpbzhrkUbPZv2fi0xkRtHIazc9U-xVXut-neqtrQZ7vdQXo0EJVYl00KR71ebXMjU6yB-IQ6h2TChZqDs3L7m1cnmYfAqSOPDb4gPntoOQKr9gQZLcJ4wTX9Mw9Ux3=s2048,https://www.google.com/maps?cid=7000900537119908008
tokyo-rakan-clinic-tokyo-azabudai,RAKAN CLINIC TOKYO AZABUDAI,alt-2,tokyo/photos/tokyo-rakan-clinic-tokyo-azabudai/alt-2.webp,1600,1066,landscape,space-interior,place,minimal|serene,ラカンクリニック東京 麻布台,https://maps.google.com/maps/contrib/108765275934085263504,false,Photo: ラカンクリニック東京 麻布台 via Google Maps,google-maps-contributor,https://lh3.googleusercontent.com/gps-cs-s/ANWiy9Sq7T7FOMPa2-ZMPhyGqpG3zd_m2NnutVkCsX5yfN7R5KpN33qp6EJiqEQp4txqRP6rbZ-l_y-M9aqVvubgkjhYKOw1dm5E6hFjh9Z9EqdItgzA3jOVBKUdW2leNB4j62kwrmtTAXsWj5Y=s2048,https://www.google.com/maps?cid=7000900537119908008
tokyo-rakan-clinic-tokyo-azabudai,RAKAN CLINIC TOKYO AZABUDAI,alt-3,tokyo/photos/tokyo-rakan-clinic-tokyo-azabudai/alt-3.webp,1066,1600,portrait,space-interior,place,minimal,ラカンクリニック東京 麻布台,https://maps.google.com/maps/contrib/108765275934085263504,false,Photo: ラカンクリニック東京 麻布台 via Google Maps,google-maps-contributor,https://lh3.googleusercontent.com/gps-cs-s/ANWiy9S6DqCE3fxL8GZDKVqA8Y-uUuhvwl37wOUqyRH8THMQwxu3ZnOo7T9ItFenRow56moP9E7brV29fZIXcn2QkM9FbgJdk113rCz4GGuBKGBviJo_vzJ-zrdCitWO-U3lgoK5H4AC=s2048,https://www.google.com/maps?cid=7000900537119908008
tokyo-raku,Raku,hero,tokyo/photos/tokyo-raku/hero.webp,1600,1066,landscape,space-interior,place,counter-seating|cozy|design,和食活水料理『やまと 楽』新宿三丁目,https://maps.google.com/maps/contrib/113400192348676285702,false,Photo: 和食活水料理『やまと 楽』新宿三丁目 via Google Maps,google-maps-contributor,https://lh3.googleusercontent.com/grass-cs/ACvplmOj77HK31iIDa0RkchB-DP9IeHSIs9JbSMfVfPIU-k6EaSSbfS3VmmsSz1JXoaZqNsACSbkMltgjHmBbDZb8jkAMUq3CZfNb4EIPllnIRbuj4XEZtaV9_BFgKgikKPKF5bfX-J94gdXBzJ3=s2048,https://www.google.com/maps?cid=6813290368332128130
tokyo-raku,Raku,alt-1,tokyo/photos/tokyo-raku/alt-1.webp,1600,901,landscape,food,place,cozy,Asanuma Masashi (masanuma),https://maps.google.com/maps/contrib/115592252403629519224,false,Photo: Asanuma Masashi (masanuma) via Google Maps,google-maps-contributor,https://lh3.googleusercontent.com/gps-cs-s/AHRPTWlCxs_o1PEguGrA-leyKZatESMpCz4hB5fPNNkeSZVryKfdXM_XPaqfQS0aP3pqE0rreFA_g45MUQ0jVRrTDR0-wuuiOTawr7NHwa9SyscyF7yTrVK1OahW-BuDBHo9HLqrrZQ2BAA-JtxO=s2048,https://www.google.com/maps?cid=6813290368332128130
tokyo-raku,Raku,alt-2,tokyo/photos/tokyo-raku/alt-2.webp,1600,1066,landscape,food,place,minimal,和食活水料理『やまと 楽』新宿三丁目,https://maps.google.com/maps/contrib/113400192348676285702,false,Photo: 和食活水料理『やまと 楽』新宿三丁目 via Google Maps,google-maps-contributor,https://lh3.googleusercontent.com/gps-cs-s/AHRPTWn5p2aCw6pvpMKJqlgJ-F-YPQkpCeTZ1KaOZW0vqmrJTKpq0qGbonTvAAWOAbiiIK3-ho9mOCSyjlgofItJCfNYdMld9c738i2zfzA2iBIuwA8BFV04I2yYjrZFaUAo7QuKKeEjwHCHKYQ=s2048,https://www.google.com/maps?cid=6813290368332128130
tokyo-raku,Raku,alt-3,tokyo/photos/tokyo-raku/alt-3.webp,1600,1200,landscape,food,place,cozy,Kawasaki,https://maps.google.com/maps/contrib/113839399579365258700,false,Photo: Kawasaki via Google Maps,google-maps-contributor,https://lh3.googleusercontent.com/gps-cs-s/AHRPTWl_TIazI5x58P_xdjDPYY5TL0QVRM24XbRwJl4RQq4wFsHYxQ0IKDXJsu-jDW7CTYo7RMW_vt84NRylrtHJ4oqVlVLnl7qAXo_zxxRYSbrkYA1D1dkIsqmx8HPEEA_0tByi40O17HuQ6btM=s2048,https://www.google.com/maps?cid=6813290368332128130
tokyo-ramen-jazzy-beats,Ramen Jazzy Beats,hero,tokyo/photos/tokyo-ramen-jazzy-beats/hero.webp,1600,1200,landscape,food,place,moody,阿部健太郎,https://maps.google.com/maps/contrib/109360223687031718765,false,Photo: 阿部健太郎 via Google Maps,google-maps-contributor,https://lh3.googleusercontent.com/gps-cs-s/AHRPTWk4zMVLoCp7quUqGEI41O32DXAOM_Tv_PI34rm_v0LNmAm4juGNgwznjnKVMf1GCuJ_h_SgrOJgw8_byY64x8soSFR5IANo8NbSWvKbVe-BhE8H5Ywpyn5ibmKMSBfrJzbNzLgnE4RzmoA=s2048,https://www.google.com/maps?cid=12398750135419154006
tokyo-ramen-jazzy-beats,Ramen Jazzy Beats,alt-1,tokyo/photos/tokyo-ramen-jazzy-beats/alt-1.webp,1590,1600,square,space-exterior,place,street|minimal,Ramen Jazzy Beats,https://maps.google.com/maps/contrib/110803279678255771905,true,Photo: Ramen Jazzy Beats via Google Maps,google-maps-contributor,https://lh3.googleusercontent.com/gps-cs-s/AHRPTWmy1UXpWz7g6VjJSwt842gOvLkk50tMzuc_HN-qVfMMqinwjALiPVUUZKBfdn370oM-CrRsteoWFpT9jK0a46IS7-qmbK0fuX8COzGSoNKvJEfGkUwVeoHwb3DMOHV5t3AXLG2vsQ=s2048,https://www.google.com/maps?cid=12398750135419154006
tokyo-ramen-jazzy-beats,Ramen Jazzy Beats,alt-2,tokyo/photos/tokyo-ramen-jazzy-beats/alt-2.webp,1290,1353,square,food,place,minimal,u,https://maps.google.com/maps/contrib/101846292057067616384,false,Photo: u via Google Maps,google-maps-contributor,https://lh3.googleusercontent.com/gps-cs-s/AHRPTWlRYIWsXjbWkKcjaGalK83nzigmW5urPcNSWsS2sVDHCMixUOnU90_fUfcrvlx96tcjqIDjiGRloJ5LdAqHjdSSvGOiFqEwqr5FId7iX1gzeNAPtOXGaCwmeuW02ugVZ73YrokDBiM3k2aY=s2048,https://www.google.com/maps?cid=12398750135419154006
tokyo-record-bar-33-1-3rpm,record bar 33 1/3rpm,hero,tokyo/photos/tokyo-record-bar-33-1-3rpm/hero.webp,1600,900,landscape,detail,place,retro|moody|intimate,record bar 33 1/3rpm（レコードバー３３回転）,https://maps.google.com/maps/contrib/105003766667219145349,false,Photo: record bar 33 1/3rpm（レコードバー３３回転） via Google Maps,google-maps-contributor,https://lh3.googleusercontent.com/gps-cs-s/ANWiy9R6twdmbvFyGt0wkOY60jju_icsyCIIDA2gti2xBdTf5GW5j6q12TDM9zBycSOzxmdPIAKsgBFUpRCrMXM3W8CGT7y8fWt5r4-VAuwShwfCA5REwmZaNWArGE5wQrsRN0uKWjaS8igbeFQ=s2048,https://www.google.com/maps?cid=9145244086491174842
tokyo-record-bar-33-1-3rpm,record bar 33 1/3rpm,alt-1,tokyo/photos/tokyo-record-bar-33-1-3rpm/alt-1.webp,1200,1600,portrait,drink,place,moody|intimate,Julia Koldorkina,https://maps.google.com/maps/contrib/108683297454169490342,false,Photo: Julia Koldorkina via Google Maps,google-maps-contributor,https://lh3.googleusercontent.com/gps-cs-s/ANWiy9StFwCjKkVubDQ5qfzfrwNN78x_G_CQUZgB0qPnoF5tdoIS0IpdFkvFUbh9DLeFn4I9SLyeodybkI6TB64CE_3fcWMvuqr6QuYH_FD72J3sXVUujF1ICODLFx2bVGk3Zh_K2mPtZZEHyO8=s2048,https://www.google.com/maps?cid=9145244086491174842
tokyo-record-bar-33-1-3rpm,record bar 33 1/3rpm,alt-2,tokyo/photos/tokyo-record-bar-33-1-3rpm/alt-2.webp,900,1600,portrait,space-interior,place,counter-seating|intimate|retro,Sara Jafari,https://maps.google.com/maps/contrib/109459290325079429080,false,Photo: Sara Jafari via Google Maps,google-maps-contributor,https://lh3.googleusercontent.com/gps-cs-s/ANWiy9Qh-WxKB6q9dilBet7fATazo7S88OsWwDpZV3cjxU4UOAU81eX1pghwzetkyxhagjVXUOFUiVXfmdzmU9eHPP6EXHDZo7mPnQEiaeK-L0OjM82acboCXn3MeyHJgeYtSyiMP0zw=s2048,https://www.google.com/maps?cid=9145244086491174842
tokyo-record-bar-33-1-3rpm,record bar 33 1/3rpm,alt-3,tokyo/photos/tokyo-record-bar-33-1-3rpm/alt-3.webp,1600,1600,square,detail,place,retro,record bar 33 1/3rpm（レコードバー３３回転）,https://maps.google.com/maps/contrib/105003766667219145349,false,Photo: record bar 33 1/3rpm（レコードバー３３回転） via Google Maps,google-maps-contributor,https://lh3.googleusercontent.com/gps-cs-s/ANWiy9Q1bO_famK8hXuvFNI39BdlzYq13AD5zk68vU3SJE0aqvvwcUEgTKz19UtpmSdk_1SRlA7N6c2ir7JVJNSWCWHtiwfUTj-0X4lRpDnL4iEBJN4GaSQNb_67vvtSU9lSXLsFaBd_Ig7p_F1Y=s2048,https://www.google.com/maps?cid=9145244086491174842
tokyo-record-bar-analog,RECORD BAR analog,hero,tokyo/photos/tokyo-record-bar-analog/hero.webp,1600,1066,landscape,space-interior,place,moody|night|design,"RECORD BAR analog ""Dig &Request"" Original Record Bar Since2018",https://maps.google.com/maps/contrib/117907102900062038408,false,"Photo: RECORD BAR analog ""Dig &Request"" Original Record Bar Since2018 via Google Maps",google-maps-contributor,https://lh3.googleusercontent.com/gps-cs-s/AHRPTWlD5AbbAezTYyWfgqeSzU7-HlnDQXkzBsop3pA48vABs7sQI3_fM6YhFOjm24363VU7rKkCTqpcCHjZY_n2hWlZyRHtMIQrBdaHn0WY7uPdD2v-p-PSNmfyHjEZw6FpCBhi9rroBOK80LU=s2048,https://www.google.com/maps?cid=8077582712257512693
tokyo-record-bar-analog,RECORD BAR analog,alt-1,tokyo/photos/tokyo-record-bar-analog/alt-1.webp,1479,1109,landscape,detail,place,retro|moody,naru,https://maps.google.com/maps/contrib/106057455807044786040,false,Photo: naru via Google Maps,google-maps-contributor,https://lh3.googleusercontent.com/gps-cs-s/ANWiy9Qcn0vFh1Ec3xyqTFDp37MZidpLBnQFyhiUbtEm3TjN2j-SNl2CP75YpTArsi35D8ZSOBiUr6GWFo76zIX24_ykxqkt0QRI7dzyV7lrnTnDuYjJ5ar_vxYc6RLcO-J4M20Np4m9Ggdku0QH=s2048,https://www.google.com/maps?cid=8077582712257512693
tokyo-record-bar-analog,RECORD BAR analog,alt-2,tokyo/photos/tokyo-record-bar-analog/alt-2.webp,1066,1600,portrait,space-interior,place,moody|design,"RECORD BAR analog ""Dig &Request"" Original Record Bar Since2018",https://maps.google.com/maps/contrib/117907102900062038408,false,"Photo: RECORD BAR analog ""Dig &Request"" Original Record Bar Since2018 via Google Maps",google-maps-contributor,https://lh3.googleusercontent.com/gps-cs-s/ANWiy9RKN8LmRjlIUARRjdzUmDhatvMIB_j4Y7mRRTDNX3sPl2MrMYQU0CNyX7V_mW2m_CDEFEnjg2jIrjdAVMmEeN8K2T15BTFoUsMoigyKnl15f2WiJm3jPbovtWySrZdm4CitAn-JwgFbOjxT=s2048,https://www.google.com/maps?cid=8077582712257512693
tokyo-record-bar-analog,RECORD BAR analog,alt-3,tokyo/photos/tokyo-record-bar-analog/alt-3.webp,1600,1202,landscape,space-interior,place,lively|moody,Andrew Swerdlow,https://maps.google.com/maps/contrib/111313491524400886680,false,Photo: Andrew Swerdlow via Google Maps,google-maps-contributor,https://lh3.googleusercontent.com/gps-cs-s/ANWiy9SwuuJ8VqX_ESoBJpiEc3cvmrdm5ajEIKKLfmMWh5hXXtaOJ8A-hoXeyol5IfZTv-B3i8VmnjTMTmrhBM8b1eyU0E7Z8eg3j2K2zMDnLs8owlXeALfh2RNA8IxxsAtMlODwpXFCj3Yq7IqU=s2048,https://www.google.com/maps?cid=8077582712257512693
tokyo-red-bar,RED BAR,hero,tokyo/photos/tokyo-red-bar/hero.webp,1600,1200,landscape,space-exterior,place,night|neon|street,謝德驊,https://maps.google.com/maps/contrib/103421826865254886452,false,Photo: 謝德驊 via Google Maps,google-maps-contributor,https://lh3.googleusercontent.com/gps-cs-s/ANWiy9SOxI9xi_vq2E5hs0xyZ201dr7mX3A2w_n_M9GNu46gpkd24jPbVgiMg2BVKFGtjKNSPnzlrQ3f8cE2G_VgtX5gyOjzMc8QN79eMjgGO-KPPthsF_Tsw6vm2DKS-dfCJptTMzGRHg=s2048,https://www.google.com/maps?cid=865003179568949577
tokyo-red-bar,RED BAR,alt-1,tokyo/photos/tokyo-red-bar/alt-1.webp,1066,1600,portrait,space-interior,place,moody|retro|night,樋口風満,https://maps.google.com/maps/contrib/108519399382599628745,false,Photo: 樋口風満 via Google Maps,google-maps-contributor,https://lh3.googleusercontent.com/gps-cs-s/ANWiy9TqSCHTE-2pu2aWHruj4ioO1GpgoG2430YedXcQr0aPpbEHNuGiAlB4XDEJ6qQOSUhIIjNDvxZHSL5yyuDeNCKROEvorKmouKJDrjc_cOxeWQXW0n08Shucv8HIF-jCR1CYxcXCPOnEDKc=s2048,https://www.google.com/maps?cid=865003179568949577
tokyo-red-bar,RED BAR,alt-2,tokyo/photos/tokyo-red-bar/alt-2.webp,1600,1200,landscape,activity,place,lively|night,QABPROSERV,https://maps.google.com/maps/contrib/111947300686296969061,false,Photo: QABPROSERV via Google Maps,google-maps-contributor,https://lh3.googleusercontent.com/gps-cs-s/ANWiy9QoKORC7Y8bwfcvVPvf-0DFp_srMWn0Y1T5Q75S7A5cT8B-Z1xTTY3_DpPEhH_mnMGX1fx-4wUOBgzk27SJvpN3oM8S9wk597ymE0BaQFecHQ-vRCJ2uoQo2bJ08-lAfbrjWqtnf3HXYGuC=s2048,https://www.google.com/maps?cid=865003179568949577
tokyo-red-bar,RED BAR,alt-3,tokyo/photos/tokyo-red-bar/alt-3.webp,1600,1200,landscape,detail,place,neon|moody,Jeremy Beaufils,https://maps.google.com/maps/contrib/100431125207159193976,false,Photo: Jeremy Beaufils via Google Maps,google-maps-contributor,https://lh3.googleusercontent.com/gps-cs-s/ANWiy9TOA2RXkow_RQqK42qS-Feu9L-OtPt0SGSGQ-9BueZDa3HyJLnHBBrohm15J2eXmrDbUGe_QYZZB76NtN2Gsu4vuMy3H4TvwFs-Sm59FNi55j0obuVD6Zn92FxHH49kdsMc-Zk=s2048,https://www.google.com/maps?cid=865003179568949577
tokyo-rinkan-shibuyaten,RINKAN Shibuyaten,hero,tokyo/photos/tokyo-rinkan-shibuyaten/hero.webp,1600,1066,landscape,space-interior,place,minimal|design,RINKAN 渋谷店,https://maps.google.com/maps/contrib/118327736102199150523,false,Photo: RINKAN 渋谷店 via Google Maps,google-maps-contributor,https://lh3.googleusercontent.com/gps-cs-s/AHRPTWkTyQFR14yWSifUVM5G_lvgDBQfP96YGrZkAnMsCCOvgpHdKoOp3yfb579xoQ_w-xhjS8MwRv3nTNVTgxT0cwqKD41j8zbPYsCUIZ6ur7cwp15LjglazHo1NCZnMJoAib_5_z3N=s2048,https://www.google.com/maps?cid=15458664804488154298
tokyo-rinkan-shibuyaten,RINKAN Shibuyaten,alt-1,tokyo/photos/tokyo-rinkan-shibuyaten/alt-1.webp,1600,1088,landscape,space-exterior,place,street|minimal,RINKAN 渋谷店,https://maps.google.com/maps/contrib/118327736102199150523,false,Photo: RINKAN 渋谷店 via Google Maps,google-maps-contributor,https://lh3.googleusercontent.com/gps-cs-s/AHRPTWmCG428lj14HzwpEuyZX3tPt-HopoWjgZRC2ZMH-fTxs0ujKVFOv3LtVboe8_Byyxjik5dpHu-eWo8-adUvzrWcQQq3Kp8HZJnNCSCwzURRTqRwBgNzPASkN7Zp0Qsy_jAxRtCjsw=s2048,https://www.google.com/maps?cid=15458664804488154298
tokyo-rinkan-shibuyaten,RINKAN Shibuyaten,alt-2,tokyo/photos/tokyo-rinkan-shibuyaten/alt-2.webp,1600,1200,landscape,detail,place,bright,にゃんこゴールド,https://maps.google.com/maps/contrib/115520386667645195751,false,Photo: にゃんこゴールド via Google Maps,google-maps-contributor,https://lh3.googleusercontent.com/gps-cs-s/AHRPTWkytVdnhTnkDW0cb9kIy1BSevMMvg5lhPom-ZFf01Fm6AMXkFi7ZdWQqG5x6E-Sdx_2LG2cEUtDe3UOuP8X6F4vBpgSuwiJw_AaImX8w93rNsVq2lhr2Tn3Q9g0RBttpPU7ttTp=s2048,https://www.google.com/maps?cid=15458664804488154298
tokyo-rinkan-shibuyaten,RINKAN Shibuyaten,alt-3,tokyo/photos/tokyo-rinkan-shibuyaten/alt-3.webp,900,1600,portrait,space-interior,place,bright,Nando Stamm,https://maps.google.com/maps/contrib/103505904516200275194,false,Photo: Nando Stamm via Google Maps,google-maps-contributor,https://lh3.googleusercontent.com/gps-cs-s/AHRPTWmW_J1S97ri3t1huU4Rbk5D_To7hezdYxE68c4Sw5nHUEzn_XLxt37Iufc3QHNp-HiJ-f68PLXB1d75JQ8Q99mFS6j06nrel41MJt7Kgw4ZDp-kG6jr5j0go6EmMdKRauPW_BlnXl-NBprK=s2048,https://www.google.com/maps?cid=15458664804488154298
tokyo-rolex-specialty-shop-quark-ginza,ROLEX Specialty Shop Quark Ginza,hero,tokyo/photos/tokyo-rolex-specialty-shop-quark-ginza/hero.webp,1129,1600,portrait,space-exterior,place,street|design,照り,https://maps.google.com/maps/contrib/115443293949371713270,false,Photo: 照り via Google Maps,google-maps-contributor,https://lh3.googleusercontent.com/gps-cs-s/AHRPTWnorZiUTAb0K20Hp0wt2jPTgx6KYjxxUNLI1_z972LEYlU5mviA7bwiiY_3l-JfWn6L-FdwYNt8qwuecbsAcOO5QlKvJvvRk5Hx8zD7LK7zY73P3WLi1psfLpZgvlLFJKU78X_F1J7irqg=s2048,https://www.google.com/maps?cid=17835512714767059552
tokyo-rolex-specialty-shop-quark-ginza,ROLEX Specialty Shop Quark Ginza,alt-1,tokyo/photos/tokyo-rolex-specialty-shop-quark-ginza/alt-1.webp,1200,1600,portrait,detail,place,street|design,MACO CF (Macopin),https://maps.google.com/maps/contrib/109528069076471074396,false,Photo: MACO CF (Macopin) via Google Maps,google-maps-contributor,https://lh3.googleusercontent.com/gps-cs-s/ANWiy9SlOYwJWGGqsusayZG4YHlLABgNwvAcp3Gj0_JRRjp2DvyKvOAK-QEAhHd4S6VZ8YDnph_YBH17kugqZea68PCc_NBPXXNM4w9IG_IwwUAdT9mW2CF4kHkNdn6NXYOcDNeq6MBQog=s2048,https://www.google.com/maps?cid=17835512714767059552
tokyo-rolex-specialty-shop-quark-ginza,ROLEX Specialty Shop Quark Ginza,alt-2,tokyo/photos/tokyo-rolex-specialty-shop-quark-ginza/alt-2.webp,1200,1600,portrait,space-interior,place,bright,MACO CF (Macopin),https://maps.google.com/maps/contrib/109528069076471074396,false,Photo: MACO CF (Macopin) via Google Maps,google-maps-contributor,https://lh3.googleusercontent.com/gps-cs-s/ANWiy9Rp6MwTrMAIes96MW0Vuwsk_gCd_02LvVMDtvf7mn7L2I9hx5Y9Aw0ZrdpNL5_3tXgJmM-XwoTlXUr2JXTKttbnvFGGUMDRL7fNNy7sNEUnNQqvPYLT0FJ2lc8aSi51-vMhaP9W=s2048,https://www.google.com/maps?cid=17835512714767059552
tokyo-rolex-specialty-shop-quark-ginza,ROLEX Specialty Shop Quark Ginza,alt-3,tokyo/photos/tokyo-rolex-specialty-shop-quark-ginza/alt-3.webp,1600,1200,landscape,detail,place,minimal,櫻井章平,https://maps.google.com/maps/contrib/103845009669513681309,false,Photo: 櫻井章平 via Google Maps,google-maps-contributor,https://lh3.googleusercontent.com/gps-cs-s/ANWiy9Sw1p9c1JMpjRSx8Awbrqu_D7IqJjDeR6AGqm779Bv2Bq7vvGygCwaKUBsVx_JK2UDizN_f8Pf4CdTk5hjYS3Q5rtyH4XVvgVUn2LDqqWXOXZc5V4c6uvj9oVdYs16LDRpznt8bWcoXtzBF=s2048,https://www.google.com/maps?cid=17835512714767059552
tokyo-roof-top-restaurant-music-bar-soak,ROOF TOP RESTAURANT & MUSIC BAR SOAK,hero,tokyo/photos/tokyo-roof-top-restaurant-music-bar-soak/hero.webp,1600,1200,landscape,space-interior,place,neon|night|moody,Oleksandr Shumylo,https://maps.google.com/maps/contrib/107403618390344372464,false,Photo: Oleksandr Shumylo via Google Maps,google-maps-contributor,https://lh3.googleusercontent.com/gps-cs-s/ANWiy9Rb1OiK6akOLKVO5iOVhHspIYxgFMpCOXbpqhVrJVMv62n3HUSE2FOztNd6697ciPptoWpikMRuYKZ4oXOTJhG_oTJghxbcSq3qcdXcBD_cbUDPbsqbI2pNiIoc4ZHih8nMNjPaHmdBmvlD=s2048,https://www.google.com/maps?cid=17451530672713168792
tokyo-roof-top-restaurant-music-bar-soak,ROOF TOP RESTAURANT & MUSIC BAR SOAK,alt-1,tokyo/photos/tokyo-roof-top-restaurant-music-bar-soak/alt-1.webp,1600,1600,square,view,place,night|skyline|neon,Warren Ebanks,https://maps.google.com/maps/contrib/102011632918579804170,false,Photo: Warren Ebanks via Google Maps,google-maps-contributor,https://lh3.googleusercontent.com/gps-cs-s/ANWiy9SOqJdUoKoc73VVEDYlR79W88YC_DK71v_ahanDT8A3tmKxVW1AcrRTls2eiUYl7f9CaXpZI3ThqX587HZIvtJFar5DhOoa47zprHxYaiNAUeuOxTGQ31w13gPLgRuuXoKuVvFa9EoOBV0P=s2048,https://www.google.com/maps?cid=17451530672713168792
tokyo-roof-top-restaurant-music-bar-soak,ROOF TOP RESTAURANT & MUSIC BAR SOAK,alt-2,tokyo/photos/tokyo-roof-top-restaurant-music-bar-soak/alt-2.webp,1200,1600,portrait,space-interior,place,night|skyline|intimate,ねこグルメ,https://maps.google.com/maps/contrib/105368060472422134247,false,Photo: ねこグルメ via Google Maps,google-maps-contributor,https://lh3.googleusercontent.com/gps-cs-s/ANWiy9Sw6YOePdZH20UYBHZD8dl5LzRHJOPMcdEJItw3KAtzhWPz6YQBd4BygXYi3IDZQ0Myq0D5W--igFMLMmQx4E85Rr2M1x1gBLpkowB9GClyWmSiiBLi6_kDGhI5DQw3TwKoT5QXmsKZ08Tk=s2048,https://www.google.com/maps?cid=17451530672713168792
tokyo-roof-top-restaurant-music-bar-soak,ROOF TOP RESTAURANT & MUSIC BAR SOAK,alt-3,tokyo/photos/tokyo-roof-top-restaurant-music-bar-soak/alt-3.webp,1600,1066,landscape,food,place,minimal,SOAK(ソーク) ROOFTOP RESTAURANT & BAR SHIBUYA,https://maps.google.com/maps/contrib/114837065474829843115,false,Photo: SOAK(ソーク) ROOFTOP RESTAURANT & BAR SHIBUYA via Google Maps,google-maps-contributor,https://lh3.googleusercontent.com/gps-cs-s/ANWiy9Se4Y4FNXeNtfCvKyMkzYvyqN_0p3YfMdNZPCQSezXkLKUkDW4A2zIdoO-tIDxvm6510i49nDwalIl6_uhpHAMhlMVLgTb_gA89-zFzmRflUWwcV0_i3t5emQjG9DqtvVOQWuiWZbORQZn8=s2048,https://www.google.com/maps?cid=17451530672713168792
tokyo-roppongi-hills-mori-tower,Roppongi Hills Mori Tower,hero,tokyo/photos/tokyo-roppongi-hills-mori-tower/hero.webp,1600,1200,landscape,view,place,night|skyline,V.Nostrum,https://maps.google.com/maps/contrib/116000310803488869307,false,Photo: V.Nostrum via Google Maps,google-maps-contributor,https://lh3.googleusercontent.com/gps-cs-s/ANWiy9RRR7alMNbIgZVVt6PZEJLVHmte_osSxCK5w54oIhr5pe1Zr3dDGzO2Z5vKWhUZswrw_G1M64VVV3vB0OjP_GQ2i5xZ4LHiEmcx8YtikKamNvA1hoXfTRUZ-UPWgY1pxaUwEOySKB4kvEm5=s2048,https://www.google.com/maps?cid=13285684797246623960
tokyo-roppongi-hills-mori-tower,Roppongi Hills Mori Tower,alt-1,tokyo/photos/tokyo-roppongi-hills-mori-tower/alt-1.webp,1200,1600,portrait,art,place,daytime|design,浦島徳幸,https://maps.google.com/maps/contrib/115960011336875260493,false,Photo: 浦島徳幸 via Google Maps,google-maps-contributor,https://lh3.googleusercontent.com/gps-cs-s/ANWiy9QinGi9Dz1WN9UsplGyVGa-wnqEXd6aBr25YTU3cat5qT_pilVxK6hp6J34KjQ3QeZSNnzxyCXgVUorpRBgk-4QMJoYnh0vsq6GMfWC26VDyPY6dAm9eXcLNkA1IESBcOcw5jREY0Z2XKSK=s2048,https://www.google.com/maps?cid=13285684797246623960
tokyo-roppongi-hills-mori-tower,Roppongi Hills Mori Tower,alt-2,tokyo/photos/tokyo-roppongi-hills-mori-tower/alt-2.webp,1200,1600,portrait,view,place,skyline|daytime,정용준 (태풍),https://maps.google.com/maps/contrib/111127485085786127103,false,Photo: 정용준 (태풍) via Google Maps,google-maps-contributor,https://lh3.googleusercontent.com/gps-cs-s/ANWiy9RmcefnP-x2toSyLELkWHDfkdQG6w5qdMDx3ItBNPQBoAExOxOVjHvBwgDYSAlZngAQeBNfbJnMGlltp4DM_AZVooOwZvs9ZlmkjJkvt7A12_AQr8rngdhPGsFQ9pg-mjnEABYVWEqpDd24=s2048,https://www.google.com/maps?cid=13285684797246623960
tokyo-roppongi-hills-mori-tower,Roppongi Hills Mori Tower,alt-3,tokyo/photos/tokyo-roppongi-hills-mori-tower/alt-3.webp,1600,1016,landscape,space-exterior,place,night|street|lively,林冠賢,https://maps.google.com/maps/contrib/116380692661936508051,false,Photo: 林冠賢 via Google Maps,google-maps-contributor,https://lh3.googleusercontent.com/gps-cs-s/ANWiy9Q2wRSAfdFnLktIC3x_HX7HIMC_9MzzbKflSQs5skvNsnW0LJljjl5TJ3xEFQwjsAdpQ6e01zLbn9_Q8xNd-C9RbDIBzl-434b9TIbQsa3i5HC83j0akzpr_bHRg5uDPl_2mN9aowvz4pDZ=s2048,https://www.google.com/maps?cid=13285684797246623960
tokyo-ruru-shibuya,RURU SHIBUYA,hero,tokyo/photos/tokyo-ruru-shibuya/hero.webp,1600,1200,landscape,space-interior,place,bright|minimal|design|counter-seating,The Mog Champ,https://maps.google.com/maps/contrib/101149499492041441126,false,Photo: The Mog Champ via Google Maps,google-maps-contributor,https://lh3.googleusercontent.com/grass-cs/ACvplmOW_QrHx-VaXEXSfZHgLD9NYFpDBXxIX9vSyeEAOd1ckjRkZcnuwrtg-7etXa8hXTyrFfURQwB9INkrSyK3uE2Yh-Ori4D0ZPlgTQqqLQgKdj944G8phC94th844IVs0-ZvCGK0mektQc0=s2048,https://www.google.com/maps?cid=17194959624729823643
tokyo-ruru-shibuya,RURU SHIBUYA,alt-1,tokyo/photos/tokyo-ruru-shibuya/alt-1.webp,1600,1200,landscape,drink,place,bright|design,Natty Salazar,https://maps.google.com/maps/contrib/106478603068585702800,false,Photo: Natty Salazar via Google Maps,google-maps-contributor,https://lh3.googleusercontent.com/gps-cs-s/AHRPTWlJG6Q3NHYVJX7nhJK2M2gIZ9gbOSh6dk0N0uarlKCGzg6H_APwVi6eA0iYaxsHgIyEcPuG_Wxd06OeRFn_W891gzAQOfxhvuQC5zVvUjx58UWWS-9p7QFJVwAHzQVo1uIilecf65rduuKs=s2048,https://www.google.com/maps?cid=17194959624729823643
tokyo-ruru-shibuya,RURU SHIBUYA,alt-2,tokyo/photos/tokyo-ruru-shibuya/alt-2.webp,1600,1200,landscape,drink,place,minimal|bright,Panat Piyakunakorn,https://maps.google.com/maps/contrib/109624943210387898543,false,Photo: Panat Piyakunakorn via Google Maps,google-maps-contributor,https://lh3.googleusercontent.com/gps-cs-s/AHRPTWl9ydhZhFMI6vQ7PdOr2bRxruSXMFobO9ltsJwWO9vSAu6lXKfGEQAlQHbcLxEn4nIyoclXSTIzSn7OuWTkipccSiYKILTbtpJZTddIxwNOkyaAIOOCo-pgRupWKU7gXhF-m22OvBM3odE7=s2048,https://www.google.com/maps?cid=17194959624729823643
tokyo-ruru-shibuya,RURU SHIBUYA,alt-3,tokyo/photos/tokyo-ruru-shibuya/alt-3.webp,1600,863,landscape,space-exterior,place,minimal|bright,RURU SHIBUYA,https://maps.google.com/maps/contrib/109682744400645432982,true,Photo: RURU SHIBUYA via Google Maps,google-maps-contributor,https://lh3.googleusercontent.com/gps-cs-s/AHRPTWlXsEqpp4TKzayViFYqCuXoiHJYbSdgY2qTRcYlXNOfUUm3Lysg6UlKjcRGu2TGMOhgpx4ma3Mu604tmueN6nxpAHYi3hqV1Ch5bCzhmtzBmnaJsaxhucspjdYpzEGtzg0pN7Oa52HPRvGf=s2048,https://www.google.com/maps?cid=17194959624729823643
tokyo-ryogoku-kokugikan-national-sumo-arena,Ryogoku Kokugikan National Sumo Arena,hero,tokyo/photos/tokyo-ryogoku-kokugikan-national-sumo-arena/hero.webp,1600,1200,landscape,activity,place,crowd|lively|bright,Michael Hollander,https://maps.google.com/maps/contrib/111986513914713447906,false,Photo: Michael Hollander via Google Maps,google-maps-contributor,https://lh3.googleusercontent.com/grass-cs/ACvplmMHQYdcPUNYCvIfz3Gnkg9ZkvoG3oUACQfhKmfL7XhPrExCY42S78kP5rUfYxiZVO12zzE1fGmZGXdwyFFaG8JLo0TnJ81_6-69C2mQKH-0gwWVMGqEgJCzzWNmlaVCEWW9IBOeOw=s2048,https://www.google.com/maps?cid=8080439352370264692
tokyo-ryogoku-kokugikan-national-sumo-arena,Ryogoku Kokugikan National Sumo Arena,alt-1,tokyo/photos/tokyo-ryogoku-kokugikan-national-sumo-arena/alt-1.webp,1600,1200,landscape,space-exterior,place,daytime|bright,能勢靖,https://maps.google.com/maps/contrib/108084357719651702906,false,Photo: 能勢靖 via Google Maps,google-maps-contributor,https://lh3.googleusercontent.com/gps-cs-s/AHRPTWndlkTdlzIhXU9FbEVvVF2OX4na4b1FfSPsphNWiDosMKOs1wYQOIPbHqdlNBjBC_uhisazz8QhfAQ5cQpLx0eAi7fcpmguKvS2auia1YmsZOTveAbb-xVF6b62OwROY1s-P_O0=s2048,https://www.google.com/maps?cid=8080439352370264692
tokyo-ryogoku-kokugikan-national-sumo-arena,Ryogoku Kokugikan National Sumo Arena,alt-2,tokyo/photos/tokyo-ryogoku-kokugikan-national-sumo-arena/alt-2.webp,1200,1600,portrait,detail,place,daytime|street,Yasuaki Hatta (pachio),https://maps.google.com/maps/contrib/102749543632700813057,false,Photo: Yasuaki Hatta (pachio) via Google Maps,google-maps-contributor,https://lh3.googleusercontent.com/gps-cs-s/AHRPTWne90pEurY6yTu0jmh3IEdpra-kpP442dnndiglHGKKpIYESRrkqPcwSpEaJsAAchMw4qyaarKyYOOvnxpNugKuA1JRb7podFZV5IjyFKdDzXOQSnQt8j3cersqAq-BURMb7sw=s2048,https://www.google.com/maps?cid=8080439352370264692
tokyo-ryogoku-kokugikan-national-sumo-arena,Ryogoku Kokugikan National Sumo Arena,alt-3,tokyo/photos/tokyo-ryogoku-kokugikan-national-sumo-arena/alt-3.webp,1280,1280,square,space-interior,place,crowd|lively,鳥谷匠,https://maps.google.com/maps/contrib/112621059714654747172,false,Photo: 鳥谷匠 via Google Maps,google-maps-contributor,https://lh3.googleusercontent.com/gps-cs-s/AHRPTWlZcH7OO83jYrStWSSf4Nhs2VJYa1Utk12CtSw7YL89DklqMsSMw6WMtNh3QuWzaq80tfLtUjl6iGREBZg3p5nIRrk6PP2CYLppynrts52_m2HYzPL9ed-PtrG9aP8clpp2Esm2=s2048,https://www.google.com/maps?cid=8080439352370264692
tokyo-ryu-no-miyako-inshokugai-shinjuku,Ryu no Miyako Inshokugai (Shinjuku),hero,tokyo/photos/tokyo-ryu-no-miyako-inshokugai-shinjuku/hero.webp,1600,900,landscape,space-interior,place,neon|lively|retro,新宿龍乃都飲食街｜Shinjuku's 24-Hour Food & Entertainment Hall,https://maps.google.com/maps/contrib/102345700401345324177,false,Photo: 新宿龍乃都飲食街｜Shinjuku's 24-Hour Food & Entertainment Hall via Google Maps,google-maps-contributor,https://lh3.googleusercontent.com/gps-cs-s/AHRPTWm1Pu1GzPRzkMUmD9yZveF5juqSX6LsIO-GaI7JxziHpAeBXDSjvEv_qLm8_if65WUEXqlDJaHrpsbb-B0AuoO9oIZxyTJaA1zZpSlV_rmHAaXGbcYrQlzBiOjDOX03zo4lUv1FUAgxvAB6=s2048,https://www.google.com/maps?cid=11439593362455685351
tokyo-ryu-no-miyako-inshokugai-shinjuku,Ryu no Miyako Inshokugai (Shinjuku),alt-1,tokyo/photos/tokyo-ryu-no-miyako-inshokugai-shinjuku/alt-1.webp,1600,900,landscape,space-interior,place,neon|retro|night,新宿龍乃都飲食街｜Shinjuku's 24-Hour Food & Entertainment Hall,https://maps.google.com/maps/contrib/102345700401345324177,false,Photo: 新宿龍乃都飲食街｜Shinjuku's 24-Hour Food & Entertainment Hall via Google Maps,google-maps-contributor,https://lh3.googleusercontent.com/gps-cs-s/ANWiy9RZDeDhIi4XQJvaMjv6C2g0IGqKWCJ3RYfE0-nY2pt3DWF6thBP-d8em5IL2zqn4gxTvlbJ1rettSwmBUebFE0VvkwPqSq16K75xjQolZPK0i1Zqpx7lTps1JV2vgEmZUUvGzDBRL8kZkY9=s2048,https://www.google.com/maps?cid=11439593362455685351
tokyo-ryu-no-miyako-inshokugai-shinjuku,Ryu no Miyako Inshokugai (Shinjuku),alt-2,tokyo/photos/tokyo-ryu-no-miyako-inshokugai-shinjuku/alt-2.webp,1600,900,landscape,space-exterior,place,street|night|neon,新宿龍乃都飲食街｜Shinjuku's 24-Hour Food & Entertainment Hall,https://maps.google.com/maps/contrib/102345700401345324177,false,Photo: 新宿龍乃都飲食街｜Shinjuku's 24-Hour Food & Entertainment Hall via Google Maps,google-maps-contributor,https://lh3.googleusercontent.com/gps-cs-s/ANWiy9Twtrr3fs7RwgPmMbTFFWJGEyMYbuBzL1OFnXi_cM5H8EwuaqH3-ADrhr0LqOPyxgKPhFh363p0YIxtgr0m-Qia2H7v8_2t_I1tIVdKbitN8NMcKNL-G1f-Lr1L6yVs5dCJ9odz-VhtdAw=s2048,https://www.google.com/maps?cid=11439593362455685351
tokyo-ryu-no-miyako-inshokugai-shinjuku,Ryu no Miyako Inshokugai (Shinjuku),alt-3,tokyo/photos/tokyo-ryu-no-miyako-inshokugai-shinjuku/alt-3.webp,1600,1200,landscape,food,place,cozy,Jarupa Nipitvitaya,https://maps.google.com/maps/contrib/111075618443941542987,false,Photo: Jarupa Nipitvitaya via Google Maps,google-maps-contributor,https://lh3.googleusercontent.com/gps-cs-s/ANWiy9Rw4KtH4J2rt1OqnWF319FUozqOevwYuIKCO5SAWtMFEkaUAXK4LpFX0gmnjkyLZ3MBED2NBQXu-rluYnbqCzEcNyooVvg_soLohi6anEslwb4Z9WcLfmdFbLLIA7J-HqJR-G3FcnWTvEw=s2048,https://www.google.com/maps?cid=11439593362455685351
tokyo-s-cube,S Cube,hero,tokyo/photos/tokyo-s-cube/hero.webp,1600,900,landscape,space-exterior,surroundings,night|neon|street,"Toomore Chiang from Taipei, Taiwan",,,"Photo: Toomore Chiang from Taipei, Taiwan via Wikimedia Commons",CC BY 2.0,https://thumb.wikimedia.org/wikipedia/commons/thumb/1/18/%E6%96%B0%E5%AE%BF_%E6%AD%8C%E8%88%9E%E4%BC%8E%E7%94%BA_Shinjuku_Tokyo%2C_Japan_Sigma_35mm_Canon_6D_%2833795009235%29.jpg/3840px-%E6%96%B0%E5%AE%BF_%E6%AD%8C%E8%88%9E%E4%BC%8E%E7%94%BA_Shinjuku_Tokyo%2C_Japan_Sigma_35mm_Canon_6D_%2833795009235%29.jpg,https://www.google.com/maps?cid=17758432877128135340
tokyo-s-cube,S Cube,alt-1,tokyo/photos/tokyo-s-cube/alt-1.webp,1600,1067,landscape,space-exterior,surroundings,night|neon|crowd,dconvertini,,,Photo: dconvertini via Wikimedia Commons,CC BY-SA 2.0,https://thumb.wikimedia.org/wikipedia/commons/thumb/9/9c/Shinjuku_%26_Kabukich%C5%8D%2C_Tokyo%2C_Japan_%2848846320063%29.jpg/3840px-Shinjuku_%26_Kabukich%C5%8D%2C_Tokyo%2C_Japan_%2848846320063%29.jpg,https://www.google.com/maps?cid=17758432877128135340
tokyo-s-cube,S Cube,alt-2,tokyo/photos/tokyo-s-cube/alt-2.webp,1600,900,landscape,space-exterior,surroundings,night|neon|street,Another Believer,,,Photo: Another Believer via Wikimedia Commons,CC BY-SA 4.0,https://thumb.wikimedia.org/wikipedia/commons/thumb/d/dc/Tokyo_2019_11.jpg/3840px-Tokyo_2019_11.jpg,https://www.google.com/maps?cid=17758432877128135340
tokyo-s-cube,S Cube,alt-3,tokyo/photos/tokyo-s-cube/alt-3.webp,1600,900,landscape,space-exterior,surroundings,night|street,Another Believer,,,Photo: Another Believer via Wikimedia Commons,CC BY-SA 4.0,https://thumb.wikimedia.org/wikipedia/commons/thumb/5/5b/Tokyo_2019_01.jpg/3840px-Tokyo_2019_01.jpg,https://www.google.com/maps?cid=17758432877128135340
tokyo-sai,SAI,hero,tokyo/photos/tokyo-sai/hero.webp,1600,1205,landscape,space-interior,place,design|bright,Hiroshi Koizümi,https://maps.google.com/maps/contrib/108059959038091098816,false,Photo: Hiroshi Koizümi via Google Maps,google-maps-contributor,https://lh3.googleusercontent.com/gps-cs-s/AHRPTWnpyeKHtcjbo3WkER_W6a8RZfYa0P8Yz8hAHIuBdNXqFTLDAn_Y2qmtTxCwbJvTG_2AP86tmzRNf3Dsg1vVBqq_eGAijWYztc-0NQ2wda8i_ruNNlOank6X3-L_3QlE9rGKYo_B=s2048,https://www.google.com/maps?cid=5957661610006808609
tokyo-sai,SAI,alt-1,tokyo/photos/tokyo-sai/alt-1.webp,1600,1200,landscape,space-interior,place,minimal|bright,T- note,https://maps.google.com/maps/contrib/104117489022235110701,false,Photo: T- note via Google Maps,google-maps-contributor,https://lh3.googleusercontent.com/grass-cs/ACvplmOYL3A1X0KvjIDm6zrRia2Ja95z4mplccxHlgDfsiC3ViP7evurcaTTPrpoG2Rm4AHyelUJ6NSExKKBajhG-ksi4yyTCP9kDxtv76PXrY1xmJqQbmE2854EBqTzriFgpwO9blk2=s2048,https://www.google.com/maps?cid=5957661610006808609
tokyo-sai,SAI,alt-2,tokyo/photos/tokyo-sai/alt-2.webp,1262,947,landscape,space-interior,place,design|lively,Takeshi Kawaguchi,https://maps.google.com/maps/contrib/108099695809898769895,false,Photo: Takeshi Kawaguchi via Google Maps,google-maps-contributor,https://lh3.googleusercontent.com/gps-cs-s/AHRPTWk0mcer7uZuc0zbS7Mh8-V1BJOLd4409rSpZ85DCq0A747xOr-xJHwsvSHqnIJ7mO3F-y8HsXWAFlw0UZSi5cJY4P0OUYRTk-xmOnzJ-jUZJ-fjOfCj-NHTVvI7e-5qeRaAglRdlw=s2048,https://www.google.com/maps?cid=5957661610006808609
tokyo-sai,SAI,alt-3,tokyo/photos/tokyo-sai/alt-3.webp,1200,1600,portrait,art,place,moody|design,さんじゅうろう（さんじゅうろう）,https://maps.google.com/maps/contrib/107978834293535647913,false,Photo: さんじゅうろう（さんじゅうろう） via Google Maps,google-maps-contributor,https://lh3.googleusercontent.com/gps-cs-s/AHRPTWnMuylTRVw_FwlfthusLWx9IIygy89MuKJq79ZIKrIboeXWLIp3D8nOT1Ag0W4V2BQI5KJQUnTzqmwaPXSrQOtEfP3_DteWVasN-Dgmf5SzoNnOeMHiHMjGaA1MzPMIA102zf5e=s2048,https://www.google.com/maps?cid=5957661610006808609
tokyo-sake-bar-hotel-asakusa,SAKE Bar Hotel ASAKUSA,hero,tokyo/photos/tokyo-sake-bar-hotel-asakusa/hero.webp,1600,1066,landscape,space-interior,place,counter-seating|cozy|design,SAKE Bar Hotel ASAKUSA,https://maps.google.com/maps/contrib/110640104258737455268,true,Photo: SAKE Bar Hotel ASAKUSA via Google Maps,google-maps-contributor,https://lh3.googleusercontent.com/gps-cs-s/ANWiy9SD-hV27lY5FFGtdXjkkmKcnscXs_AZ6jkor5n7l7KzbA06M17tyJGIF6I1N_LIoFzlx2iWdSPthhu2cSnK6qPeFjJUPetfXeJnJTaFvBkosX3jYLfTAbp2nvIxLXk8i2OkvmhOpw=s2048,https://www.google.com/maps?cid=10594125972607102055
tokyo-sake-bar-hotel-asakusa,SAKE Bar Hotel ASAKUSA,alt-1,tokyo/photos/tokyo-sake-bar-hotel-asakusa/alt-1.webp,1600,1067,landscape,space-exterior,place,night|cozy,SAKE Bar Hotel ASAKUSA,https://maps.google.com/maps/contrib/110640104258737455268,true,Photo: SAKE Bar Hotel ASAKUSA via Google Maps,google-maps-contributor,https://lh3.googleusercontent.com/gps-cs-s/ANWiy9Rqn2LT7UQAvTlCupDaeUFfIwO1Q6OlKdg5lD91mjhbt8RHa1MevAyrhXmEtv_qDJBABHmIN43oU50n2Nrg9DAGqpFSQ-kmZcgaQYO7VmQgOwLaryfrAMEXo2pOIXgoFpiYO3d4piPZj1Y=s2048,https://www.google.com/maps?cid=10594125972607102055
tokyo-sake-bar-hotel-asakusa,SAKE Bar Hotel ASAKUSA,alt-2,tokyo/photos/tokyo-sake-bar-hotel-asakusa/alt-2.webp,1600,1066,landscape,space-interior,place,moody|serene|design,SAKE Bar Hotel ASAKUSA,https://maps.google.com/maps/contrib/110640104258737455268,true,Photo: SAKE Bar Hotel ASAKUSA via Google Maps,google-maps-contributor,https://lh3.googleusercontent.com/gps-cs-s/ANWiy9QQ7ROSW7Iwrc-Eyq1Fq7m53u4JCDDj8OtZm4hrkTjJzEZg73rCivpCkI0CSTk3d79l2c481oudn4hS_Mz1M2TCisbZxoN0jS6UaV7o9vsZ7NGczJAGQNy8RuR44iuHV9sDh3Wm=s2048,https://www.google.com/maps?cid=10594125972607102055
tokyo-sake-bar-hotel-asakusa,SAKE Bar Hotel ASAKUSA,alt-3,tokyo/photos/tokyo-sake-bar-hotel-asakusa/alt-3.webp,1600,1066,landscape,space-interior,place,cozy|design,SAKE Bar Hotel ASAKUSA,https://maps.google.com/maps/contrib/110640104258737455268,true,Photo: SAKE Bar Hotel ASAKUSA via Google Maps,google-maps-contributor,https://lh3.googleusercontent.com/gps-cs-s/ANWiy9SFrNjEdjpSfq44wY9wELD4ZrV4wdQHRVh2UvBif8fkR8GHXaFFkhNA0691e8yyv-nSAOkST2pzdicC7bpC1dUYuK-9KfgmO-cTe07gxFVItZ2cxU3bC1nAAvlBPVVVKen0RHTkXg=s2048,https://www.google.com/maps?cid=10594125972607102055
tokyo-sakura-tei,Sakura-tei,hero,tokyo/photos/tokyo-sakura-tei/hero.webp,1500,1000,landscape,food,place,cozy|moody,原宿さくら亭（さくらてい）,https://maps.google.com/maps/contrib/109036041691938829958,false,Photo: 原宿さくら亭（さくらてい） via Google Maps,google-maps-contributor,https://lh3.googleusercontent.com/gps-cs-s/AHRPTWkX3HxKlvih7-KeskHW7ui2iQWKrOsSVnOy_QXYh32f_6EQ7hh7D2Gc7uPHK0tP3JAe0ELOG17JbfdASzmu6SRSO6D25bz_mANk2PvezfbZudZz2hk5MyZVLpHp5ZlFb8vwBiahIA=s2048,https://www.google.com/maps?cid=10892191996238581657
tokyo-sakura-tei,Sakura-tei,alt-1,tokyo/photos/tokyo-sakura-tei/alt-1.webp,1200,1600,portrait,space-exterior,place,street|daytime,熊霸天,https://maps.google.com/maps/contrib/110355275525775576747,false,Photo: 熊霸天 via Google Maps,google-maps-contributor,https://lh3.googleusercontent.com/gps-cs-s/AHRPTWmo1YlkpF7MnJHzlCzN2YaYNyUcK1ODR0rJGRvprI0y-3O0W7NElVZJLkkBhhbnl2ZE9Uj2uOPtC50eWBQNN_TEV--jRFcwwRm2xDBbkkf6By4vNV9Vb6FzkQ1W7gm5BMpOsKgky1uCrn7O=s2048,https://www.google.com/maps?cid=10892191996238581657
tokyo-sakura-tei,Sakura-tei,alt-2,tokyo/photos/tokyo-sakura-tei/alt-2.webp,1200,1600,portrait,food,place,cozy,Tyrone Browne,https://maps.google.com/maps/contrib/110721966144467296030,false,Photo: Tyrone Browne via Google Maps,google-maps-contributor,https://lh3.googleusercontent.com/gps-cs-s/AHRPTWkxW0VxwwXWZ_l-qFAMCSpTZHxkpq4LXVgO-I8Co_sslxG6uidvR2jqcFxZv-R_2iMWzfpr3QCmwnfIWHZB281o9O_N5jgfu2w8UE7LNY-zRfpQS9BrI4TN6MKb89KsQsF-t8oxunb-d8UB=s2048,https://www.google.com/maps?cid=10892191996238581657
tokyo-sakura-tei,Sakura-tei,alt-3,tokyo/photos/tokyo-sakura-tei/alt-3.webp,1600,900,landscape,activity,place,cozy,Itsuki “樹”,https://maps.google.com/maps/contrib/109432553894480353865,false,Photo: Itsuki “樹” via Google Maps,google-maps-contributor,https://lh3.googleusercontent.com/gps-cs-s/AHRPTWnr1J9drqvLKfMyPrjL8ASzdGfwe_gvG7rT1DSFnFNp6jJ-mvJhz5jWck540G0W6jVjXoQAPhaR6TtaaQ9MSb1P3BBlJGvHWmzDhnUBwjqVuVMLlYfXn64pfnAj4EZKrQ9txr-j7cm62Ks=s2048,https://www.google.com/maps?cid=10892191996238581657
tokyo-salvatore-cuomo-bros,Salvatore Cuomo Bros.,hero,tokyo/photos/tokyo-salvatore-cuomo-bros/hero.webp,1600,1066,landscape,view,place,skyline|candlelit|intimate,"ゼックス愛宕グリーンヒルズ ""XEX ATAGO GREEN HILLS""",https://maps.google.com/maps/contrib/102987228347759438874,false,"Photo: ゼックス愛宕グリーンヒルズ ""XEX ATAGO GREEN HILLS"" via Google Maps",google-maps-contributor,https://lh3.googleusercontent.com/gps-cs-s/ANWiy9TgqEhfnxzDr1lpgepuxfuQbwjJZ4RGOAS1eTZtfleioz2kzRtHxrXcTKjdCG4WU6_C3cRN2Km7LceCaPIPEYzdqxh3OBvcobHLtR-VKCwAlK-WXXTVQwSuh-1ozkDhfW8VbAqr=s2048,https://www.google.com/maps?cid=13929574037025675810
tokyo-salvatore-cuomo-bros,Salvatore Cuomo Bros.,alt-1,tokyo/photos/tokyo-salvatore-cuomo-bros/alt-1.webp,1600,1066,landscape,food,place,bright|lively,サルヴァトーレ・クオモ,https://maps.google.com/maps/contrib/104678524377860756517,false,Photo: サルヴァトーレ・クオモ via Google Maps,google-maps-contributor,https://lh3.googleusercontent.com/gps-cs-s/AHRPTWn3cWlg38Ircih838ByYg-YxV0NVe3pZehLTBa2qIAqzSgrhXpjIw-KBrh2GX7-unIjLrATm_BnXnIAHNL8Nv5DM7mKuwe0-h9XStCnXyEOtT9zy3gVscP8xFjlz1SHDzQhpllz3AREdwo=s2048,https://www.google.com/maps?cid=13929574037025675810
tokyo-salvatore-cuomo-bros,Salvatore Cuomo Bros.,alt-2,tokyo/photos/tokyo-salvatore-cuomo-bros/alt-2.webp,1600,1200,landscape,space-interior,place,bright,コヨコヨサボテンダー,https://maps.google.com/maps/contrib/103522869607741833977,false,Photo: コヨコヨサボテンダー via Google Maps,google-maps-contributor,https://lh3.googleusercontent.com/gps-cs-s/AHRPTWlTMhhkSAaH3h39RuXEjWUfxkmn_XeO427NEwC2GZI2JovtcSMm66FCukrhS9bhpKvTHP-Rpre9HG5QHwSI98iOLOwZEsm7KlFlRMzrUDqttSk8qPR49JVv_Cp2AHkgjhm0eDDAGKPx4zE=s2048,https://www.google.com/maps?cid=13929574037025675810
tokyo-salvatore-cuomo-bros,Salvatore Cuomo Bros.,alt-3,tokyo/photos/tokyo-salvatore-cuomo-bros/alt-3.webp,1600,1459,square,food,place,cozy,TAKE WAKA,https://maps.google.com/maps/contrib/104101177945074862405,false,Photo: TAKE WAKA via Google Maps,google-maps-contributor,https://lh3.googleusercontent.com/gps-cs-s/AHRPTWnvkkVULX3bE7n24qtB_LfTE1ZwOAXGg7xW2PRfD2Az6hUanpNe-KKZxp_4RSTlRNzvf99wN7CQElGK_xNl0AjC71YbL4qyT-OFIfWYjyYXNSOlKdwZM24i3HTPdFBTEQNlDKOTLYjHvwX-=s2048,https://www.google.com/maps?cid=13929574037025675810
tokyo-sankoen,Sankoen,hero,tokyo/photos/tokyo-sankoen/hero.webp,1600,1200,landscape,food,place,moody|cozy,山口勝宏,https://maps.google.com/maps/contrib/114770707283441060741,false,Photo: 山口勝宏 via Google Maps,google-maps-contributor,https://lh3.googleusercontent.com/gps-cs-s/AHRPTWmhlscwM5gfYWel6Q8IgXN2JOjmwiCMEFPx75Z4Ojhz9BhAFXj7GCbLaZsYxvqaKVKupKWmcz2S4FrXIe8XCd8soIyWg-4e7IK-8X6ZRS0jiU4DsZOYpzrqfJ_ohmgAheqJO3a1N_8zg0Vq=s2048,https://www.google.com/maps?cid=1989027299520941698
tokyo-sankoen,Sankoen,alt-1,tokyo/photos/tokyo-sankoen/alt-1.webp,1600,1200,landscape,activity,place,cozy,DKT0113,https://maps.google.com/maps/contrib/101240392402295944601,false,Photo: DKT0113 via Google Maps,google-maps-contributor,https://lh3.googleusercontent.com/gps-cs-s/AHRPTWn_JfpnpJbey5L0nHeG-BOcDwC2DJpjQ_YiZ8mu5OowWfMRy_BYE1I33C122K4-POJAn-ALMx7jPUA0Iqm_DNrRIICqnI6BM1QBZWiZc8Puxn9n_QURw0Q3tnMmGLG5tGX3KVbh=s2048,https://www.google.com/maps?cid=1989027299520941698
tokyo-sankoen,Sankoen,alt-2,tokyo/photos/tokyo-sankoen/alt-2.webp,1600,1200,landscape,food,place,bright,Natsuki Nitta,https://maps.google.com/maps/contrib/101834450722706538806,false,Photo: Natsuki Nitta via Google Maps,google-maps-contributor,https://lh3.googleusercontent.com/gps-cs-s/AHRPTWlRLauiiDxZ5i4SAp6uWuHjqUael39vOvgTmXOozm3Fxft1NoFsLasC-9YI-V0f3OQ0Mz5zZ1p206xm8D8WOyYwoMyBx5aNBrXHtI4znvGTYTz0pa9CKv-nAHwuq84zXp2GlPg7rA=s2048,https://www.google.com/maps?cid=1989027299520941698
tokyo-sankoen,Sankoen,alt-3,tokyo/photos/tokyo-sankoen/alt-3.webp,1200,1600,portrait,space-exterior,place,street|daytime,Tomoko Sekikawa,https://maps.google.com/maps/contrib/107965317875963832898,false,Photo: Tomoko Sekikawa via Google Maps,google-maps-contributor,https://lh3.googleusercontent.com/gps-cs-s/ANWiy9RQE50d9_S38ce6V9JNm8r2b09Fl6f0QfB6nw4atgHJWzeSyRj1fYL-dhKath6HlyuLCQsnBXH39FZIrw70yGWTvBFuTVIEm7P2_CMU0HzD1JkqFpG5o8XIjCOCm8LuKq9axZVP4FiOorNf=s2048,https://www.google.com/maps?cid=1989027299520941698
tokyo-sankoen-2,Sankoen,hero,tokyo/photos/tokyo-sankoen-2/hero.webp,1280,960,landscape,food,place,bright|minimal,鳥取和牛オレイン55一頭買い専門店 炭火焼肉 さんこう苑,https://maps.google.com/maps/contrib/108164367360879479035,false,Photo: 鳥取和牛オレイン55一頭買い専門店 炭火焼肉 さんこう苑 via Google Maps,google-maps-contributor,https://lh3.googleusercontent.com/gps-cs-s/AHRPTWlP6havJ8ZDFQQT5nzdqGy0wvFjW2vzSBg4MsJGgrhJUtaMUL_enGQwoUTuv-n-sTW-xFILKP-qOo1QFvD0RRYFLDvEllYeutW9Zzda8V3LErI5Z5xZG9ZXoRz6mjYNVbqxx7Bd061QoSq7=s2048,https://www.google.com/maps?cid=892812849074111956
tokyo-sankoen-2,Sankoen,alt-1,tokyo/photos/tokyo-sankoen-2/alt-1.webp,1600,1202,landscape,food,place,moody|intimate,ヤリモトエリコ,https://maps.google.com/maps/contrib/104843793791810052160,false,Photo: ヤリモトエリコ via Google Maps,google-maps-contributor,https://lh3.googleusercontent.com/gps-cs-s/AHRPTWmNBNMyukO6ymIkNzXDlO7GzHOQnIkdN9QlNC9MCHdxuAdgLJiQtanFAQdBnqrCkb4abFkRYN_NPr_m36wkw5z6dw46_nxpslSRIueqmyxqsS84gqpiAKWmvSdswZf75S1gZKLuLYjdl04=s2048,https://www.google.com/maps?cid=892812849074111956
tokyo-sankoen-2,Sankoen,alt-2,tokyo/photos/tokyo-sankoen-2/alt-2.webp,1600,1200,landscape,food,place,lively,辻佳孝,https://maps.google.com/maps/contrib/108881339103127454694,false,Photo: 辻佳孝 via Google Maps,google-maps-contributor,https://lh3.googleusercontent.com/gps-cs-s/AHRPTWm3scCWEXkyslIgNF3OAUWcTwFZN7NgTOzH7e3SxmWzK3agcsxWDd0BVy36WgHvVCbIGxoSBIrumHBS7d4pGCZ_ncQ9UV8qYTyo8EY2aMevNvSMCTIchtczpXdlz5pI3HiRoc0IdJfof8g1=s2048,https://www.google.com/maps?cid=892812849074111956
tokyo-sanpi-ryoron-pros-cons,Sanpi-Ryoron (Pros & Cons),hero,tokyo/photos/tokyo-sanpi-ryoron-pros-cons/hero.webp,1477,1108,landscape,space-exterior,place,night|moody|minimal,Dragon's tattoo,https://maps.google.com/maps/contrib/109589748198403554795,false,Photo: Dragon's tattoo via Google Maps,google-maps-contributor,https://lh3.googleusercontent.com/grass-cs/ACvplmMV6ndYNGczJzfYxiDhxvcjB4zDXhyPuQ9O0Er7c6VcsMalCMxwPsh7GbZ5ePmy5kLhL-1E2IQX-WuUKgMplp0_knQsK_dIZ8u8VqeDqTEp8jnlkyNkMZmAwInajKcoqhG8UXcWSAgcF4Q=s2048,https://www.google.com/maps?cid=4915078572072443473
tokyo-sanpi-ryoron-pros-cons,Sanpi-Ryoron (Pros & Cons),alt-1,tokyo/photos/tokyo-sanpi-ryoron-pros-cons/alt-1.webp,1600,1200,landscape,food,place,intimate,小野寺美紀,https://maps.google.com/maps/contrib/108223699634407167969,false,Photo: 小野寺美紀 via Google Maps,google-maps-contributor,https://lh3.googleusercontent.com/gps-cs-s/ANWiy9RQpF-LoKKOt4DFPNASptjSEcXkFSYpvkE59FckX5VAigL43WqPEg4r34VOZkUySkFYNZISj2z5eqKp8fsK8wKkK8-hwFmLPgtCjkq_40a2des9j7SuiMAMyfb4vEzQZsWzZuf08DHMecAS=s2048,https://www.google.com/maps?cid=4915078572072443473
tokyo-sanpi-ryoron-pros-cons,Sanpi-Ryoron (Pros & Cons),alt-2,tokyo/photos/tokyo-sanpi-ryoron-pros-cons/alt-2.webp,1200,1600,portrait,food,place,intimate|minimal,Baby Metal,https://maps.google.com/maps/contrib/109398646293688753941,false,Photo: Baby Metal via Google Maps,google-maps-contributor,https://lh3.googleusercontent.com/gps-cs-s/ANWiy9RBcP4CFDxyET3cm0gdLdHhWtYtaq32EFmY6Ov3x4EXSvsSAp8Dt1I4Ca6RkUcBL0IMSGO1qjArljPZw8QRS5r4Tj_hFQ2cqRjm328mgwEF21Cndd8zIjohKiHZZkBw7ZljKdgAJ7EWz_AD=s2048,https://www.google.com/maps?cid=4915078572072443473
tokyo-sanpi-ryoron-pros-cons,Sanpi-Ryoron (Pros & Cons),alt-3,tokyo/photos/tokyo-sanpi-ryoron-pros-cons/alt-3.webp,1600,902,landscape,food,place,cozy,Yukio Tagawa,https://maps.google.com/maps/contrib/116378216252773918416,false,Photo: Yukio Tagawa via Google Maps,google-maps-contributor,https://lh3.googleusercontent.com/gps-cs-s/ANWiy9TgbLEHNtx2bCUMEGW9jXqSvx9rEcRzI_JL6ieep7hUHpBchS0KPGw4B2meHb81tYcPE2A8dfNEhmMyh9w9O-S5RLJuAlaW1HGD9kmgcKkhaLlcT35xlqcHYwQVE3wFckVbma0w-QIfmWWn=s2048,https://www.google.com/maps?cid=4915078572072443473
tokyo-savoy-azabujuban,SAVOY Azabujuban,hero,tokyo/photos/tokyo-savoy-azabujuban/hero.webp,1600,1200,landscape,space-exterior,place,neon|street|night,Steven N,https://maps.google.com/maps/contrib/102001697404459211408,false,Photo: Steven N via Google Maps,google-maps-contributor,https://lh3.googleusercontent.com/gps-cs-s/ANWiy9RKrhEpgwobPJQZZkOPQYPSCjpE_uudTS-0YxeBqL-p_CL56WkZmZfA_NvqQotXuwL3qZlNjwzEXHYGihpgqHMoa0W35O3kM6mtY4ludH4KV-ahgJXPoj0DOivbAt1n2I4626Z8pQWuh0PB=s2048,https://www.google.com/maps?cid=7969213468898129262
tokyo-savoy-azabujuban,SAVOY Azabujuban,alt-1,tokyo/photos/tokyo-savoy-azabujuban/alt-1.webp,1600,1600,square,food,place,cozy,Momo Mikawa,https://maps.google.com/maps/contrib/117738896031532364476,false,Photo: Momo Mikawa via Google Maps,google-maps-contributor,https://lh3.googleusercontent.com/gps-cs-s/AHRPTWkEqqZHbjNgqxCluZyOir6bxFOZTzNojOZZIa1VYUwoXYSSbzb81BrQ2Kv20L4pnhn-_UoecdA0W7e5kf_2VvhnNo1mG_Uq2-TEFjUu_QdE6zfz-sWMAq8h3medWAyhRO7ph8jv4VwCfgr-=s2048,https://www.google.com/maps?cid=7969213468898129262
tokyo-savoy-azabujuban,SAVOY Azabujuban,alt-2,tokyo/photos/tokyo-savoy-azabujuban/alt-2.webp,1600,1200,landscape,activity,place,cozy|lively,Dan Kuo,https://maps.google.com/maps/contrib/109710970183897292490,false,Photo: Dan Kuo via Google Maps,google-maps-contributor,https://lh3.googleusercontent.com/gps-cs-s/AHRPTWky6DbuIr1j0kv4llST4nED5QmSB_kiBI_8wNIEl9kWZrm6wbzZAZ6tB3w821n3cguUsz3JbUpvDkS7FyvSgx6L0Io2ZtnKTT0sQgxT9eQ-IEMP7q-kyJTEYPBkpYFUCvLX4u_Y5V_6sWfG=s2048,https://www.google.com/maps?cid=7969213468898129262
tokyo-savoy-azabujuban,SAVOY Azabujuban,alt-3,tokyo/photos/tokyo-savoy-azabujuban/alt-3.webp,891,1188,portrait,food,place,cozy|intimate,Kittykatz,https://maps.google.com/maps/contrib/103801097130031039744,false,Photo: Kittykatz via Google Maps,google-maps-contributor,https://lh3.googleusercontent.com/gps-cs-s/AHRPTWkqCfNoi6_YZVrQAbleMj-lPQmj74P0ASepoNaKYeC8CMDe0iwaAAL4m2YJ9MlAvKEg_b_Zq__LEo9r8d8keJXnRDy6PcBaiepIoy0tvlySE0EKYmApXJpiHP16bLB9aRlkF83tyIZsoUc_=s2048,https://www.google.com/maps?cid=7969213468898129262
tokyo-seirinkan,Seirinkan,hero,tokyo/photos/tokyo-seirinkan/hero.webp,1600,1066,landscape,food,place,cozy,N輝,https://maps.google.com/maps/contrib/100295024699183813925,false,Photo: N輝 via Google Maps,google-maps-contributor,https://lh3.googleusercontent.com/gps-cs-s/ANWiy9R81Md_XHIIIPbS3yOIl6aWbdAYIG0OXvzyZhSisMxX6uTW0ZmE8cjhuq_s23do0ws8UaconyYcxKBS0CIDPbM5ViH3Gi4qNy16cgFa91Qhpw1FHbmNrmMiGKuTEl-Te79EG2f00fcEI76C=s2048,https://www.google.com/maps?cid=4360680047692106960
tokyo-seirinkan,Seirinkan,alt-1,tokyo/photos/tokyo-seirinkan/alt-1.webp,1600,1200,landscape,space-exterior,place,night|street|retro,Chanwook Lee,https://maps.google.com/maps/contrib/103191023204011125068,false,Photo: Chanwook Lee via Google Maps,google-maps-contributor,https://lh3.googleusercontent.com/grass-cs/ACvplmNrTdXvwMDa_3G75_9TS84U3gMhRr4Ixe9hn6RMwrluegJK6Z3AjQnPC5C-klBNQP6A2MRY5uF7QobzGsTrpNBO-5Ij65QfJ3X-Q_cSmOtwk5-lZ2Pq3YbVPmQB9gyG3whnbyguYP_ShwKt=s2048,https://www.google.com/maps?cid=4360680047692106960
tokyo-seirinkan,Seirinkan,alt-2,tokyo/photos/tokyo-seirinkan/alt-2.webp,1600,1600,square,food,place,cozy,食べ飲みグルメ好きパンダ,https://maps.google.com/maps/contrib/102508523962764405606,false,Photo: 食べ飲みグルメ好きパンダ via Google Maps,google-maps-contributor,https://lh3.googleusercontent.com/gps-cs-s/ANWiy9TQaouV5jaExWDNkm6V_T1Gw6J500TbPtYelbz5UY8sdmQG4lWRHTZU0ndAP2h0XQ-c3i0R0d55FLggs0jfNGa1uh4p7A8knA8bBI5IYxMF6eXgZAtwJjeJ_46ra3NIQubcJFBuhtf_yDuE=s2048,https://www.google.com/maps?cid=4360680047692106960
tokyo-seirinkan,Seirinkan,alt-3,tokyo/photos/tokyo-seirinkan/alt-3.webp,1600,1200,landscape,food,place,bright,Kid Yummy (まんぷく子),https://maps.google.com/maps/contrib/101315928903586733333,false,Photo: Kid Yummy (まんぷく子) via Google Maps,google-maps-contributor,https://lh3.googleusercontent.com/gps-cs-s/ANWiy9Tb1UsW8EwdJi_gp7v_L9KdIKOFzPP7W-l498tdc2fNuk2GxCwUrmGtR1ZX5igfe5hJ-CG7666aII5dY3dD3YuDjZ2SuQ7z2l3li7pDsVQ2HJmAffkeg5qQg34UuKesb4b-60mT2U75Y8Y=s2048,https://www.google.com/maps?cid=4360680047692106960
tokyo-sens-ji,Sensō-ji,hero,tokyo/photos/tokyo-sens-ji/hero.webp,1600,1200,landscape,space-exterior,place,daytime|crowd|bright,Michael Hollander,https://maps.google.com/maps/contrib/111986513914713447906,false,Photo: Michael Hollander via Google Maps,google-maps-contributor,https://lh3.googleusercontent.com/grass-cs/ACvplmMFitQ1svCOiltvW3tycnSxF2SetDaH1AMJuTV4NQ_WIai2MBpehwxOoDM-VloFmV4zmRJI2ZmVGjhQzWk7Hl6ZwS9X5ycx4d35BNm94_1t2HYwMq41oydKPEBeZJZ1Tjfr_3Pe=s2048,https://www.google.com/maps?cid=7785923974874169613
tokyo-sens-ji,Sensō-ji,alt-1,tokyo/photos/tokyo-sens-ji/alt-1.webp,1600,1200,landscape,space-exterior,place,night|street,Neo Tseng (慶),https://maps.google.com/maps/contrib/111851995576184902638,false,Photo: Neo Tseng (慶) via Google Maps,google-maps-contributor,https://lh3.googleusercontent.com/gps-cs-s/AHRPTWlf3Lo9UPRNjsozuwYjz6x6410YTPjbWUQT3cOPSn27XdEDnBK5rEg1D18Vfazv2GpQuj8lXcZiNTQ_HaXHxZ6xihGXvWbZjzHoyx99aOqpEtgex8oyzhvyuTyT0M7PIGDsWsxpRA=s2048,https://www.google.com/maps?cid=7785923974874169613
tokyo-sens-ji,Sensō-ji,alt-2,tokyo/photos/tokyo-sens-ji/alt-2.webp,1600,1205,landscape,space-exterior,place,serene|garden,Dr. Peter Aubin,https://maps.google.com/maps/contrib/112099031745861446729,false,Photo: Dr. Peter Aubin via Google Maps,google-maps-contributor,https://lh3.googleusercontent.com/gps-cs-s/AHRPTWlakeouf1CjGktxWxL8rS3VgME-C6YTHOhoVpv3PaS5PelumzFUQv4-4VtDuoptWZ53EtkusbKnLJgzWEm8xhFiQ5RM8m8E7TaWaK6fv5rXi67J_Ilx84qRsz7M-DSii0PyWJyWQZB3O12B=s2048,https://www.google.com/maps?cid=7785923974874169613
tokyo-sens-ji,Sensō-ji,alt-3,tokyo/photos/tokyo-sens-ji/alt-3.webp,1600,1200,landscape,art,place,design|bright,Flora Al-Bayati,https://maps.google.com/maps/contrib/117318108740724266471,false,Photo: Flora Al-Bayati via Google Maps,google-maps-contributor,https://lh3.googleusercontent.com/gps-cs-s/AHRPTWmZxLih5alPHkfZ5RBPWfIX0COH5Y2Qy368Sq_-x2ZYhNJcBdgn1i0U3Oa7wxsfcJP55_Mgq2u2_HenCOr4pYSo02r3O1LkzipFoKOWsXI8-eAPYxl0ipuoNS1ouxrmtnBnnlMzgrEiwjAO=s2048,https://www.google.com/maps?cid=7785923974874169613
tokyo-shangri-la-shimokitazawa,Shangri-La Shimokitazawa,hero,tokyo/photos/tokyo-shangri-la-shimokitazawa/hero.webp,1600,1200,landscape,space-interior,place,moody|intimate,KENJI I,https://maps.google.com/maps/contrib/100766737219615860986,false,Photo: KENJI I via Google Maps,google-maps-contributor,https://lh3.googleusercontent.com/gps-cs-s/AHRPTWmZVyGmn06Z8JQVc5qUra5o90P3__9uTat10lZplAubOtrZHIgUpI359CJfI5NyJcUqSbuenlAZNhgXYNRarGWgyzWt95k0keMCPUdcFKfheFp7gRwmhsyUTYun12aHGcOtyVCPYQ=s2048,https://www.google.com/maps?cid=4252977735068274900
tokyo-shangri-la-shimokitazawa,Shangri-La Shimokitazawa,alt-1,tokyo/photos/tokyo-shangri-la-shimokitazawa/alt-1.webp,1600,1200,landscape,activity,place,crowd|lively,Kazuo Hoshina,https://maps.google.com/maps/contrib/102785095772832723650,false,Photo: Kazuo Hoshina via Google Maps,google-maps-contributor,https://lh3.googleusercontent.com/gps-cs-s/AHRPTWkTdwGxIp157955YjHdKbKW9M9Ur7-7NN6G_ZT_mIQQRz9lAyS1OwFdtVxtg_WidvRFjYN96txQpm5_-k0yxfpIFcr81oXFRbE6Ngs6fh-CmoCH_M3fQ_u-vydaN9f7BaKm8JDhz_OFmFFA=s2048,https://www.google.com/maps?cid=4252977735068274900
tokyo-shangri-la-shimokitazawa,Shangri-La Shimokitazawa,alt-2,tokyo/photos/tokyo-shangri-la-shimokitazawa/alt-2.webp,1200,800,landscape,space-interior,place,moody|neon,Masanobu Kuroda,https://maps.google.com/maps/contrib/104767576208622389054,false,Photo: Masanobu Kuroda via Google Maps,google-maps-contributor,https://lh3.googleusercontent.com/gps-cs-s/AHRPTWl2UCz5vy5t_9tP6KGKRGkwhDlkeFmMUATi8EIJ5-VTY0CDurUsQ7lmFG-BFBpRS96XtuV4uRAVlcBrIww2RFzaszTryg6oS12kdAT4zNxZAq6-l9EiIOCIkfdziDNHDHdK9Tk=s2048,https://www.google.com/maps?cid=4252977735068274900
tokyo-shibuya-hikarie,Shibuya Hikarie,hero,tokyo/photos/tokyo-shibuya-hikarie/hero.webp,1600,1200,landscape,space-exterior,place,daytime|design,Takahiro Morikawa,https://maps.google.com/maps/contrib/100497233703723823853,false,Photo: Takahiro Morikawa via Google Maps,google-maps-contributor,https://lh3.googleusercontent.com/grass-cs/ACvplmNb-6Xsn7ZD5TK55RdNkC9Ako5HUbRyAEvdztK37WOnYP_TWSAmRbIWiucnEsQl9u3UPrzPFjt8ZG8VBnJ2cJqwrhsU7hUbvbWkJdQWd9TNBFo8aBy-La-43ZIOJOASYcO8hDhx7MEu3-Ur=s2048,https://www.google.com/maps?cid=8082119682224487653
tokyo-shibuya-hikarie,Shibuya Hikarie,alt-1,tokyo/photos/tokyo-shibuya-hikarie/alt-1.webp,1202,1600,portrait,space-exterior,place,daytime|design,ハリーくん,https://maps.google.com/maps/contrib/115505742261339526252,false,Photo: ハリーくん via Google Maps,google-maps-contributor,https://lh3.googleusercontent.com/gps-cs-s/AHRPTWn9KZne5LYnm8IMbZLs6wjuTotg4CEWkqCS8R2_xsujMOMRDrVJl5NUqe05m78hodmDpa9pgd4qMdNtekq-V9PmU0t_kZJJQbAu3gZzY6RXgKEL_5HegWlkFfYevbicEnKvl_Taupq6wtnf=s2048,https://www.google.com/maps?cid=8082119682224487653
tokyo-shibuya-hikarie,Shibuya Hikarie,alt-2,tokyo/photos/tokyo-shibuya-hikarie/alt-2.webp,1600,1200,landscape,view,place,skyline|daytime,tak I,https://maps.google.com/maps/contrib/102253078360008138812,false,Photo: tak I via Google Maps,google-maps-contributor,https://lh3.googleusercontent.com/gps-cs-s/AHRPTWkXnK5Gr1raSlV7mHAKWOvS1dj2WfI2AD4MZCyqOvrtP7_HbTr2lJJTOaFSy7XWI6x9sPfbqs-WJbWMxMD-rhKZmwyuxzZ42Rrr5VFKqUcHjcCQMFvxhCWlO1MFcoI0u1S8FP3Ip5nmN5ss=s2048,https://www.google.com/maps?cid=8082119682224487653
tokyo-shibuya-hikarie,Shibuya Hikarie,alt-3,tokyo/photos/tokyo-shibuya-hikarie/alt-3.webp,900,1600,portrait,space-interior,place,design|lively,おじゃにー,https://maps.google.com/maps/contrib/101369011236159353675,false,Photo: おじゃにー via Google Maps,google-maps-contributor,https://lh3.googleusercontent.com/gps-cs-s/AHRPTWleYlaSTfL9bWQqr-BrKCDaBPjRipWl0aGXFP_m7Ho9fpxTKCUa-7fzTzaa5jtwcMiE-o-IIkbmMykeu7jWotiFXPYmM7phOtj5x2lVIVk42FmOcYDgnKqOLSbsYmByrKEoL0eDxjPTT0c=s2048,https://www.google.com/maps?cid=8082119682224487653
tokyo-shibuya-parco,Shibuya Parco,hero,tokyo/photos/tokyo-shibuya-parco/hero.webp,1600,1200,landscape,art,place,rooftop|design|garden,조홍권,https://maps.google.com/maps/contrib/109712346922091008537,false,Photo: 조홍권 via Google Maps,google-maps-contributor,https://lh3.googleusercontent.com/gps-cs-s/AHRPTWnZLEsgrsGRdGas1kztoPyha6Dg9X_3aGCdUiDZtD9aw4Vkuj3UUZkbYVL1SROBCb1oU4csl6ASvyGO-dKzQ_MbGy1l0wW5tRZBUb9SAbidAqeSIyZTQ5aDkze_cB9gWyNizP2om8W97Sw=s2048,https://www.google.com/maps?cid=1935335699422656795
tokyo-shibuya-parco,Shibuya Parco,alt-1,tokyo/photos/tokyo-shibuya-parco/alt-1.webp,1600,1200,landscape,space-interior,place,bright|lively,Ray Chiang,https://maps.google.com/maps/contrib/103181809123009471955,false,Photo: Ray Chiang via Google Maps,google-maps-contributor,https://lh3.googleusercontent.com/gps-cs-s/AHRPTWnGU3CSASbtok65UUle6EhfbdvWMT1vhUfTGJoVrPf4OgrC7ZH3V-vlluZz8kfBPmAsvwIvvLgoKF4yw8dJhmIyfi9fH63n55Av85NjogyX2qQ5GWgpD_IBtMd02GHVlaMvAspiFbQGJgxC=s2048,https://www.google.com/maps?cid=1935335699422656795
tokyo-shibuya-parco,Shibuya Parco,alt-2,tokyo/photos/tokyo-shibuya-parco/alt-2.webp,1200,1600,portrait,space-exterior,place,street|daytime,Takahiro Morikawa,https://maps.google.com/maps/contrib/100497233703723823853,false,Photo: Takahiro Morikawa via Google Maps,google-maps-contributor,https://lh3.googleusercontent.com/gps-cs-s/AHRPTWmOu7EMnW8rHQLd_Rmd1IqkjpvSqQhA9bR_2L7SkwoHErC4Pf3TRc00TY6J-VM3n1rl_ubVJFov4uKiYM1fC9hOndeJEz5sWpdDTc-vsWqYwk72oX3VMe4qzndbi2haQIuwTmj9fize3hQC=s2048,https://www.google.com/maps?cid=1935335699422656795
tokyo-shibuya-parco,Shibuya Parco,alt-3,tokyo/photos/tokyo-shibuya-parco/alt-3.webp,1200,1600,portrait,art,place,design|moody,Death Morgulis,https://maps.google.com/maps/contrib/101071958399509630898,false,Photo: Death Morgulis via Google Maps,google-maps-contributor,https://lh3.googleusercontent.com/gps-cs-s/AHRPTWkvnaOKpqQqGNRzlFjd82YQU3imWy_6DhSeZl6lTVh3UrYL-62eStw5Jf42EQ4AgpuelVOHxGjwRDCof9YSNkvl4dNe0ozx2sRMwAx8f9_NsXBtEoBULLdSTRnuAfKwWm0RxpoSrAz5WRVY=s2048,https://www.google.com/maps?cid=1935335699422656795
tokyo-shibuya-sakura-stage,Shibuya Sakura Stage,hero,tokyo/photos/tokyo-shibuya-sakura-stage/hero.webp,1600,1066,landscape,space-exterior,place,design|daytime|bright,Shibuya Sakura Stage,https://maps.google.com/maps/contrib/116829912580690225529,true,Photo: Shibuya Sakura Stage via Google Maps,google-maps-contributor,https://lh3.googleusercontent.com/gps-cs-s/ANWiy9QEN9JCuzm86FJ9N1EbQmRwPhjRZmdiluM2SppH8PcO5LqOw0ZC0nDiok7LnJaAZhRHbM_4yB735FzPm5i1GgaveEBFzqEs8WqoiXJTZdKkJNIxzHnv8jzQhNGGdbM_CZ6RK2unxDxzWGUA=s2048,https://www.google.com/maps?cid=16378006942450334311
tokyo-shibuya-sakura-stage,Shibuya Sakura Stage,alt-1,tokyo/photos/tokyo-shibuya-sakura-stage/alt-1.webp,1600,1200,landscape,space-exterior,place,night|design,Shibuya Sakura Stage,https://maps.google.com/maps/contrib/116829912580690225529,true,Photo: Shibuya Sakura Stage via Google Maps,google-maps-contributor,https://lh3.googleusercontent.com/gps-cs-s/ANWiy9QDKlaFGiOg0pD2269jVHxZJzvTBB0OEOW-o1hzxPeGf00Djfd_R4SUejXVXfnb0BVUN-d1hXNbSBd8bmC6BFegTWo9NfxpNw_yGUSdqvOzUJRvaRUd0Ga80Uq0DVTx7QLTNnRcxgRihgN_=s2048,https://www.google.com/maps?cid=16378006942450334311
tokyo-shibuya-sakura-stage,Shibuya Sakura Stage,alt-2,tokyo/photos/tokyo-shibuya-sakura-stage/alt-2.webp,1600,1200,landscape,space-interior,place,design,Shibuya Sakura Stage,https://maps.google.com/maps/contrib/116829912580690225529,true,Photo: Shibuya Sakura Stage via Google Maps,google-maps-contributor,https://lh3.googleusercontent.com/gps-cs-s/ANWiy9ROVfBuSd4rOyIeWYXzUf_nuVddxWecWXbe2HkK-YdfH7kwyCKp96_jL98DpoHlU49yX85ZLUmM0BjygDe5cmUl0Ua6PCNuAzWV-_wFXrfKF_yFjC_w0bS949KdZM8K_OJVtS1shNiAYQ6a=s2048,https://www.google.com/maps?cid=16378006942450334311
tokyo-shibuya-sakura-stage,Shibuya Sakura Stage,alt-3,tokyo/photos/tokyo-shibuya-sakura-stage/alt-3.webp,1600,1066,landscape,nature,place,green|daytime,Shibuya Sakura Stage,https://maps.google.com/maps/contrib/116829912580690225529,true,Photo: Shibuya Sakura Stage via Google Maps,google-maps-contributor,https://lh3.googleusercontent.com/gps-cs-s/ANWiy9RuS86G3TiBpkGV2d_LUVYSgvJEHeh1fZ3afLTa-pfPeJCZf-EflvJiMNUOFss8u8H7VTKBhp2oSPsaV04YAACglL9kq2tqk_hTZ5LiHMK6cCEvNx76kz8vHEKNH2HPAbJcJWbWj7WePDhZ=s2048,https://www.google.com/maps?cid=16378006942450334311
tokyo-shibuya-tsutaya,SHIBUYA TSUTAYA,hero,tokyo/photos/tokyo-shibuya-tsutaya/hero.webp,1600,1200,landscape,space-interior,place,design|bright,TAKA -,https://maps.google.com/maps/contrib/105938996155832934996,false,Photo: TAKA - via Google Maps,google-maps-contributor,https://lh3.googleusercontent.com/gps-cs-s/AHRPTWl9dpOzsCh89EG8xD0uf9E_7DVNvBeGY3z7RyaHXq5UtB200XTECXVQ2Z8NE261zVrxg5eJas34XSlkBHH9nSqiF-0yL0bUIpwgcvuph07LgFTvm2tyB6LmfTuq5IpD-orngF5BwFpaQgEU=s2048,https://www.google.com/maps?cid=1616194752408106420
tokyo-shibuya-tsutaya,SHIBUYA TSUTAYA,alt-1,tokyo/photos/tokyo-shibuya-tsutaya/alt-1.webp,1200,1600,portrait,space-exterior,place,street|lively,Makmorg,https://maps.google.com/maps/contrib/113329730067310984746,false,Photo: Makmorg via Google Maps,google-maps-contributor,https://lh3.googleusercontent.com/gps-cs-s/AHRPTWmRFZCox4K0jCuG5NRXTfisq-EXEbMI0qqOuF_lwHjVeVtnHp8W4pPyA8Xw0h3nwoTK-xOC3x1mmJyePXyHOY21jyUb2Aoqxw8rqfF_waFJGPvCefNyoRHttakcYiWquPcsEV9zSj9gyLEN=s2048,https://www.google.com/maps?cid=1616194752408106420
tokyo-shibuya-tsutaya,SHIBUYA TSUTAYA,alt-2,tokyo/photos/tokyo-shibuya-tsutaya/alt-2.webp,1200,1600,portrait,space-interior,place,cozy|counter-seating|design,Kayo***,https://maps.google.com/maps/contrib/108974431306871886133,false,Photo: Kayo*** via Google Maps,google-maps-contributor,https://lh3.googleusercontent.com/gps-cs-s/AHRPTWnM2oX0UO7VxQLaedfz1BMVHw6QUHuiOhfj3vR6TQBTji5y4Zlzlgt9z2VrfOV-EPP9as52ift0YTF_3tYiqDaRlmIRuB5G9I6KdNeQ2zbVCSYsJWwYHhGcq1_rNXI-gYLb61yFszdJJQQ=s2048,https://www.google.com/maps?cid=1616194752408106420
tokyo-shibuya-yukizaki,Shibuya Yukizaki,hero,tokyo/photos/tokyo-shibuya-yukizaki/hero.webp,1144,772,landscape,space-exterior,place,street,ジェムキャッスルゆきざき 渋谷ゆきざき,https://maps.google.com/maps/contrib/105263780624657521606,false,Photo: ジェムキャッスルゆきざき 渋谷ゆきざき via Google Maps,google-maps-contributor,https://lh3.googleusercontent.com/gps-cs-s/ANWiy9RPUCYqfSf8cY0pj_7yhHmg8pbParsoQgFcaDcHg3NT4yispbfS8jzUURibfFrNQpttgHEMnbG7hv2AKVp5g1zL2jf9GL2ttYAYwALLD_CUEQcqq_45eBniJVMzqVQ8CX9kwPLa=s2048,https://www.google.com/maps?cid=8319491085781267652
tokyo-shibuya-yukizaki,Shibuya Yukizaki,alt-1,tokyo/photos/tokyo-shibuya-yukizaki/alt-1.webp,1200,1600,portrait,detail,place,design,たろちゃん,https://maps.google.com/maps/contrib/117528168745172716990,false,Photo: たろちゃん via Google Maps,google-maps-contributor,https://lh3.googleusercontent.com/gps-cs-s/ANWiy9Sr7NTdNywUYH3IVBJZbO6TNvGosdhQzdpS0OGZgKRxxjEZ4x6q1ePUWXa71hxExQn2NYdhJUkQqV8Ogxp-pxc3SY4nEq9TyQgy1E1e8oGkkimz16HYW9uo0HgSrJp9Pc4FbDLfZRkCOWA=s2048,https://www.google.com/maps?cid=8319491085781267652
tokyo-shibuya-yukizaki,Shibuya Yukizaki,alt-2,tokyo/photos/tokyo-shibuya-yukizaki/alt-2.webp,1170,1289,square,art,place,design|bright,ジェムキャッスルゆきざき 渋谷ゆきざき,https://maps.google.com/maps/contrib/105263780624657521606,false,Photo: ジェムキャッスルゆきざき 渋谷ゆきざき via Google Maps,google-maps-contributor,https://lh3.googleusercontent.com/gps-cs-s/ANWiy9T5TrHNjxAAQ84O5ljfE3lelrffjm0pocO1lstIehk5LsM2ugk3aM4qiHLuswTa3QhcZtf15Z-l_7qLjUUWgx8ZGWFDk8k8Q_teZuwekgqUid6MNNdw3K02ddarWW67ZmTmOG1Pw1cYk0MS=s2048,https://www.google.com/maps?cid=8319491085781267652
tokyo-shibuya-yukizaki,Shibuya Yukizaki,alt-3,tokyo/photos/tokyo-shibuya-yukizaki/alt-3.webp,1200,1600,portrait,space-interior,place,minimal|bright,Maria Noriega,https://maps.google.com/maps/contrib/100502173218298884131,false,Photo: Maria Noriega via Google Maps,google-maps-contributor,https://lh3.googleusercontent.com/gps-cs-s/ANWiy9TMYBUyS9DHn6v3_5QN0R5C-UF-YyM5DXeh4Qn0EcdYdzm8uL_TA6qeACH2PSpb3YSRarj0qOZe0MxqQ202YOMwE0zPgCkbmW8UFRTgvjZs5jdHSQFKhi7sGITh26HA0MzyvfI-cseBm305=s2048,https://www.google.com/maps?cid=8319491085781267652
tokyo-shiinamachi-station,Shiinamachi Station,hero,tokyo/photos/tokyo-shiinamachi-station/hero.webp,1600,900,landscape,space-exterior,place,daytime|design,金田一二三,https://maps.google.com/maps/contrib/101928140248178453828,false,Photo: 金田一二三 via Google Maps,google-maps-contributor,https://lh3.googleusercontent.com/gps-cs-s/AHRPTWkd6XsZpzJOqbaWaw_hGDaY1WPMvWSBuz-f6OJdAGq-6bjR3e9KOJ9tFZEtgk-5bz_A83TvZuUNdqDv3c11kbGRIOrnw9sS-YDTsdt2rIN_jRv4eWJV5lMV2NUVmHm3ZrGH-GGGY-fseKY6=s2048,https://www.google.com/maps?cid=3850492616031388064
tokyo-shiinamachi-station,Shiinamachi Station,alt-1,tokyo/photos/tokyo-shiinamachi-station/alt-1.webp,1600,1200,landscape,space-exterior,place,daytime|street,Yukinobu Toba (YT),https://maps.google.com/maps/contrib/102890779871756283285,false,Photo: Yukinobu Toba (YT) via Google Maps,google-maps-contributor,https://lh3.googleusercontent.com/gps-cs-s/AHRPTWmEuBYYeHwu94MbPz8D7ME9DksLaj26k9ilPZjLFi3lu1fYluUXnzpXgXChWqnTSlm7pJb_WZ5WpKSsuW2JlBjIW-VcG8StCRv5Plbx5F-4IPInb-v-G0prXcEsdg1SCe0SXvcK=s2048,https://www.google.com/maps?cid=3850492616031388064
tokyo-shiinamachi-station,Shiinamachi Station,alt-2,tokyo/photos/tokyo-shiinamachi-station/alt-2.webp,1600,1200,landscape,space-exterior,place,daytime|minimal,traveler DEEP,https://maps.google.com/maps/contrib/107515925831550241068,false,Photo: traveler DEEP via Google Maps,google-maps-contributor,https://lh3.googleusercontent.com/gps-cs-s/AHRPTWmnPXrIohzAvf_HcnPodP0Yz6LNY2PU2j1K9T8gxSHHrxAWLlkBBsYsXMEH0ez3Az9FOyMfYwpBuOu2eh3skT6nirunnT21wBlPTPl8BqyWULqx2eHWU50IX9esIoAGcFZjg6bznQ=s2048,https://www.google.com/maps?cid=3850492616031388064
tokyo-shiinamachi-station,Shiinamachi Station,alt-3,tokyo/photos/tokyo-shiinamachi-station/alt-3.webp,900,1600,portrait,activity,place,daytime|minimal,tatsuya tomiyasu,https://maps.google.com/maps/contrib/112573512515986633376,false,Photo: tatsuya tomiyasu via Google Maps,google-maps-contributor,https://lh3.googleusercontent.com/gps-cs-s/AHRPTWnEvqxQPe_UHLriR8jVZuFq56Wzz2jl_edjN4f5eUaXnep8WeVmUqYfT8GgUG4Bs1i89UnisIWgJearMAY8KEl5WWf4pv-JhCZHQDobbtZRZJPFN4-snCrcPeZx7fkDJT0sLpjv=s2048,https://www.google.com/maps?cid=3850492616031388064
tokyo-shin,Shin,hero,tokyo/photos/tokyo-shin/hero.webp,1600,1066,landscape,food,place,moody|intimate,虎ノ門 松阪牛懐石 真,https://maps.google.com/maps/contrib/106741773379805402541,false,Photo: 虎ノ門 松阪牛懐石 真 via Google Maps,google-maps-contributor,https://lh3.googleusercontent.com/gps-cs-s/AHRPTWkUxsYXCltghCgEraY6EXRKt1vanVWtuiGYdnUCXyYgOwu1_ak0Wbubgm1JW4e-Y3Fo_7W1IIMZ0KSbSCF7a3S3lWtEPpspvBkDg1Xdbibhl7Zj_9ThX7d60L9l4Cia0ueGEtDb=s2048,https://www.google.com/maps?cid=1418394333783054877
tokyo-shin,Shin,alt-1,tokyo/photos/tokyo-shin/alt-1.webp,1600,1200,landscape,food,place,moody,Tommy,https://maps.google.com/maps/contrib/118017488453729228299,false,Photo: Tommy via Google Maps,google-maps-contributor,https://lh3.googleusercontent.com/gps-cs-s/AHRPTWnINhrYDE9HJCg09qQxKSXwYx8OBEipwGSlu5tIpq8Vs1FRsRzRdcLYcR5w2x3HSqaqI_wwoDvEuRsBB8T-M7RZnkd6bkkxamuqw5V4InLNZ6riExBX9N8zRC-k5X6SbtA3EeRu=s2048,https://www.google.com/maps?cid=1418394333783054877
tokyo-shin,Shin,alt-2,tokyo/photos/tokyo-shin/alt-2.webp,1600,1200,landscape,food,place,intimate,M. BGSU,https://maps.google.com/maps/contrib/111755902887119085603,false,Photo: M. BGSU via Google Maps,google-maps-contributor,https://lh3.googleusercontent.com/gps-cs-s/AHRPTWnVzCqIs7YjgBAP8_t8EEi_pYvN2C3ZoCs8S6U55ZP7KuopAcmefngvVHdRBqjKrk4OmPa-T3SI_7o9yv1rK0zg2H4sSbNiFkojZVhVkd3GNea_ySoz4-RYa_hJDNhWvVgGutCHmQ=s2048,https://www.google.com/maps?cid=1418394333783054877
tokyo-shin,Shin,alt-3,tokyo/photos/tokyo-shin/alt-3.webp,1600,1200,landscape,food,place,minimal|moody,M. BGSU,https://maps.google.com/maps/contrib/111755902887119085603,false,Photo: M. BGSU via Google Maps,google-maps-contributor,https://lh3.googleusercontent.com/gps-cs-s/AHRPTWnV9uJfiktfiNhukmFc376w_oMZCwWK4ia9-roa0MHwuTeY3bTtFu2RSU-dRM1GgGq0iNhj0a9YAhoUnE3oHOvKYWOrnSKK-ANZ8Zja5awktEHQ8F5tebQxZp2Uy9hcusGESF24=s2048,https://www.google.com/maps?cid=1418394333783054877
tokyo-shinanoya-ginza,Shinanoya Ginza,hero,tokyo/photos/tokyo-shinanoya-ginza/hero.webp,1600,1200,landscape,space-exterior,place,street|daytime,みかど,https://maps.google.com/maps/contrib/111139316463867389106,false,Photo: みかど via Google Maps,google-maps-contributor,https://lh3.googleusercontent.com/grass-cs/ACvplmMhiQOtdxzrohKahv9oQzCpWZriygZt_wV5hWiB8T0uWgEsyhY7KOQ2pwJ7BoQu4nekXtPjqM2kaAYxYXy02I8ZBESW8cu3W4lSeuElo3X-ypBMswylnyaqCnSUQdt7UBI9udwDfG0RU5C2=s2048,https://www.google.com/maps?cid=16528443507161319767
tokyo-shinanoya-ginza,Shinanoya Ginza,alt-1,tokyo/photos/tokyo-shinanoya-ginza/alt-1.webp,1600,900,landscape,space-interior,place,lively|bright,Joe Collver,https://maps.google.com/maps/contrib/103283173233410708385,false,Photo: Joe Collver via Google Maps,google-maps-contributor,https://lh3.googleusercontent.com/gps-cs-s/ANWiy9T05pt1xB-1fo-U9w3rEIgL2A-d3yTwQem2GpYG-iCFHi2mWUxMnkUckwFiZubrsXvWP_ZTotveR-X6yRr2gdYCKcOr-Fd743XssmyxZLs5SWsrDemaZk-0G46Ohg842IcLFRNo=s2048,https://www.google.com/maps?cid=16528443507161319767
tokyo-shinanoya-ginza,Shinanoya Ginza,alt-2,tokyo/photos/tokyo-shinanoya-ginza/alt-2.webp,1200,1600,portrait,space-interior,place,cozy,a husen (ahusen),https://maps.google.com/maps/contrib/103253571590544543036,false,Photo: a husen (ahusen) via Google Maps,google-maps-contributor,https://lh3.googleusercontent.com/gps-cs-s/ANWiy9SOqscXekM62M68crgql4IKsA_zYeMOIr_lB4vVvSXEIsnbPUlJWG_Jmf8srh-IRUzL2mKrVcEvlcG2k9Fmep786mlWJPxwIyQRscYiA7lDWcE_ONZhJijkUKryJtnY814AW3bT=s2048,https://www.google.com/maps?cid=16528443507161319767
tokyo-shinanoya-ginza,Shinanoya Ginza,alt-3,tokyo/photos/tokyo-shinanoya-ginza/alt-3.webp,1600,1600,square,detail,place,bright,Hornblende Maruno,https://maps.google.com/maps/contrib/115752627861615541423,false,Photo: Hornblende Maruno via Google Maps,google-maps-contributor,https://lh3.googleusercontent.com/gps-cs-s/ANWiy9S2guoAkkhayQ_Yw6e6-i42ga081JJwMSSfFEI5TIK4_1hBfGVu-_uqkCTb-og0I1CSYz_ErieK_Rnaxx9cSbYG8FVkrjNpVUnCGAlB9k2bwZ2F0m9FSg0_mqvA0b7khCYwnpdGjpPQo4YN=s2048,https://www.google.com/maps?cid=16528443507161319767
tokyo-shinjuku-gyoen-national-garden,Shinjuku Gyoen National Garden,hero,tokyo/photos/tokyo-shinjuku-gyoen-national-garden/hero.webp,1280,960,landscape,nature,place,garden|serene|daytime,Subhrata Das,https://maps.google.com/maps/contrib/111361985837717839029,false,Photo: Subhrata Das via Google Maps,google-maps-contributor,https://lh3.googleusercontent.com/gps-cs-s/ANWiy9RO_6vZwEIte2wxriBxS9CJbdIq1-PHrNmBU6dV5VYm4Utxn39XsitAlLuXHabg5SU1kk3oQqV9_tJcxT81OAEZp7fCzm__wUoGFvbQ-rhztw74khDlZteyxFmK6hqrB6FUHZ8=s2048,https://www.google.com/maps?cid=7646744610971579015
tokyo-shinjuku-gyoen-national-garden,Shinjuku Gyoen National Garden,alt-1,tokyo/photos/tokyo-shinjuku-gyoen-national-garden/alt-1.webp,1600,1200,landscape,nature,place,crowd|lively|garden,CYK AOYAMA,https://maps.google.com/maps/contrib/101801267521970950834,false,Photo: CYK AOYAMA via Google Maps,google-maps-contributor,https://lh3.googleusercontent.com/gps-cs-s/ANWiy9SMOxpT8LKhbVPMBAvEPWnKTdIJO6ivRKEGjM-jY7RLramOuuN8LzKrAH96GJLYDubRCyOgwdBb96ESzrNLDT_xOE2bXlqajIEQryEmx4Qe3E0E54mTjfk644bkunNOl3zEyyJ9=s2048,https://www.google.com/maps?cid=7646744610971579015
tokyo-shinjuku-gyoen-national-garden,Shinjuku Gyoen National Garden,alt-2,tokyo/photos/tokyo-shinjuku-gyoen-national-garden/alt-2.webp,1600,1066,landscape,nature,place,green|skyline|daytime,T S,https://maps.google.com/maps/contrib/115636234565561958300,false,Photo: T S via Google Maps,google-maps-contributor,https://lh3.googleusercontent.com/gps-cs-s/ANWiy9TSMaV1YHqIttZ5DzCMazXtvNkrQmK_sGfAF4K_EmYPcnfSIpvDrWI8CF9sE01dD8ElgOvqjPzjUT76eixE9TBsmbDb_ml012Zos3pboQTEftEwx_rthnC92xVpad2hhpb1wehH=s2048,https://www.google.com/maps?cid=7646744610971579015
tokyo-shinjuku-gyoen-national-garden,Shinjuku Gyoen National Garden,alt-3,tokyo/photos/tokyo-shinjuku-gyoen-national-garden/alt-3.webp,1600,1200,landscape,space-exterior,place,garden|daytime,Jin Jin,https://maps.google.com/maps/contrib/101110427660793916295,false,Photo: Jin Jin via Google Maps,google-maps-contributor,https://lh3.googleusercontent.com/gps-cs-s/ANWiy9Q-QTge9-mIY2E7OXd5ZHib7KdyiILjYbZEyI63AsB0QlQPGS_R_2L_Ydh53hGBiZRKjDtlSMkP7wjB1WYo2KyKyAvrSp7CGESyI4Vharj6j7zwIAzJ6aLuyKm8Md7NxjJDwPa20g=s2048,https://www.google.com/maps?cid=7646744610971579015
tokyo-shinjuku-pit-inn,Shinjuku Pit Inn,hero,tokyo/photos/tokyo-shinjuku-pit-inn/hero.webp,1600,900,landscape,activity,place,night|moody|intimate,岩波公也,https://maps.google.com/maps/contrib/115264205070913671317,false,Photo: 岩波公也 via Google Maps,google-maps-contributor,https://lh3.googleusercontent.com/gps-cs-s/AHRPTWk495sZS-xrYHXAd66z_62SmmXLs1LvrH6l57KTXkBgODMXEooK2h8t8LKRrpwDjWzp5sxbEZKaidPI8L4bhZpGzYYddbD0HzXXFRXbCgU2rltYxC2HFiT3mOYLHcy_d6IPYZi7JQ=s2048,https://www.google.com/maps?cid=10267495239441782075
tokyo-shinjuku-pit-inn,Shinjuku Pit Inn,alt-1,tokyo/photos/tokyo-shinjuku-pit-inn/alt-1.webp,1600,1200,landscape,space-interior,place,moody|intimate,K K,https://maps.google.com/maps/contrib/102862748384466794517,false,Photo: K K via Google Maps,google-maps-contributor,https://lh3.googleusercontent.com/gps-cs-s/ANWiy9RDicpGE0XbqdRIEqcuVnSXQHY_APXOb4Xq-bl_NoYAD_K2lfoZr4dgfghfB8iU_FrU_ZmPSYqpsBkUDCDcklKUGRaHn6ltDdq48A1A2ibGGVUWO2PuvjEO4ifXkfSQVhleH0IryMsUy3Ua=s2048,https://www.google.com/maps?cid=10267495239441782075
tokyo-shinjuku-pit-inn,Shinjuku Pit Inn,alt-2,tokyo/photos/tokyo-shinjuku-pit-inn/alt-2.webp,1600,1200,landscape,space-exterior,place,night|street|neon,Scott L,https://maps.google.com/maps/contrib/113066731822849129421,false,Photo: Scott L via Google Maps,google-maps-contributor,https://lh3.googleusercontent.com/gps-cs-s/AHRPTWkk9h7KI6Koss1gsEjZBX8FtlnKDucCaiq_iA2b-iV6f5M-r1y0SQKAiP6hbmcM8VJ06LHa6wkGlLjX-zqtq1FfmWodnmiJSGhs7ywPQCOzjZbkNCBISyR0YNSpJYF8nhlbFLAP9P_TLTM7=s2048,https://www.google.com/maps?cid=10267495239441782075
tokyo-shinjuku-pit-inn,Shinjuku Pit Inn,alt-3,tokyo/photos/tokyo-shinjuku-pit-inn/alt-3.webp,1205,1600,portrait,drink,place,moody|intimate,time Relaxed,https://maps.google.com/maps/contrib/103614079545318209486,false,Photo: time Relaxed via Google Maps,google-maps-contributor,https://lh3.googleusercontent.com/gps-cs-s/AHRPTWlaCGgWoKpyBeV9oaDg_LEK8wfx9kYCgceBKswh9YzWbAR9HSMseb9C6WvYzVZXv4rq2HG6oDwmyD2-pW9Ml-IZpWBXU4RE87LIxA9eysHH4hPvfj_IFQFqlGBm2Vqj2oJmFQI3I-V9ssM3=s2048,https://www.google.com/maps?cid=10267495239441782075
tokyo-shinjuku-takano-fruits-parlor,Shinjuku Takano Fruits Parlor,hero,tokyo/photos/tokyo-shinjuku-takano-fruits-parlor/hero.webp,1600,1068,landscape,food,place,bright|minimal,Yuichi Sakuraba,https://maps.google.com/maps/contrib/112022463950246118044,false,Photo: Yuichi Sakuraba via Google Maps,google-maps-contributor,https://lh3.googleusercontent.com/gps-cs-s/AHRPTWmx7aO8RULTQ5OsF2ANsliyzDVKZ-h1FFGRmkB9xry2tsN2duhzz7OjADfoecYfHRn6se6UEJ1TaB0zC8lNOStymru34i_xyIpLk1Am7wMUwKhW6kqyBhRGsOihyNmIlbuHeyIvqA=s2048,https://www.google.com/maps?cid=8427889667254890059
tokyo-shinjuku-takano-fruits-parlor,Shinjuku Takano Fruits Parlor,alt-1,tokyo/photos/tokyo-shinjuku-takano-fruits-parlor/alt-1.webp,1200,1600,portrait,food,place,bright,Susumu Oda,https://maps.google.com/maps/contrib/106722853593445093254,false,Photo: Susumu Oda via Google Maps,google-maps-contributor,https://lh3.googleusercontent.com/gps-cs-s/AHRPTWnEdHp4NX2apS5qGYEldjqvvwAsBfVp4t1mEarXWR-GkID64dMshlTmj0BhzAVEw-9Zz6lh0mk0Y9y2LePLslDy1d7BeIQWRLd0y26349zPaCNZpEm3ve0lZB37XuWoUI5P0plJfqxLTHrE=s2048,https://www.google.com/maps?cid=8427889667254890059
tokyo-shinjuku-takano-fruits-parlor,Shinjuku Takano Fruits Parlor,alt-2,tokyo/photos/tokyo-shinjuku-takano-fruits-parlor/alt-2.webp,1600,900,landscape,food,place,bright,Ryoji Takamura,https://maps.google.com/maps/contrib/109224973548595707436,false,Photo: Ryoji Takamura via Google Maps,google-maps-contributor,https://lh3.googleusercontent.com/gps-cs-s/AHRPTWlHiZGy4KBUV08wbS6aUrFl3pqW8zstXEy6UF7bNSMyY2ModD3GSrq8_kxMFm78mYjqR2Vf_LY_R5ghYpaGWUTDq_ZPtG8AY24afaUGwVe-8F2eg7Nbx-vh46ZYBlO3PuSER6Q=s2048,https://www.google.com/maps?cid=8427889667254890059
tokyo-shinjuku-takano-fruits-parlor,Shinjuku Takano Fruits Parlor,alt-3,tokyo/photos/tokyo-shinjuku-takano-fruits-parlor/alt-3.webp,1600,900,landscape,space-exterior,place,street|daytime,Yuki KONDO,https://maps.google.com/maps/contrib/114924784667496577156,false,Photo: Yuki KONDO via Google Maps,google-maps-contributor,https://lh3.googleusercontent.com/gps-cs-s/AHRPTWl0sKWsLaXl0K1sNOpWiczihTHtUig5VX2oGv6rZKXcSI5pjSxltxRi9C_DgNZ70JdyqSOJyGTaAwoQ0qb66AhHSrb3mIPYpLikMKWD9d8BPqV8vXKpTDlgDtjfMpL3Wlbirk1kgTzIFiNW=s2048,https://www.google.com/maps?cid=8427889667254890059
tokyo-shiodome-station,Shiodome Station,hero,tokyo/photos/tokyo-shiodome-station/hero.webp,1600,1066,landscape,view,place,skyline|daytime,坂先生,https://maps.google.com/maps/contrib/111427528593387386465,false,Photo: 坂先生 via Google Maps,google-maps-contributor,https://lh3.googleusercontent.com/gps-cs-s/ANWiy9TKzUIdHKjINH8ydKafBPwEryIW_YYgbQO6NZAri_25CvpFBxn1Y81S8BDXC8YvNG2nLfpBQ-k0VRvf502bhHtlIL2Q6sEo2q_35WgISNUauE67gcSXM2yEjYF7r1vKDylFY4gX=s2048,https://www.google.com/maps?cid=3541621987849299058
tokyo-shiodome-station,Shiodome Station,alt-1,tokyo/photos/tokyo-shiodome-station/alt-1.webp,1600,1205,landscape,space-exterior,place,design|daytime,Tom Szelag,https://maps.google.com/maps/contrib/108425340970108719334,false,Photo: Tom Szelag via Google Maps,google-maps-contributor,https://lh3.googleusercontent.com/gps-cs-s/ANWiy9TmeGkPS6Vl-cVbCPTMKdCmTbRqagYS2T9SfJgU_V_IBNThPo2FLQprh0bEWDwKdO91P7dJwY_GrB_2vc42pARC0yyuO27v7E2DQ1xIdfuU4VBIRg2s1g6D-weqylV24FRhpxre=s2048,https://www.google.com/maps?cid=3541621987849299058
tokyo-shiodome-station,Shiodome Station,alt-2,tokyo/photos/tokyo-shiodome-station/alt-2.webp,1600,900,landscape,art,place,design|daytime,Shigezou Chiba,https://maps.google.com/maps/contrib/106157946722571255028,false,Photo: Shigezou Chiba via Google Maps,google-maps-contributor,https://lh3.googleusercontent.com/gps-cs-s/ANWiy9SzBhrUGcjhnuEg4Q8r-PNhK5I301Fs7gmu2yEHSp6lKhID1GYTpqj0hMjHRpUwSpoueWAE9YigP-vZ9lonKOjfjv7iwpj3Y6wD8iaCCIjNBFUW2_4A3bQ1V9IQ6t2JVS5P6StZ_xHVrIjX=s2048,https://www.google.com/maps?cid=3541621987849299058
tokyo-shiodome-station,Shiodome Station,alt-3,tokyo/photos/tokyo-shiodome-station/alt-3.webp,1600,1200,landscape,space-interior,place,design|minimal,ハシゾー,https://maps.google.com/maps/contrib/114533403011796291076,false,Photo: ハシゾー via Google Maps,google-maps-contributor,https://lh3.googleusercontent.com/gps-cs-s/ANWiy9T5Gm8S1GhkPteNS5VmJYnJXBhkMU1c5-y1D62S_PlFVRHGoUnhT4MMGZvCf03OVDIxLMSdIr02JQ9PCcRcHlVqssaOSwPhUAZBTdwLl1G72I2Ab0G0cDAfshuASJFNbYHliewcDzVssTIJ=s2048,https://www.google.com/maps?cid=3541621987849299058
tokyo-shioiri-park,Shioiri Park,hero,tokyo/photos/tokyo-shioiri-park/hero.webp,1600,900,landscape,nature,place,waterfront|daytime|skyline,KSK,https://maps.google.com/maps/contrib/102315324881376103559,false,Photo: KSK via Google Maps,google-maps-contributor,https://lh3.googleusercontent.com/gps-cs-s/ANWiy9Ria3aEYgLT4Zt-FNnDqBHmBsJ8t0khWgOYr6lsZlSN2Fu2QOODL0iryvzO44wfM8B-HFsIRHp54NZHnqGzmebN54_E9TbVl8U2KGwAhwfwyiyEVAgE_VZ9e0IU9g8nTFd8ImpC=s2048,https://www.google.com/maps?cid=7459386763428565581
tokyo-shioiri-park,Shioiri Park,alt-1,tokyo/photos/tokyo-shioiri-park/alt-1.webp,1477,1108,landscape,nature,place,daytime|serene,王亮心,https://maps.google.com/maps/contrib/117861177379813504237,false,Photo: 王亮心 via Google Maps,google-maps-contributor,https://lh3.googleusercontent.com/gps-cs-s/ANWiy9TFWEArow71TCRdmiB-OK3yZ3Vh5s0yl9tLuRzAAfgIKrU4mmAaP8OC2JWHuu4C2O_J0qOKTZO9QvCvByDqY7fa7wA3_UW-pXhOSGGoQDub_Yvd04AJ9_xk4kk4mdn-q0jomfZb=s2048,https://www.google.com/maps?cid=7459386763428565581
tokyo-shioiri-park,Shioiri Park,alt-2,tokyo/photos/tokyo-shioiri-park/alt-2.webp,1600,900,landscape,view,place,waterfront|skyline|serene,Vince Su,https://maps.google.com/maps/contrib/106027600915423523348,false,Photo: Vince Su via Google Maps,google-maps-contributor,https://lh3.googleusercontent.com/gps-cs-s/ANWiy9Te1REmD6FIbZGHje3AeJzo5ugB6Gxoh5C4lT52_L4wA5368dTMh05-9PZ7bojoPWRLOtYnHLEbQMBD3dKaUcuxXqcOnbRjmZ36pswXhADC__4ijI0vFTBhZG1ow5FxVSrsGQhR_Q=s2048,https://www.google.com/maps?cid=7459386763428565581
tokyo-shioiri-park,Shioiri Park,alt-3,tokyo/photos/tokyo-shioiri-park/alt-3.webp,1600,1200,landscape,space-exterior,place,daytime|bright,Lanchun Lin,https://maps.google.com/maps/contrib/107112412814388008099,false,Photo: Lanchun Lin via Google Maps,google-maps-contributor,https://lh3.googleusercontent.com/gps-cs-s/AHRPTWlSTPbSi9n952IV7jIV3TaFO2Ck1JKWOTSn_Rp0GNAZUt_7lYF8-ta7u76Z0lp2Aku5mkRAYx-GH5M8bWZ9tACESK053O4Ftzm_sGRaYW6SbRyibW7gyKtqTjlr71zHr0kIsc-5=s2048,https://www.google.com/maps?cid=7459386763428565581
tokyo-sin-den-english-speaking-salon,Sin Den English speaking salon,hero,tokyo/photos/tokyo-sin-den-english-speaking-salon/hero.webp,1600,1066,landscape,space-exterior,place,daytime|green|street,SINDEN - English speaking hair salon tokyo,https://maps.google.com/maps/contrib/109403650176437638580,true,Photo: SINDEN - English speaking hair salon tokyo via Google Maps,google-maps-contributor,https://lh3.googleusercontent.com/grass-cs/ACvplmMbvKmnrrYJjIxiflVF8RNFNyEUgkuBtOcX0jEDdjuxEem7Nv0ARCLK_6SPAU9r9lQhQwZ_CkUNmIhECJzmdtlxvPOgr7lO5wBBZJlkgvIoKMIuI8YxdImJ9q15BIdBMJgyCNB1=s2048,https://www.google.com/maps?cid=15445621900908191073
tokyo-sin-den-english-speaking-salon,Sin Den English speaking salon,alt-1,tokyo/photos/tokyo-sin-den-english-speaking-salon/alt-1.webp,1600,1066,landscape,space-interior,place,minimal|bright,HAIR SINDEN,https://maps.google.com/maps/contrib/104444733047144612876,false,Photo: HAIR SINDEN via Google Maps,google-maps-contributor,https://lh3.googleusercontent.com/gps-cs-s/AHRPTWlX5COAiPtGNRgIk7q1mx8LzSwbhVJkzRNp4mte91YTAyzqzFAZlCyC6ZK1O4AtipjX1hp9kGN5AyhMC6DIavhQwZRimaDVso5oPFlK7Wfc1DKhy1_WN-BPL9NGg32wcJ9wt88w=s2048,https://www.google.com/maps?cid=15445621900908191073
tokyo-sin-den-english-speaking-salon,Sin Den English speaking salon,alt-2,tokyo/photos/tokyo-sin-den-english-speaking-salon/alt-2.webp,1200,1600,portrait,space-exterior,place,minimal,Dr Vivek A N,https://maps.google.com/maps/contrib/109503391491541252444,false,Photo: Dr Vivek A N via Google Maps,google-maps-contributor,https://lh3.googleusercontent.com/gps-cs-s/AHRPTWkbmOw0s0s0Mhi5JZTdm37k_2k1KyG952LPXBTMUNnOb0qYuhcu7AuNfocZkdXaUdFfgbVQQPcjaeqTmWfAqjb2j6QUOpqRihE2uG-0i5MAqvjnsPpeVD_2db1m4IwwadrYZUv23CIGGq3w=s2048,https://www.google.com/maps?cid=15445621900908191073
tokyo-sin-den-english-speaking-salon,Sin Den English speaking salon,alt-3,tokyo/photos/tokyo-sin-den-english-speaking-salon/alt-3.webp,1600,1066,landscape,detail,place,minimal|design,SINDEN - English speaking hair salon tokyo,https://maps.google.com/maps/contrib/109403650176437638580,true,Photo: SINDEN - English speaking hair salon tokyo via Google Maps,google-maps-contributor,https://lh3.googleusercontent.com/gps-cs-s/AHRPTWmZtPWuS2XB2gLfOBtifnUQXRImxkt7QRk00C0nhSQzuvEvg_bUAw-yn5cvtP_MaFIcOn00bmaL5FQLOg7MiML2qV5VjWPUVzu3ZzBBRxC2E-D7A5BRj_hOFhb_trn_yzPOpKgz8g=s2048,https://www.google.com/maps?cid=15445621900908191073
tokyo-skwat-twelvebooks,SKWAT/twelvebooks,hero,tokyo/photos/tokyo-skwat-twelvebooks/hero.webp,1600,1090,landscape,space-exterior,place,night|neon|street,Yutaka Asai,https://maps.google.com/maps/contrib/104358535371849374803,false,Photo: Yutaka Asai via Google Maps,google-maps-contributor,https://lh3.googleusercontent.com/gps-cs-s/AHRPTWm82NHxLNPt1Z4JtK0G8JPQ81iGpOblZFfV48Y7TaHUvd4qPIMdbc1b1pU0C_9y-vem-RBpglsnwiUfFXORqMqUM-1FpKQrlPJdiOwTLmTvopM_FcirbYI_O11JxZl1PVB4Cdh7ImL0aVtz=s2048,https://www.google.com/maps?cid=11492353852299654587
tokyo-skwat-twelvebooks,SKWAT/twelvebooks,alt-1,tokyo/photos/tokyo-skwat-twelvebooks/alt-1.webp,1600,1200,landscape,space-interior,place,minimal|design,Mynove Kenneth,https://maps.google.com/maps/contrib/115839855489964909275,false,Photo: Mynove Kenneth via Google Maps,google-maps-contributor,https://lh3.googleusercontent.com/gps-cs-s/AHRPTWnpmhYmNqM92DY0m4TOCxt8j48w45Zaog-9OtDBUnXS5y5dCbNt0rbhBb8Y6KODcz_VjmcptuUdWbHudkb8VKQM34Zl6GilQeX9c1E_kpHc9flT6_5QEjXJmHJxjBFIt_Jz7qA7=s2048,https://www.google.com/maps?cid=11492353852299654587
tokyo-skwat-twelvebooks,SKWAT/twelvebooks,alt-2,tokyo/photos/tokyo-skwat-twelvebooks/alt-2.webp,1600,1200,landscape,space-interior,place,design|neon,net k-m,https://maps.google.com/maps/contrib/107851301226051413725,false,Photo: net k-m via Google Maps,google-maps-contributor,https://lh3.googleusercontent.com/gps-cs-s/AHRPTWmyRd_eRMq4b4R-Hil479FYW_yl116pKVCTByKn4dGdTKv63pX2v6MH7HSgFQ2gaq8EG-Li4UJueJ_8neQ2BMWeJrcoA4jnE8xhbqDUjZ1noEPrGfslamJc0WGobiO9dtyBJNnG=s2048,https://www.google.com/maps?cid=11492353852299654587
tokyo-skwat-twelvebooks,SKWAT/twelvebooks,alt-3,tokyo/photos/tokyo-skwat-twelvebooks/alt-3.webp,1134,1479,portrait,space-interior,place,minimal|design,SKWAT/twelvebooks,https://maps.google.com/maps/contrib/105309725837663227556,true,Photo: SKWAT/twelvebooks via Google Maps,google-maps-contributor,https://lh3.googleusercontent.com/gps-cs-s/AHRPTWmFWp7d8Eoy7svCzXw2T-KbzSOgydGIOAo4ToPhWRDFwCZ31g1yrTwqdUc4IRhyt9edtpRhNWim5tKEgxMZj93h2mezZWNF266J_tMRpyGhY48Tgo5wS6qNgZIunxbxskyBaj90=s2048,https://www.google.com/maps?cid=11492353852299654587
tokyo-sky-circus-sunshine-60-observation-deck,SKY CIRCUS Sunshine 60 Observation Deck,hero,tokyo/photos/tokyo-sky-circus-sunshine-60-observation-deck/hero.webp,1600,1200,landscape,view,place,skyline|night,Hit U (HIT-1),https://maps.google.com/maps/contrib/109513786942147681574,false,Photo: Hit U (HIT-1) via Google Maps,google-maps-contributor,https://lh3.googleusercontent.com/gps-cs-s/ANWiy9Rqvl54IDef36LnR-MCgHB74WnfOltWwE4HWUiF1YlYtl7mr2ErmcI3J71DMDdy7Llgd7cTHlGYE4AKLaZisYxADyusTtT-6pwYAfh_GFAvaYoXTHZHyOH70NexfL2ZGSfQOWIV=s2048,https://www.google.com/maps?cid=7139538843377084617
tokyo-sky-circus-sunshine-60-observation-deck,SKY CIRCUS Sunshine 60 Observation Deck,alt-1,tokyo/photos/tokyo-sky-circus-sunshine-60-observation-deck/alt-1.webp,1600,1202,landscape,space-interior,place,lively|green,おだわらかまくら,https://maps.google.com/maps/contrib/109669388893894242697,false,Photo: おだわらかまくら via Google Maps,google-maps-contributor,https://lh3.googleusercontent.com/gps-cs-s/ANWiy9THZN3KWjzoQXswiMC1ze3FehfpU74CFr3yr5aauOWhDQrc2oSlCsZztB2y5uUCzqVbsR7eC9zwFaq14j_R6PORWuUH7XSFkDFZWuPdGr3HOWv8zFehM68cUfrzG38icIyPJkiZ=s2048,https://www.google.com/maps?cid=7139538843377084617
tokyo-sky-circus-sunshine-60-observation-deck,SKY CIRCUS Sunshine 60 Observation Deck,alt-2,tokyo/photos/tokyo-sky-circus-sunshine-60-observation-deck/alt-2.webp,1600,1200,landscape,space-interior,place,green|minimal|bright,Chris & Lolo,https://maps.google.com/maps/contrib/102066665442197229266,false,Photo: Chris & Lolo via Google Maps,google-maps-contributor,https://lh3.googleusercontent.com/gps-cs-s/ANWiy9T1S-7ZMOxSIylxH6-Dk4HPJOupELAiDqbaDH2IunQXTjBNFMRvrRDk5yRcz4Cs1wvSkBrsCscg6uCxzHKo2fBoh4dqYJIhOpFPPpgJs65xAhLVmhd0hZDS0KUHbbuex2XVc5TmtFK9T24d=s2048,https://www.google.com/maps?cid=7139538843377084617
tokyo-sky-circus-sunshine-60-observation-deck,SKY CIRCUS Sunshine 60 Observation Deck,alt-3,tokyo/photos/tokyo-sky-circus-sunshine-60-observation-deck/alt-3.webp,1200,1600,portrait,view,place,skyline|design,Juliette R,https://maps.google.com/maps/contrib/103107375621892344197,false,Photo: Juliette R via Google Maps,google-maps-contributor,https://lh3.googleusercontent.com/gps-cs-s/ANWiy9SVd4A0emiKuyqw0qqHMjxxcTi2XoNJ11iC7B-TlVYB21IpLjMWAy5kmb25HobbVYvJiJzDITohjUFtQuAnvuvqeGKYS5MfqT-N1MJz4DsOXxwaCbJ8KyfjZj7Z9SazdgFT0fLN=s2048,https://www.google.com/maps?cid=7139538843377084617
tokyo-sky-lounge-stellar-garden,Sky Lounge Stellar Garden,hero,tokyo/photos/tokyo-sky-lounge-stellar-garden/hero.webp,1280,853,landscape,space-interior,place,night|skyline|moody,Sky Bar & Dining Stellar Garden（旧：スカイラウンジ ステラガーデン）,https://maps.google.com/maps/contrib/102798606521966329291,false,Photo: Sky Bar & Dining Stellar Garden（旧：スカイラウンジ ステラガーデン） via Google Maps,google-maps-contributor,https://lh3.googleusercontent.com/grass-cs/AABkmLeylTTQ3lzTMta09UYK65h9rSU0mlXjLAmqUr6nCSiuxen8JIqvPsGJjmAJ8Buxx7_DHAwEWzoMle_3-0fwJVKAvm2CQntmeUUaCMZna2uGdJfIrozbr_8CVYsHzTsLBqFH2KIRs42mBh0=s2048,https://www.google.com/maps?cid=7716454475835076393
tokyo-sky-lounge-stellar-garden,Sky Lounge Stellar Garden,alt-1,tokyo/photos/tokyo-sky-lounge-stellar-garden/alt-1.webp,1600,1066,landscape,drink,place,night|skyline|moody,Sky Bar & Dining Stellar Garden（旧：スカイラウンジ ステラガーデン）,https://maps.google.com/maps/contrib/102798606521966329291,false,Photo: Sky Bar & Dining Stellar Garden（旧：スカイラウンジ ステラガーデン） via Google Maps,google-maps-contributor,https://lh3.googleusercontent.com/gps-cs-s/ANWiy9SHq94r6R5TOCOWP5KqBE6c3xma9nw_JaSlrrpMZuVRqy8txBuphHxkYNaCuzrqk1o_k-QTwKQVkNfs_4uvBrHq2P9s8eMe-JxewO3Wrgd3yBjz4luoYefdhyXG_BCPcdeN_h0yaUUo0wTU=s2048,https://www.google.com/maps?cid=7716454475835076393
tokyo-sky-lounge-stellar-garden,Sky Lounge Stellar Garden,alt-2,tokyo/photos/tokyo-sky-lounge-stellar-garden/alt-2.webp,1600,1066,landscape,food,place,skyline|daytime|bright,Sky Bar & Dining Stellar Garden（旧：スカイラウンジ ステラガーデン）,https://maps.google.com/maps/contrib/102798606521966329291,false,Photo: Sky Bar & Dining Stellar Garden（旧：スカイラウンジ ステラガーデン） via Google Maps,google-maps-contributor,https://lh3.googleusercontent.com/gps-cs-s/ANWiy9SOmDp-xa6Z-ePGtElkwDgFO1a96KjzgHrNWq-AV5B6AM3AfccXMJxX8iJWbBEKJvahmfZHGgIisnzPj6xwUPTBWHb_YTkmJzrhNawo-znPsExkWsu0ZvL4mNkImRLCuMA7uMW6yllzekSZ=s2048,https://www.google.com/maps?cid=7716454475835076393
tokyo-sky-lounge-stellar-garden,Sky Lounge Stellar Garden,alt-3,tokyo/photos/tokyo-sky-lounge-stellar-garden/alt-3.webp,1280,853,landscape,food,place,minimal,Sky Bar & Dining Stellar Garden（旧：スカイラウンジ ステラガーデン）,https://maps.google.com/maps/contrib/102798606521966329291,false,Photo: Sky Bar & Dining Stellar Garden（旧：スカイラウンジ ステラガーデン） via Google Maps,google-maps-contributor,https://lh3.googleusercontent.com/gps-cs-s/ANWiy9QMT0v5qxaGZLjpxDKT49q3qtRYDl91FmtpA1rgHzKfNZiHiSfOiaEN7vMn7zQk40wYTvRuQMcRSCpYIV_Ot9OQP2vY2ZHhAYFOcJzX1eelhR1I3quMTg15oAaczRBxmZM7h834i0zxAiYO=s2048,https://www.google.com/maps?cid=7716454475835076393
tokyo-smith-wollensky-ginza,Smith & Wollensky GINZA,hero,tokyo/photos/tokyo-smith-wollensky-ginza/hero.webp,1600,1067,landscape,space-interior,place,moody|counter-seating|design,Smith & Wollensky GINZA,https://maps.google.com/maps/contrib/107468634280833010799,true,Photo: Smith & Wollensky GINZA via Google Maps,google-maps-contributor,https://lh3.googleusercontent.com/gps-cs-s/ANWiy9SiVgDVUoweQL0lk58X7aVTFDhXxzaukNepT12jDzbcI2pciEDCOQfieUgs4n9t7wABnz4lswQ_nCzRlR8r8fYSXbYX7DMxr3tIwZzb8QPQItOv7uK2TC9V2trmNGBUgZalywdkzg4qV6HG=s2048,https://www.google.com/maps?cid=11232190018087837493
tokyo-smith-wollensky-ginza,Smith & Wollensky GINZA,alt-1,tokyo/photos/tokyo-smith-wollensky-ginza/alt-1.webp,1600,1067,landscape,space-interior,place,bright|daytime,Smith & Wollensky GINZA,https://maps.google.com/maps/contrib/107468634280833010799,true,Photo: Smith & Wollensky GINZA via Google Maps,google-maps-contributor,https://lh3.googleusercontent.com/gps-cs-s/AHRPTWmlL6Dc-GmVGeUIyoX1g7X16h40gVpkT8ioZtvmDTkP97i_lzADn-fcVN4R7pj0Q1nPnUpffeMPG61e8WTFPuqgppgEpEu4wihfLr40ogUUUTW8Kj19F9kpee_f7hZiVrtUN7ldzYPfoEys=s2048,https://www.google.com/maps?cid=11232190018087837493
tokyo-smith-wollensky-ginza,Smith & Wollensky GINZA,alt-2,tokyo/photos/tokyo-smith-wollensky-ginza/alt-2.webp,1600,1067,landscape,food,place,bright,Smith & Wollensky GINZA,https://maps.google.com/maps/contrib/107468634280833010799,true,Photo: Smith & Wollensky GINZA via Google Maps,google-maps-contributor,https://lh3.googleusercontent.com/gps-cs-s/ANWiy9QQAb75JqHoC3G1vrNlcTO0FlqNiKhNoFX-WmYdwME2cp9xOXzU1hIyPjNqDN4pvoOa04qwWo-91rOBEVn_R9H6C8xj9jy_8Hu5f598EgDsoqZWY3Dn-rsE2jjEICuPhUWRgBCYhpfs40Ck=s2048,https://www.google.com/maps?cid=11232190018087837493
tokyo-smith-wollensky-ginza,Smith & Wollensky GINZA,alt-3,tokyo/photos/tokyo-smith-wollensky-ginza/alt-3.webp,1600,1067,landscape,food,place,intimate,Smith & Wollensky GINZA,https://maps.google.com/maps/contrib/107468634280833010799,true,Photo: Smith & Wollensky GINZA via Google Maps,google-maps-contributor,https://lh3.googleusercontent.com/gps-cs-s/ANWiy9QmbpSJAH1I1CI1zb2hpp9S9f4znCkwkwbiQmu6TGj5EZo9NOjcWyz0IrtUdYW00SxJDeaV2V-URToMYn6KclLgegNLIRfSfOcSJGuy4Pqi3X6Ms9LRWa-fSK6lvZDtFFmxZ64HPhHouau5=s2048,https://www.google.com/maps?cid=11232190018087837493
tokyo-solakzade,SOLAKZADE,hero,tokyo/photos/tokyo-solakzade/hero.webp,1024,682,landscape,space-interior,place,moody|retro|design,ソラックザーデ,https://maps.google.com/maps/contrib/112210710400321254306,false,Photo: ソラックザーデ via Google Maps,google-maps-contributor,https://lh3.googleusercontent.com/gps-cs-s/AHRPTWleXlIN2UHDtpGmJeXSs2vFOGxSbdxw1nSUDARXq_zokfZLRn7ilSZoUd7q5nA7_9hD2OsDR92HCB-VifRpom_lJgbBijyyHZfqRgkz8ovmXRaOJP09PtrvAa1Z_5PD7Zl3mGg=s2048,https://www.google.com/maps?cid=13839682234048075613
tokyo-solakzade,SOLAKZADE,alt-1,tokyo/photos/tokyo-solakzade/alt-1.webp,1531,1018,landscape,space-exterior,place,night|moody,ソラックザーデ,https://maps.google.com/maps/contrib/112210710400321254306,false,Photo: ソラックザーデ via Google Maps,google-maps-contributor,https://lh3.googleusercontent.com/grass-cs/ACvplmOvmqWkL6fgun9EQrzBbxtkcmBIST0_9rpnRhF49T4BopuE6UBb_z2Gg5xhAlckKBJTr6_LPlvg19B-HTrHi7h4_CsukT5k8cUAbtxo0l7HXlzbYsbu5UDE58qJQgLA4Z9zgXMH4ndmUEgN=s2048,https://www.google.com/maps?cid=13839682234048075613
tokyo-solakzade,SOLAKZADE,alt-2,tokyo/photos/tokyo-solakzade/alt-2.webp,1566,1046,landscape,detail,place,retro|moody,ソラックザーデ,https://maps.google.com/maps/contrib/112210710400321254306,false,Photo: ソラックザーデ via Google Maps,google-maps-contributor,https://lh3.googleusercontent.com/gps-cs-s/AHRPTWlrvqbvZqxcpkmb_FiDXV9k6A_nElxeNZqOO6hqf-PU-Qi42CYEaERB3KhGZditnijR7eFnovUFH8_ZyIPq2RI5CC-mHv_nJeWKPWkib_ZWD4zi5hTOrqBxPHmDs82Bxq9_PMGjWQ=s2048,https://www.google.com/maps?cid=13839682234048075613
tokyo-solakzade,SOLAKZADE,alt-3,tokyo/photos/tokyo-solakzade/alt-3.webp,1568,1045,landscape,detail,place,retro,ソラックザーデ,https://maps.google.com/maps/contrib/112210710400321254306,false,Photo: ソラックザーデ via Google Maps,google-maps-contributor,https://lh3.googleusercontent.com/gps-cs-s/AHRPTWnPbk5AIFwzDNg4n2t8c9jTGmaXgr2vA99sKWl7ZQBt2_98CydKY8A8ZyvS7t5vKUhNniJjjxGk7F_siMlAR6WvtbYZc6mP6xI_9miOWb9gZbT0kRs7CSlOW9Gz9ASUEYtqcAWl=s2048,https://www.google.com/maps?cid=13839682234048075613
tokyo-stabler-shimokitazawa-meatsand,Stabler Shimokitazawa Meatsand,hero,tokyo/photos/tokyo-stabler-shimokitazawa-meatsand/hero.webp,1568,1044,landscape,food,place,cozy|bright,STABLER Shimokitazawa Meatsand 下北沢 カフェ/サンドイッチ,https://maps.google.com/maps/contrib/114739151940395208069,false,Photo: STABLER Shimokitazawa Meatsand 下北沢 カフェ/サンドイッチ via Google Maps,google-maps-contributor,https://lh3.googleusercontent.com/gps-cs-s/AHRPTWly3WmfmWFndtARveCbXsiTtMr9om2rLfN8OQHxPnfd4h_38c3gzgXGPLszb3oHealMqKAlNb9Ec-43ZXPFsLXgCVK4uIC2GVccEUiWns48SqoCRfVuW6Otj1XauMxKSPgcYYyG=s2048,https://www.google.com/maps?cid=17216587087337433764
tokyo-stabler-shimokitazawa-meatsand,Stabler Shimokitazawa Meatsand,alt-1,tokyo/photos/tokyo-stabler-shimokitazawa-meatsand/alt-1.webp,1600,1205,landscape,space-interior,place,cozy|retro,Seth Luan,https://maps.google.com/maps/contrib/100205563857617757256,false,Photo: Seth Luan via Google Maps,google-maps-contributor,https://lh3.googleusercontent.com/gps-cs-s/AHRPTWn1fBWlkNqGGlapdBkJEBFRAj2ROPdi8J_NaozZ6kYzu6gEs4OdXtD2syxEP8CRw9_RIM-7-58Dm9fQWFuQOeKVH3DsRxscPYuaJt0oMim1etwGSWp25_bnJJXN2IFo0DrzpevIBP4mQRA=s2048,https://www.google.com/maps?cid=17216587087337433764
tokyo-stabler-shimokitazawa-meatsand,Stabler Shimokitazawa Meatsand,alt-2,tokyo/photos/tokyo-stabler-shimokitazawa-meatsand/alt-2.webp,1600,1200,landscape,food,place,cozy,Eugene Timothy,https://maps.google.com/maps/contrib/114581985538010150994,false,Photo: Eugene Timothy via Google Maps,google-maps-contributor,https://lh3.googleusercontent.com/gps-cs-s/AHRPTWmljEbbF562GnBIqR_2n6Zmad0cCs_vPBeMzIlcntfyueGRVXwMongjB-T-gfe_qp6AIfsEgrYaBNFoBKOvCBWmxIctr7U1lIipkdXcmaRF_JXeaonKIpQ_lX6bvfCFsd-He7u5iDnNWFnj=s2048,https://www.google.com/maps?cid=17216587087337433764
tokyo-stabler-shimokitazawa-meatsand,Stabler Shimokitazawa Meatsand,alt-3,tokyo/photos/tokyo-stabler-shimokitazawa-meatsand/alt-3.webp,1200,1600,portrait,space-exterior,place,street|daytime,Tomo F,https://maps.google.com/maps/contrib/104129192222759785728,false,Photo: Tomo F via Google Maps,google-maps-contributor,https://lh3.googleusercontent.com/gps-cs-s/AHRPTWly8Q7WvyLMTNOWUzCD9k_36ZFTjt2KPjM-jM2WdVGCturxk0nK0doML1h5nlsh_o-dAFwQ1I5HqoMQznJYiucButZoenMowz8v79ZIk0CduLz905EX1oJyC2uaGjjmrLw0yW7Zt795oLY=s2048,https://www.google.com/maps?cid=17216587087337433764
tokyo-staff-only,Staff Only / スタッフオンリー,hero,tokyo/photos/tokyo-staff-only/hero.webp,1600,1066,landscape,space-interior,place,counter-seating|cozy|design,Staff Only / スタッフオンリー,https://maps.google.com/maps/contrib/117735328780164273586,false,Photo: Staff Only / スタッフオンリー via Google Maps,google-maps-contributor,https://lh3.googleusercontent.com/grass-cs/AABkmLe8zqnhptVGbtAdMpKpr95y-XM3gayaMHtPioDXV7qbbYrrDcEPPMWGWsA9RkOVqmYIlNHKKGO1CVgjniIiqSJhgxG_IGwAGSoAmOrkDeqy5BZkI0BloBEFcyDY7vJrwwn4Ip47ZQ=s2048,https://www.google.com/maps?cid=32270605118108552
tokyo-staff-only,Staff Only / スタッフオンリー,alt-1,tokyo/photos/tokyo-staff-only/alt-1.webp,1600,898,landscape,food,place,intimate,Staff Only / スタッフオンリー,https://maps.google.com/maps/contrib/117735328780164273586,false,Photo: Staff Only / スタッフオンリー via Google Maps,google-maps-contributor,https://lh3.googleusercontent.com/gps-cs-s/AHRPTWmmGwDdT93w6YG-K_0L02n1hhi0ERc0VKwZxXz1wcpcDDJZRkslc7PwUUzSvHeb-NPBKW2J5tYzXxvM_3V14s7deug_p1MAohOd5T5bga00wIM1kBPUG4k-8hdaRbLbGhOy76_fOtQfdHE=s2048,https://www.google.com/maps?cid=32270605118108552
tokyo-staff-only,Staff Only / スタッフオンリー,alt-2,tokyo/photos/tokyo-staff-only/alt-2.webp,1600,1600,square,space-interior,place,moody|intimate,mynamestsukasa,https://maps.google.com/maps/contrib/113436416728761154730,false,Photo: mynamestsukasa via Google Maps,google-maps-contributor,https://lh3.googleusercontent.com/gps-cs-s/AHRPTWn7V3YRm0YOikCAnL6QLyQZTo6b5Ho7J6eXMZgR9Xti_rBeehSQkeRAIpam3rWVIYMlzX7Sr8rX9AVEnIkeEPDQRAX2VuKGKQFs0Z1Vr5mAGmgLFR1HBkOYmwgHEJgeaXTFQZCFwEm3v1s=s2048,https://www.google.com/maps?cid=32270605118108552
tokyo-staff-only,Staff Only / スタッフオンリー,alt-3,tokyo/photos/tokyo-staff-only/alt-3.webp,1600,1066,landscape,food,place,minimal,Staff Only / スタッフオンリー,https://maps.google.com/maps/contrib/117735328780164273586,false,Photo: Staff Only / スタッフオンリー via Google Maps,google-maps-contributor,https://lh3.googleusercontent.com/gps-cs-s/AHRPTWnUOd986-hTRxXpEHeyeAWIoAthL1w7OyzyYEmSpNmiYVu9DtzGBwf8nkaNJQfg7Jz__SbfiPz3UW6ThCQnBY3d-rnuXjFcFyFqvyA6skgPWBbqCBr5ZVmnqSX8hBKZZLDbmU0WzZZI2N4=s2048,https://www.google.com/maps?cid=32270605118108552
tokyo-steak-shinoda,Steak Shinoda,hero,tokyo/photos/tokyo-steak-shinoda/hero.webp,1600,1200,landscape,space-exterior,place,street|retro|green,taka taka,https://maps.google.com/maps/contrib/115922919153305746197,false,Photo: taka taka via Google Maps,google-maps-contributor,https://lh3.googleusercontent.com/gps-cs-s/AHRPTWn9A1VQcVf_po4pyBprmcw7cx4XYqekKRMcS_bXHVtK5q-N648Ptenu4Nx0PrYbX4XJf7w94zf2AhCAJsuYw4A6Hwiy8XRkbn1hLctY4Z-6YTUyc9y1143TWqxGk7etlQRENFmxbtWBz6lv=s2048,https://www.google.com/maps?cid=2187917094597413500
tokyo-steak-shinoda,Steak Shinoda,alt-1,tokyo/photos/tokyo-steak-shinoda/alt-1.webp,1280,720,landscape,food,place,cozy,Yok moK,https://maps.google.com/maps/contrib/108984672307843001895,false,Photo: Yok moK via Google Maps,google-maps-contributor,https://lh3.googleusercontent.com/gps-cs-s/AHRPTWkgAJXEDaETQT5VjSp76RpkxnqDBvgh30imXP8WY6DJ_xymVUwfOIyBvzTWgw1ximT4jc523rJexFLhguZgaqblPXUGkddDQ5k5lZroaJj2F_vQ-KDwqsnjX_mxgQ6nRi6veOGpZIdovlJx=s2048,https://www.google.com/maps?cid=2187917094597413500
tokyo-steak-shinoda,Steak Shinoda,alt-2,tokyo/photos/tokyo-steak-shinoda/alt-2.webp,1600,1200,landscape,space-interior,place,retro|counter-seating,Yok moK,https://maps.google.com/maps/contrib/108984672307843001895,false,Photo: Yok moK via Google Maps,google-maps-contributor,https://lh3.googleusercontent.com/gps-cs-s/AHRPTWl1DLIp-zjbw0n7jVA97gjRLv3KPF2bh6JALDgNEEqapzjrbXYOvoDDgKw6L_-vTqW73rOLb_iOE7QiHKzZSLQ6VfuP2ZEOQwI7hVcsVNjkr---Tq2lydGwc6aXoC8S4Ln_II1o1kyJIeW9=s2048,https://www.google.com/maps?cid=2187917094597413500
tokyo-steak-shinoda,Steak Shinoda,alt-3,tokyo/photos/tokyo-steak-shinoda/alt-3.webp,1600,1200,landscape,drink,place,retro|cozy,taka taka,https://maps.google.com/maps/contrib/115922919153305746197,false,Photo: taka taka via Google Maps,google-maps-contributor,https://lh3.googleusercontent.com/gps-cs-s/AHRPTWmLV_4_7l49GOlb2BO33Zjd1XrKeY7HwHKgw_f0He_9FHCq1zj1okpTCxTYTelJzjIRojrKHB-kLG-JK-o5Y5Y5VjBSRmSFO28edg2p1NCvg0B0_mKg9H5faAPCD6QcPxlG_YgWAtGAcWzR=s2048,https://www.google.com/maps?cid=2187917094597413500
tokyo-streamer-coffee-company-harajuku,Streamer Coffee Company Harajuku,hero,tokyo/photos/tokyo-streamer-coffee-company-harajuku/hero.webp,1600,1200,landscape,space-exterior,place,street|daytime|bright,Nicholas Galea,https://maps.google.com/maps/contrib/103786507242225431321,false,Photo: Nicholas Galea via Google Maps,google-maps-contributor,https://lh3.googleusercontent.com/grass-cs/ACvplmMWjOqIjWsn0S0JrR15j6H3unz6ocw76N26yMUhN_apGBHJHElDPafMDVIUsaO5nQDBl1HWuLmJx5mcXfbRB-F_qku3c3zlhO0YUWIUMl3514jAOInua1qAXyUAKPZjRLnOzAvexw=s2048,https://www.google.com/maps?cid=5883487909412391038
tokyo-streamer-coffee-company-harajuku,Streamer Coffee Company Harajuku,alt-1,tokyo/photos/tokyo-streamer-coffee-company-harajuku/alt-1.webp,1600,1200,landscape,drink,place,cozy,LOLAN,https://maps.google.com/maps/contrib/109661388054878972105,false,Photo: LOLAN via Google Maps,google-maps-contributor,https://lh3.googleusercontent.com/gps-cs-s/ANWiy9T6Ajpo6BD9n8mf3m1L1flckdyGOeLgxcHK-9mCyRXblDuBRO8t80ICEckXnrpv3zq0abUUoHCOkk82ZbK2-G2ZLGgYeJrPpx3Qw4KQ-6cNQr6eExmfNqhoLsBZt-tKdKx6LwSGWg=s2048,https://www.google.com/maps?cid=5883487909412391038
tokyo-streamer-coffee-company-harajuku,Streamer Coffee Company Harajuku,alt-2,tokyo/photos/tokyo-streamer-coffee-company-harajuku/alt-2.webp,1200,1600,portrait,drink,place,minimal,Sam Odom,https://maps.google.com/maps/contrib/114032100229433089703,false,Photo: Sam Odom via Google Maps,google-maps-contributor,https://lh3.googleusercontent.com/gps-cs-s/ANWiy9SEzpK7n1swyhMtKhXy5TTslptuPbkEuyCz4RxRpFdsHItcYYbNKb_o1pVjN2Z5pYZSKvAwBplyu0KIkXI1QPCoXHX4zy4RLZ4zLNmVPwo13QmLnoapV1EWLIup1b5G6LYEMYxyDOAEZ-xP=s2048,https://www.google.com/maps?cid=5883487909412391038
tokyo-streamer-coffee-company-harajuku,Streamer Coffee Company Harajuku,alt-3,tokyo/photos/tokyo-streamer-coffee-company-harajuku/alt-3.webp,1200,1600,portrait,food,place,cozy,羽野瑛怜菜,https://maps.google.com/maps/contrib/102809227782594259529,false,Photo: 羽野瑛怜菜 via Google Maps,google-maps-contributor,https://lh3.googleusercontent.com/gps-cs-s/ANWiy9QJzFU0RBTK3XkVQKXJpmRozmLqeJL17Av4h7V0YyY2aOtb2dBLQrFkkrto1gAq4h-Po47JOVXb9i96oWeRSkLi6h4RRO8sYXNoBqffMR2gmFy-yAhjRj0-_wiOK0ogX-1wYmhZ7NN-ICtB=s2048,https://www.google.com/maps?cid=5883487909412391038
tokyo-studious,STUDIOUS,hero,tokyo/photos/tokyo-studious/hero.webp,1568,1044,landscape,space-exterior,place,minimal|design|daytime,STUDIOUS MENS 原宿本店,https://maps.google.com/maps/contrib/101115658458474786340,false,Photo: STUDIOUS MENS 原宿本店 via Google Maps,google-maps-contributor,https://lh3.googleusercontent.com/grass-cs/ACvplmMIMsUQn0SxO4Ntplh0gpH_osqCh7c2ea83XbIzrM_sA9EchvmTT8WCM24Pw1c6OEYgXeZND_vvtypOgUxvl-Hm8XOol5m9PK5eZJ0woz0ic6q2EPWcKrZr-CUj3qi0qPl3OL2d=s2048,https://www.google.com/maps?cid=1866076482263598366
tokyo-studious,STUDIOUS,alt-1,tokyo/photos/tokyo-studious/alt-1.webp,1568,1044,landscape,space-interior,place,minimal|design|bright,STUDIOUS MENS 原宿本店,https://maps.google.com/maps/contrib/101115658458474786340,false,Photo: STUDIOUS MENS 原宿本店 via Google Maps,google-maps-contributor,https://lh3.googleusercontent.com/gps-cs-s/ANWiy9SniwqmLAWz_C-YZXQofRJD_CU9FJzJas45O6O89XWGJLEnXhAjLQdgy0xii2Sv6DaW5Cpb9bajJSht0p3PJ-dhSbBZEy6O2jtsXvGYAnmuzT0IEQzf1qbPXWWiu-U8WgAuyla2NA=s2048,https://www.google.com/maps?cid=1866076482263598366
tokyo-studious,STUDIOUS,alt-2,tokyo/photos/tokyo-studious/alt-2.webp,1069,1600,portrait,space-exterior,place,daytime|design|minimal,Torben Mauch,https://maps.google.com/maps/contrib/115102307186632409206,false,Photo: Torben Mauch via Google Maps,google-maps-contributor,https://lh3.googleusercontent.com/gps-cs-s/ANWiy9S1bhBsPbsHGglQVSUO3-2ftBq4ZRYH0PrPq2dSvVaosYPcL2AmT89rJl0kKqEYMvFiVwFt5NmL2iHpuKnfIUeXBwCU-ywXjV_tva1W7o9Ftlglf-_ocuHZUJiAp6h4gUl7Iy4=s2048,https://www.google.com/maps?cid=1866076482263598366
tokyo-suntory-museum-of-art,Suntory Museum of Art,hero,tokyo/photos/tokyo-suntory-museum-of-art/hero.webp,1600,1200,landscape,art,place,moody|retro,小林博志,https://maps.google.com/maps/contrib/116780851316436381347,false,Photo: 小林博志 via Google Maps,google-maps-contributor,https://lh3.googleusercontent.com/gps-cs-s/AHRPTWmk5Ek6KfuQNwXOrp9_peaBb5jH1m47mswxZrB_rR0T7wurImjUsl4xgpw_jq_FND8zg3AQwCLCjePRVeMMkkk3YM9CykBk3gOu0vXfSWWcBaAfVB797F53ljRlP-Wf8AFG3A6ad1qUmL_V=s2048,https://www.google.com/maps?cid=14020352385368736296
tokyo-suntory-museum-of-art,Suntory Museum of Art,alt-1,tokyo/photos/tokyo-suntory-museum-of-art/alt-1.webp,960,1280,portrait,space-interior,place,design|minimal|serene,Alessio Guarino,https://maps.google.com/maps/contrib/117152515343017152348,false,Photo: Alessio Guarino via Google Maps,google-maps-contributor,https://lh3.googleusercontent.com/gps-cs-s/AHRPTWm4vz2DgSaTZ9lFEta-4CqWH6Vb5GlH-UGO6pKloucZ0XKlnHGmbWbBUQktjrsIyn6kA7pk13i9uDALroCDynB4L3u4cg2K8j1So_8rthsYhyMZt01KGp-VG1mGESV3ywfX-Xt8IA=s2048,https://www.google.com/maps?cid=14020352385368736296
tokyo-suntory-museum-of-art,Suntory Museum of Art,alt-2,tokyo/photos/tokyo-suntory-museum-of-art/alt-2.webp,1600,1230,landscape,art,place,minimal,S M,https://maps.google.com/maps/contrib/110093840388230309771,false,Photo: S M via Google Maps,google-maps-contributor,https://lh3.googleusercontent.com/gps-cs-s/AHRPTWl3QvIaG5iJglY6MnyfFcMut3ncFhXrOsP2-KPedFWKo1hydZfjkTBb-h9psBanuHLx3yMXELjOvbDvufacrCg9oHeNKpLbm5RM-Unp5hORIE6o2c4wkeWvvAoNjZoRur7NjXPy8w=s2048,https://www.google.com/maps?cid=14020352385368736296
tokyo-suntory-museum-of-art,Suntory Museum of Art,alt-3,tokyo/photos/tokyo-suntory-museum-of-art/alt-3.webp,900,1600,portrait,art,place,design,秀典榎戸,https://maps.google.com/maps/contrib/115340265197349008751,false,Photo: 秀典榎戸 via Google Maps,google-maps-contributor,https://lh3.googleusercontent.com/gps-cs-s/AHRPTWk3C5n2Igrrbml0kyGr_eDqXn7HujOPic_-ApniFWRZPR25-861HNgR78xH9VnAKEUZ94l66JOV44E5tGvb3ktuRlZtYrc3DgEaPYMy-mOZva5DGW2ryG4h33sE8POydG_kk9d0eg=s2048,https://www.google.com/maps?cid=14020352385368736296
tokyo-sushi-kakida,Sushi Kakida,hero,tokyo/photos/tokyo-sushi-kakida/hero.webp,1600,1200,landscape,space-interior,place,daytime|counter-seating|minimal,Simon Souksanh,https://maps.google.com/maps/contrib/102422971455326906426,false,Photo: Simon Souksanh via Google Maps,google-maps-contributor,https://lh3.googleusercontent.com/gps-cs-s/AHRPTWkkR1igRqZqzcXoJewIR2hRy0XUm207z5vlpNpp8CsuxNkjkoagO6-YY-jdVHDdUUuHAYTzYe-JJqqS5_zyzYmC4uM3V9ybKxdANsJQt1C0-Hd_0gk80mYhwegXa_DVC6fBCMcTvctCCng=s2048,https://www.google.com/maps?cid=1404802326859454428
tokyo-sushi-kakida,Sushi Kakida,alt-1,tokyo/photos/tokyo-sushi-kakida/alt-1.webp,1600,1200,landscape,food,place,bright,Kevin Lo,https://maps.google.com/maps/contrib/108616883074799389833,false,Photo: Kevin Lo via Google Maps,google-maps-contributor,https://lh3.googleusercontent.com/gps-cs-s/AHRPTWldJpurKw2twKKt8A1f955jblX35AL4_2kH_U9mfmzolSmIwESh9jCO9W0D_T15O-GRMs9VXKFDaeVfyeTn9bEmqZuI1NjhT5XDpiDTUc66nUds6aWtSXcCCG2MklRrddc2EbBOf5BWAII=s2048,https://www.google.com/maps?cid=1404802326859454428
tokyo-sushi-kakida,Sushi Kakida,alt-2,tokyo/photos/tokyo-sushi-kakida/alt-2.webp,1600,1200,landscape,food,place,counter-seating,Cindy Wong,https://maps.google.com/maps/contrib/117929005856265210118,false,Photo: Cindy Wong via Google Maps,google-maps-contributor,https://lh3.googleusercontent.com/gps-cs-s/AHRPTWlffFLdCu0j8JLD02W0I1hf_1iwJmfNPB6VC9ncA8Y0pFSSqOpDgDPIJJHD94-y0UCacG9zf0yjg-a4yrFa6FOMwLiMe8behDLYIy9BqnefFiaSreFsPjFx7xwa9_4EZnfGAbSTRfE4qMXK=s2048,https://www.google.com/maps?cid=1404802326859454428
tokyo-sushi-kakida,Sushi Kakida,alt-3,tokyo/photos/tokyo-sushi-kakida/alt-3.webp,1600,1066,landscape,food,place,minimal,かきだ鮨 新宿総本店,https://maps.google.com/maps/contrib/116163714128477870920,false,Photo: かきだ鮨 新宿総本店 via Google Maps,google-maps-contributor,https://lh3.googleusercontent.com/gps-cs-s/AHRPTWnQehi9mJIWIJMD3edoTiHB6wcZH7vOYdafZcBg30sz9zVv5gTTm3KK1uPEBXVtQDf1veJlLWbOJXIX4TU6IS6x4YkXARsf93vc9393_VGOjgcGlFf5xFW84AWTgXZCiCz4cXpE=s2048,https://www.google.com/maps?cid=1404802326859454428
tokyo-sushi-takehan-wakatsuki,Sushi Takehan Wakatsuki,hero,tokyo/photos/tokyo-sushi-takehan-wakatsuki/hero.webp,1600,1066,landscape,space-interior,place,counter-seating|minimal|intimate,鮨 竹半 若槻,https://maps.google.com/maps/contrib/112115206768641505325,false,Photo: 鮨 竹半 若槻 via Google Maps,google-maps-contributor,https://lh3.googleusercontent.com/gps-cs-s/AHRPTWmXlh2VAGeGMNYTj1T9ekJfwm_bjVDOG8DzFWQZyZ7-1eBLtkKExJGBs1mKJ_jD_ij9Bg9Ivl6gI3B2ExZRGZIhkpgYRXs9j3B4Z_xOwae4FzN2ArgUmzPoGf-x9XzKA-vAOwxvZp8t8uHY=s2048,https://www.google.com/maps?cid=14333090781822186769
tokyo-sushi-takehan-wakatsuki,Sushi Takehan Wakatsuki,alt-1,tokyo/photos/tokyo-sushi-takehan-wakatsuki/alt-1.webp,1600,1066,landscape,food,place,moody|minimal,鮨 竹半 若槻,https://maps.google.com/maps/contrib/112115206768641505325,false,Photo: 鮨 竹半 若槻 via Google Maps,google-maps-contributor,https://lh3.googleusercontent.com/gps-cs-s/AHRPTWk8TOV18MVi8UKgJkLsSaeS-rQYc02MyZW18NfRybwUJPq3nv0BDnBIC5Be_FujDGuCuUMd6F1o9YYWK3dEa0aIqM1T6fhdfYFPRfdkf69RRrCwcU1oY4gEMEcK26Qmf1JGt1imsxrNlNEz=s2048,https://www.google.com/maps?cid=14333090781822186769
tokyo-sushi-takehan-wakatsuki,Sushi Takehan Wakatsuki,alt-2,tokyo/photos/tokyo-sushi-takehan-wakatsuki/alt-2.webp,1600,1066,landscape,food,place,moody,鮨 竹半 若槻,https://maps.google.com/maps/contrib/112115206768641505325,false,Photo: 鮨 竹半 若槻 via Google Maps,google-maps-contributor,https://lh3.googleusercontent.com/gps-cs-s/AHRPTWliz5SfCv8ZC2y9uVwv57XLB3xi00iZOaK-pFAba7nuj9zhTYj1Dzht8v_oAd67yqS3Kj9UMS2vPYmzWvp0TYj1F4rDDRyo0geMdgI2_ytyzL9eW2ClZKPDP05xw7GH4PKkHRmEGvIq5ThF=s2048,https://www.google.com/maps?cid=14333090781822186769
tokyo-sushi-takehan-wakatsuki,Sushi Takehan Wakatsuki,alt-3,tokyo/photos/tokyo-sushi-takehan-wakatsuki/alt-3.webp,1600,1200,landscape,food,place,counter-seating|minimal,鮨 竹半 若槻,https://maps.google.com/maps/contrib/112115206768641505325,false,Photo: 鮨 竹半 若槻 via Google Maps,google-maps-contributor,https://lh3.googleusercontent.com/gps-cs-s/AHRPTWnIcreiE3VYkSpvWzXGdCdju5LrfUux1ya7fSMgd7WxgS-D1bUp7n-qcGd7uBUk942v5FNzYZVuD24CwNuEgBQ2s8oqrYR9H6TkZf_PE1Gb7Yu-6yQIVxG7aoREad_oz-KJgRMHO16AhcYq=s2048,https://www.google.com/maps?cid=14333090781822186769
tokyo-sushi-tsu,Sushi Tsu,hero,tokyo/photos/tokyo-sushi-tsu/hero.webp,1320,865,landscape,space-exterior,place,night|moody|garden|minimal,江戸前鮓 すし通,https://maps.google.com/maps/contrib/110977107682293133536,false,Photo: 江戸前鮓 すし通 via Google Maps,google-maps-contributor,https://lh3.googleusercontent.com/gps-cs-s/AHRPTWlrCuOGsMct1Nu1cHKuMEenuKF54Esa5xq_cE3Qjv9FWAtHwoDkwoHSO1y9224fZKonlwXy454fsL3uTp1-OySNMbcvfgQsDyCUDLHnvfgU5I5ADApVb2S4kcEuuYz7KtOnvDJaf_iBS60i=s2048,https://www.google.com/maps?cid=9822530245219539831
tokyo-sushi-tsu,Sushi Tsu,alt-1,tokyo/photos/tokyo-sushi-tsu/alt-1.webp,1320,998,landscape,food,place,moody,江戸前鮓 すし通,https://maps.google.com/maps/contrib/110977107682293133536,false,Photo: 江戸前鮓 すし通 via Google Maps,google-maps-contributor,https://lh3.googleusercontent.com/gps-cs-s/AHRPTWle96ahNnhDgEta3VAYpdTwxiUA0nuhJOEMg17W2b4dNECV2zMgAEgFTF-ypnd2G9v1mCmbEnPXJibJsS7TdmdjgVBp1VLmTHMGKzazrkBGsDCnDQ6njnt5-bl8GzIAYgBnvsvNTRHpRO28=s2048,https://www.google.com/maps?cid=9822530245219539831
tokyo-sushi-tsu,Sushi Tsu,alt-2,tokyo/photos/tokyo-sushi-tsu/alt-2.webp,900,1600,portrait,space-interior,place,counter-seating|lively,Thomas Wohlfahrtstätter,https://maps.google.com/maps/contrib/102279494715890169052,false,Photo: Thomas Wohlfahrtstätter via Google Maps,google-maps-contributor,https://lh3.googleusercontent.com/grass-cs/ACvplmPVvQfFSiLKro9GukwBd4Bi6wOSC0imRIsn8plDuyaj-a4kOzgIQRzvo8aVVf1P7pr3jEp3dMa0Ej7uNBPopDYlRUgKzuUutet0E6Vuejnmy_Cj_kzo7KfIcMuR3iEu2j2izUsftose30X1=s2048,https://www.google.com/maps?cid=9822530245219539831
tokyo-sushi-tsu,Sushi Tsu,alt-3,tokyo/photos/tokyo-sushi-tsu/alt-3.webp,1320,1417,square,food,place,minimal,江戸前鮓 すし通,https://maps.google.com/maps/contrib/110977107682293133536,false,Photo: 江戸前鮓 すし通 via Google Maps,google-maps-contributor,https://lh3.googleusercontent.com/gps-cs-s/AHRPTWlAYa9g_N8LWICxTlyKZy1ts6SBLbra9HupmvJNiXebE_nh8q-J8TgdEmaQgmPXKxr3R51RG68JBrzdLdo_tSpiPskVExCaquxs5w8qvxCQJJLLwhiMf9qo4lomw7-u4Nahtc-xNjo44nu9=s2048,https://www.google.com/maps?cid=9822530245219539831
tokyo-sushi-yoshikawa-kaido-shinjuku,Sushi Yoshikawa Kaido Shinjuku,hero,tokyo/photos/tokyo-sushi-yoshikawa-kaido-shinjuku/hero.webp,1600,1066,landscape,space-interior,place,counter-seating|cozy,よしかわ海道新宿,https://maps.google.com/maps/contrib/104160429097780153194,false,Photo: よしかわ海道新宿 via Google Maps,google-maps-contributor,https://lh3.googleusercontent.com/gps-cs-s/ANWiy9TLfS1Bxw6Evdv5RBHiIuK3j8BGTMIE4p8ZT3Wbno2hXYyNiYUUDO8YxT9IwqB5z06P1td7rpIKQ3ZaaZU8qiX_MhtwRI4dPwxRzaxsdA5HYVDVpIBOH8MXrcWfQERAgYVG7YJEFB4Uz2jP=s2048,https://www.google.com/maps?cid=6928226005768125696
tokyo-sushi-yoshikawa-kaido-shinjuku,Sushi Yoshikawa Kaido Shinjuku,alt-1,tokyo/photos/tokyo-sushi-yoshikawa-kaido-shinjuku/alt-1.webp,1600,1066,landscape,food,place,bright,よしかわ海道新宿,https://maps.google.com/maps/contrib/104160429097780153194,false,Photo: よしかわ海道新宿 via Google Maps,google-maps-contributor,https://lh3.googleusercontent.com/gps-cs-s/AHRPTWlv5twbeIenGEKDo7qmUXFiWbN_gwv8ryoAnK0gDux0u3jWtj2_Nlx22De69fdH0vDkutWGLrykjnCo_lfHQPuEHhKjtuUdRs5hi3upZMkZJptw1OT_r7qeaLsA60hp88t_8iEvEMWIFC0=s2048,https://www.google.com/maps?cid=6928226005768125696
tokyo-sushi-yoshikawa-kaido-shinjuku,Sushi Yoshikawa Kaido Shinjuku,alt-2,tokyo/photos/tokyo-sushi-yoshikawa-kaido-shinjuku/alt-2.webp,1600,1200,landscape,food,place,counter-seating,TATSU NAKA,https://maps.google.com/maps/contrib/106473709790994147331,false,Photo: TATSU NAKA via Google Maps,google-maps-contributor,https://lh3.googleusercontent.com/gps-cs-s/AHRPTWl2LodKzAeOKqJzmLvt-jHoNTSin3M_t8LnNQJSc2zCzJvy0NeAIimxPsDXhNn_jK_VrNv1Rw_ILrv9brZcQNayJCGkXC-UJ1le5CB72G-9wbLDgA5sZqim9BMsxQi7Jesk-ym1q7Q6xKvh=s2048,https://www.google.com/maps?cid=6928226005768125696
tokyo-sushi-yoshikawa-kaido-shinjuku,Sushi Yoshikawa Kaido Shinjuku,alt-3,tokyo/photos/tokyo-sushi-yoshikawa-kaido-shinjuku/alt-3.webp,1600,1200,landscape,food,place,bright,Nancy Nguyen,https://maps.google.com/maps/contrib/112107175453283327231,false,Photo: Nancy Nguyen via Google Maps,google-maps-contributor,https://lh3.googleusercontent.com/gps-cs-s/AHRPTWloE8SJb_zHVUpthUTBUC-ELcoKCe7xYfuRCenRRVHllMbHrzHgR_wXPKikWcrGy9Cw7zoXPoAlbQ4Q6WwkYevXHxipOiWlPvpsR6gVh56D4yInVQlcvB6HBuVW6txTyStkHMQaCnD8-RA=s2048,https://www.google.com/maps?cid=6928226005768125696
tokyo-sushi-yuu,Sushi Yuu,hero,tokyo/photos/tokyo-sushi-yuu/hero.webp,1600,1200,landscape,food,place,counter-seating|cozy,Rie Kotari,https://maps.google.com/maps/contrib/103352002057887601126,false,Photo: Rie Kotari via Google Maps,google-maps-contributor,https://lh3.googleusercontent.com/gps-cs-s/ANWiy9SQCGapAe5fFxHCnzC5Xz8dkIv1QOGjwAbjQfeDl2wRnxr6lJI7zJtsSGSpnAedWgayAxry5qoLZ1EE51tmLx6TwYwlRWMQyhE4JJQ36qCaa4-3pfWIMYaIBo-I2spgzcsynI9HAYglstHf=s2048,https://www.google.com/maps?cid=17853928035341424479
tokyo-sushi-yuu,Sushi Yuu,alt-1,tokyo/photos/tokyo-sushi-yuu/alt-1.webp,1200,1600,portrait,space-exterior,place,night|street|serene,Rebecca Luxton,https://maps.google.com/maps/contrib/106388840734097482630,false,Photo: Rebecca Luxton via Google Maps,google-maps-contributor,https://lh3.googleusercontent.com/gps-cs-s/ANWiy9SK7oU9jyC8_0ZMruW2wfdoMKH3ayZr0Fe85NzoPRNvi0nYhuJa0ehlJzoTVMIt0Eta0TmOYbf4Oe2SO1XNETGoXxuKf5pXEzBil2y31aDyMQOAjmzSqdxvlElyghKOc0gFK7pH_vbXHLY=s2048,https://www.google.com/maps?cid=17853928035341424479
tokyo-sushi-yuu,Sushi Yuu,alt-2,tokyo/photos/tokyo-sushi-yuu/alt-2.webp,1600,1200,landscape,food,place,bright,寿司 勇,https://maps.google.com/maps/contrib/107248629898096119072,false,Photo: 寿司 勇 via Google Maps,google-maps-contributor,https://lh3.googleusercontent.com/gps-cs-s/ANWiy9Smhr5oou6ic21tRqQF5L6uZWGip1kMclAXrDbDIGkhU7UZBQpYm550-edEoJ4zRRC45EF54b8MZcEkrSesyiFt4IArOPmLIYelaOF3wYooErSqJKIWYVLLeZ4mZEfvBk5UqaqC=s2048,https://www.google.com/maps?cid=17853928035341424479
tokyo-sushi-yuu,Sushi Yuu,alt-3,tokyo/photos/tokyo-sushi-yuu/alt-3.webp,1200,1600,portrait,space-interior,place,counter-seating|bright,Carrie Engerrand,https://maps.google.com/maps/contrib/114516948274710845354,false,Photo: Carrie Engerrand via Google Maps,google-maps-contributor,https://lh3.googleusercontent.com/gps-cs-s/ANWiy9RMJcA3q3uXx6O6AJmAIRukYf6SfCsEyUBhDF4sgwbKGaHBpvNn6fScfCjnDwcrDZzDpPemMxVL2Zj20lgsKpcCL-R8Y8C2e2cVHCsgLTeKyi1I93DbaQhZVQ5jkZMqJL8CbaPl3hyUVqAT=s2048,https://www.google.com/maps?cid=17853928035341424479
tokyo-swig,Swig,hero,tokyo/photos/tokyo-swig/hero.webp,1600,1502,square,drink,place,night|moody|counter-seating,NRC,https://maps.google.com/maps/contrib/106457161913152813652,false,Photo: NRC via Google Maps,google-maps-contributor,https://lh3.googleusercontent.com/gps-cs-s/ANWiy9QLOnIczFI0VX7MxxHLgflHkpA9pGv7cgt6rYWVPNDPsPZqjOBhoCit8UbyDttPb_Auh6Gb0bhaXg3PPLAzQo2cpckPSsbxjVLXdo5Ag11GSeJTuhK7umKtDh83sPqPcg_GzDVH=s2048,https://www.google.com/maps?cid=12418512893242386746
tokyo-swig,Swig,alt-1,tokyo/photos/tokyo-swig/alt-1.webp,1200,1600,portrait,space-interior,place,night|moody|design,Monica Fnt,https://maps.google.com/maps/contrib/112458537573777691923,false,Photo: Monica Fnt via Google Maps,google-maps-contributor,https://lh3.googleusercontent.com/gps-cs-s/ANWiy9RRtJ6CvpArqoVwtNLoXr5x1cIRct-xpQiPkZgIikhsWSCaK-I85wc-uVxRbJSE0C5kQV5VtgdM7o4-XPwiFCpaVUpfLZMtef_PZD26oSfeYl8X8owAIKdlOFZGdrT0fuvMFlIENLH8R1U=s2048,https://www.google.com/maps?cid=12418512893242386746
tokyo-swig,Swig,alt-2,tokyo/photos/tokyo-swig/alt-2.webp,1200,1600,portrait,drink,place,moody|counter-seating,Cyn,https://maps.google.com/maps/contrib/105612060514743328696,false,Photo: Cyn via Google Maps,google-maps-contributor,https://lh3.googleusercontent.com/gps-cs-s/ANWiy9TmXClYcaGXh76_blYs0XP5CRYt-zl1yOa6gxurcBfgVNmR1zXv_HC3f-pGX4PdyyV3mgAhf-Xk_y7VGXYvojW4sChKcISJoS90-gaAc31nnFK4q-lFgJpwBamQNKAvLjaVvsi5OfkMq1w=s2048,https://www.google.com/maps?cid=12418512893242386746
tokyo-swig,Swig,alt-3,tokyo/photos/tokyo-swig/alt-3.webp,1600,1600,square,drink,place,moody,某ッスン,https://maps.google.com/maps/contrib/118027216573385629823,false,Photo: 某ッスン via Google Maps,google-maps-contributor,https://lh3.googleusercontent.com/gps-cs-s/ANWiy9Qt_3WexpshbqCddDKDFQUWV8npG6Rh_t1UvNjWJEPGhb_cTiLQfSHYww7JtI_aTTGUqJr0VTEzuUPPUMytSzJlZ8Fn4mygiZexeQhBk_8_5FL-maSC5kGL1LkAIxI5ChUqA_-D1FnQ1ToK=s2048,https://www.google.com/maps?cid=12418512893242386746
tokyo-t-nakameguro-wagyu-t-bone-steak,T nakameguro | Wagyu T-bone steak,hero,tokyo/photos/tokyo-t-nakameguro-wagyu-t-bone-steak/hero.webp,1600,1066,landscape,food,place,moody,T 中目黒 | Tokyo Wagyu steak,https://maps.google.com/maps/contrib/109789512022463451559,false,Photo: T 中目黒 | Tokyo Wagyu steak via Google Maps,google-maps-contributor,https://lh3.googleusercontent.com/gps-cs-s/AHRPTWlR7qPqJxuhnpFctSB_e7d1cPoMe-oHslhFQqDiKZycA98-666cgpr_7JmVWDBTaqLgN8x-cvikS8cU1pDWKaldpaMuFnGutjzScvCxSP0E4q98eU4kSqP17DUV0eIqvxqO1vU-=s2048,https://www.google.com/maps?cid=12395878348948571615
tokyo-t-nakameguro-wagyu-t-bone-steak,T nakameguro | Wagyu T-bone steak,alt-1,tokyo/photos/tokyo-t-nakameguro-wagyu-t-bone-steak/alt-1.webp,1600,1066,landscape,space-exterior,place,night|street,T 中目黒 | Tokyo Wagyu steak,https://maps.google.com/maps/contrib/109789512022463451559,false,Photo: T 中目黒 | Tokyo Wagyu steak via Google Maps,google-maps-contributor,https://lh3.googleusercontent.com/grass-cs/ACvplmP8kDE7XlyFnR1EE4hqOe7DBA694rWdsAsfx9uwojdQN6h1lQfd9qAHIwz2wlkgH4x_q26u57ehoUAipcO2JfLjLT95XxcPeEByN7j52HB3HaHhz6K7xatC0VRn0r4_RNBCmT0kcQ=s2048,https://www.google.com/maps?cid=12395878348948571615
tokyo-t-nakameguro-wagyu-t-bone-steak,T nakameguro | Wagyu T-bone steak,alt-2,tokyo/photos/tokyo-t-nakameguro-wagyu-t-bone-steak/alt-2.webp,1600,1200,landscape,food,place,counter-seating,Jules,https://maps.google.com/maps/contrib/116704679831655230893,false,Photo: Jules via Google Maps,google-maps-contributor,https://lh3.googleusercontent.com/gps-cs-s/AHRPTWmcpqAtIS0ch7EB3-GKt-eLk3gg5Sg-uEzNxP-ouFHwNLswguaKhtUjRLz2Gak2gD009K6coTj0koJxsSBKnYVKqi65GgTQXL_tpolmu38lL268Wp3nlziBGgMTkMi5JH2yJ0mP8h3v7vki=s2048,https://www.google.com/maps?cid=12395878348948571615
tokyo-t-nakameguro-wagyu-t-bone-steak,T nakameguro | Wagyu T-bone steak,alt-3,tokyo/photos/tokyo-t-nakameguro-wagyu-t-bone-steak/alt-3.webp,1200,1600,portrait,food,place,design,Daniel,https://maps.google.com/maps/contrib/117954955041329500768,false,Photo: Daniel via Google Maps,google-maps-contributor,https://lh3.googleusercontent.com/gps-cs-s/AHRPTWni0yy-Y8r_I5qzTtjmV71EkuFB-R7bFRq-7H6D3JdmjftWJkTVxpIxYYy0_Ge9AmDRIDWYV2OOM8mDIgFnSf-kJzBH5gy-bs2ul31y-L-Lfyt8FwyCTzbovqafiRzqKg7pSkaYg_zur0bw=s2048,https://www.google.com/maps?cid=12395878348948571615
tokyo-t2-shisha-caffe-tribe-gotanda,T2 SHISHA CAFFE TRIBE-GOTANDA,hero,tokyo/photos/tokyo-t2-shisha-caffe-tribe-gotanda/hero.webp,1600,1600,square,space-interior,place,moody|cozy|retro,T2 SHISHA CAFFE TRIBE-GOTANDA,https://maps.google.com/maps/contrib/114513377570440874453,true,Photo: T2 SHISHA CAFFE TRIBE-GOTANDA via Google Maps,google-maps-contributor,https://lh3.googleusercontent.com/gps-cs-s/AHRPTWlyIc_CPvoY6bf2dqHQDr0WnlnC68dHAk34Jxfs_8Jm1e-QXWh6Xbe9nJ9Ewuel7Yv8qRTLgu7vljHCGJVczFMuqzxS8RnzrSLdl5hYhsaplQTAeRvziL7J7MK8HZ9EFygqBagS=s2048,https://www.google.com/maps?cid=14225104933897600573
tokyo-t2-shisha-caffe-tribe-gotanda,T2 SHISHA CAFFE TRIBE-GOTANDA,alt-1,tokyo/photos/tokyo-t2-shisha-caffe-tribe-gotanda/alt-1.webp,1600,1600,square,activity,place,moody|intimate,T2 SHISHA CAFFE TRIBE-GOTANDA,https://maps.google.com/maps/contrib/114513377570440874453,true,Photo: T2 SHISHA CAFFE TRIBE-GOTANDA via Google Maps,google-maps-contributor,https://lh3.googleusercontent.com/gps-cs-s/ANWiy9T1cv0_otMentAfzDbLslNlX8he5I0PGTuF8qktXKGPMtS-UpNlkiwD3gjsLspeDOq7UPMe1-2tBcUVlxPua68gA3ybmlx7ed4nnX0B1Vhx5jV3sjIpEhpx1EdSdBr4L9id505u=s2048,https://www.google.com/maps?cid=14225104933897600573
tokyo-t2-shisha-caffe-tribe-gotanda,T2 SHISHA CAFFE TRIBE-GOTANDA,alt-2,tokyo/photos/tokyo-t2-shisha-caffe-tribe-gotanda/alt-2.webp,1600,1600,square,drink,place,moody,T2 SHISHA CAFFE TRIBE-GOTANDA,https://maps.google.com/maps/contrib/114513377570440874453,true,Photo: T2 SHISHA CAFFE TRIBE-GOTANDA via Google Maps,google-maps-contributor,https://lh3.googleusercontent.com/gps-cs-s/ANWiy9QUsHQnORkWXfV5Y93ZSkovmIXayTK1rXka6d5v140GFP5y7GHdPy3Abmwu1rnUg14jcoQuZC3RtTaTRFbzmO-Ut2S8g7O5HpimppEV8rMFjbh2wAcJsu0qdhkXoc5Dy9UlIz98=s2048,https://www.google.com/maps?cid=14225104933897600573
tokyo-t2-shisha-caffe-tribe-gotanda,T2 SHISHA CAFFE TRIBE-GOTANDA,alt-3,tokyo/photos/tokyo-t2-shisha-caffe-tribe-gotanda/alt-3.webp,1600,1200,landscape,detail,place,cozy,Shu Nakamura,https://maps.google.com/maps/contrib/116006647608241463927,false,Photo: Shu Nakamura via Google Maps,google-maps-contributor,https://lh3.googleusercontent.com/gps-cs-s/ANWiy9QaxXhS-CQf5fcGljIzTj00EC-GBO1JyG2b3Ftel6O8LiqOTPnWakpn_eF9moYPvMCFBZofIeR1aHllBKTA_eCGeu57OW32D7p40Z6z9DbjVsf6dUnplUGYmUC_48jUFEpf4xuLUTgfDDQ=s2048,https://www.google.com/maps?cid=14225104933897600573
tokyo-tacos-3hermanos-ebisu,TACOS 3Hermanos Ebisu,hero,tokyo/photos/tokyo-tacos-3hermanos-ebisu/hero.webp,1600,1200,landscape,food,place,bright|lively,Sowsk Kom,https://maps.google.com/maps/contrib/111438031530988015442,false,Photo: Sowsk Kom via Google Maps,google-maps-contributor,https://lh3.googleusercontent.com/gps-cs-s/ANWiy9RRSR_fzd-a984KS231qxA5ZEAk1IRRmeYjS_0NHcwtmRWIjUH7aJL28aiRKEPwTX6M3id31UmVwuaZ9SKODjG_1AactNNh2ZmCS-kpfqsTJYS0Yx1uNJU0-cz2cmI-lYEKdC1F4BlTJi4m=s2048,https://www.google.com/maps?cid=15934189354761398392
tokyo-tacos-3hermanos-ebisu,TACOS 3Hermanos Ebisu,alt-1,tokyo/photos/tokyo-tacos-3hermanos-ebisu/alt-1.webp,1600,1202,landscape,space-exterior,place,street|daytime,The Breakfast King,https://maps.google.com/maps/contrib/116328908550327319783,false,Photo: The Breakfast King via Google Maps,google-maps-contributor,https://lh3.googleusercontent.com/gps-cs-s/ANWiy9QvGDTpWWktgFDyIB6Kp6AgWvYj1Nen77sqn7kK3cxClyoYamGBSeYRjlqnOXen7kQxigueYD7ejhxKzND5SnuesxHMY4wT6Ntuc9BtzpvBU_czwPmX4R7pCjinUgxsuhIGgcAZhGSWv1Ql=s2048,https://www.google.com/maps?cid=15934189354761398392
tokyo-tacos-3hermanos-ebisu,TACOS 3Hermanos Ebisu,alt-2,tokyo/photos/tokyo-tacos-3hermanos-ebisu/alt-2.webp,1600,1202,landscape,space-interior,place,bright|counter-seating,The Breakfast King,https://maps.google.com/maps/contrib/116328908550327319783,false,Photo: The Breakfast King via Google Maps,google-maps-contributor,https://lh3.googleusercontent.com/gps-cs-s/ANWiy9RALesLVDbVSz8le2cUlS40vYVQ7Mg2dAZRdZ8_C9bx1OcqI1GPp-72oRkSs5Nl8aKHw-Kq9aQPYR8zX2TUJNHfYr4gnB8ssPMswTeHGbjfbioAnqpSx7jjQtNV9SxfB8FKCiZn9wCeNWWH=s2048,https://www.google.com/maps?cid=15934189354761398392
tokyo-tacos-3hermanos-ebisu,TACOS 3Hermanos Ebisu,alt-3,tokyo/photos/tokyo-tacos-3hermanos-ebisu/alt-3.webp,1600,1200,landscape,food,place,bright,くろねこ,https://maps.google.com/maps/contrib/110447021271254149060,false,Photo: くろねこ via Google Maps,google-maps-contributor,https://lh3.googleusercontent.com/gps-cs-s/ANWiy9R0nOTHMgLlRYUqAt8rMjLOrSsEEXCwdLR5O6RHfkbU2F8S1g3aSvtScWONgMabpSd4iPa_ab0St2JAOB0N34XdxfNCVXr9Qwg1EshTknZuhh_3FkyhLdDYGgwhD4aVdgDgK2AESaLkqBA=s2048,https://www.google.com/maps?cid=15934189354761398392
tokyo-taito-station-akihabara,TAITO Station Akihabara,hero,tokyo/photos/tokyo-taito-station-akihabara/hero.webp,1600,1200,landscape,space-interior,place,neon|lively|bright,花園ユーミ,https://maps.google.com/maps/contrib/103922599878755706584,false,Photo: 花園ユーミ via Google Maps,google-maps-contributor,https://lh3.googleusercontent.com/gps-cs-s/ANWiy9Sg4HZfvXbnzW9DgDERpJxwtH3vraxrSETAyia80NdG_PcfAnYhomvcpv1XZnoh4Bza8kfPmX_v9QNJs9DugyfkY-UktkHhaCG6ukwhQsVR9-Ayn82mYr1zwtH9vQm6CbPcetKa=s2048,https://www.google.com/maps?cid=1148907892104527746
tokyo-taito-station-akihabara,TAITO Station Akihabara,alt-1,tokyo/photos/tokyo-taito-station-akihabara/alt-1.webp,1600,1200,landscape,space-interior,place,neon|moody,Cyril BECKER,https://maps.google.com/maps/contrib/101772770222997047852,false,Photo: Cyril BECKER via Google Maps,google-maps-contributor,https://lh3.googleusercontent.com/gps-cs-s/ANWiy9RArvY1eHwPt_R0x9HhfT06mMqveaRxrTqLz35rcqXNa11M6qCWBfWWzSkTi5l7Izt-7ml-IT9pefDdD67tu-0TI-izLpHmVo1-sFR46kMgjZ5UZsT5CoQnnBYn5FfKhOMrZD_r8MOpBdvR=s2048,https://www.google.com/maps?cid=1148907892104527746
tokyo-taito-station-akihabara,TAITO Station Akihabara,alt-2,tokyo/photos/tokyo-taito-station-akihabara/alt-2.webp,1600,1200,landscape,space-interior,place,bright|lively,Tane Bufton,https://maps.google.com/maps/contrib/115409737422454438452,false,Photo: Tane Bufton via Google Maps,google-maps-contributor,https://lh3.googleusercontent.com/gps-cs-s/ANWiy9S-5VpVBBNeRsVZJI4BPTqpdU8IA10U9306xzDDGTfsdy68M_TWELn9pu6zi7cF5ewggwf-uMh-A9Ng5R3jr17ApU69T2LwxQBctdKg2aaAXuQskwH9eG4R-fQhaPDgj5tXqHhi=s2048,https://www.google.com/maps?cid=1148907892104527746
tokyo-taito-station-akihabara,TAITO Station Akihabara,alt-3,tokyo/photos/tokyo-taito-station-akihabara/alt-3.webp,1600,900,landscape,activity,place,bright|lively,Oliver H. (DarumaSan),https://maps.google.com/maps/contrib/111162688229375338176,false,Photo: Oliver H. (DarumaSan) via Google Maps,google-maps-contributor,https://lh3.googleusercontent.com/gps-cs-s/ANWiy9QEmsvzu3iKwNKSvhVPb5Aw1s_e_gWArfD2NP8SSB7IlTW0tX0tCqdrT_ABKl6AP5qnaqIAIlmd33XBBU1ouzRVsZ--_BFzFHl2HBmHMjd_CCo4sMgH1HTB-5-SirbX0oYGPt9c=s2048,https://www.google.com/maps?cid=1148907892104527746
tokyo-taito-station-shibuya,TAITO Station Shibuya,hero,tokyo/photos/tokyo-taito-station-shibuya/hero.webp,1600,900,landscape,space-exterior,place,neon|street|lively,タイトーステーション 渋谷店,https://maps.google.com/maps/contrib/106305717892255496465,false,Photo: タイトーステーション 渋谷店 via Google Maps,google-maps-contributor,https://lh3.googleusercontent.com/grass-cs/ACvplmPr8DPUN0cU0WgKxASynZVlhMS68Aaul6ivlWima-SB-K6Gi9yS9DhcI9jeBCrvutoH7m_G7eLyttx6DdrePxACgBYp2LRdufhpA8XF2kq46TA0qrFDqYZ7JcaEbeqdTAgD_8H_n32LaVk=s2048,https://www.google.com/maps?cid=13014978603404968010
tokyo-taito-station-shibuya,TAITO Station Shibuya,alt-1,tokyo/photos/tokyo-taito-station-shibuya/alt-1.webp,1600,1200,landscape,space-interior,place,neon|moody,鳳御門,https://maps.google.com/maps/contrib/104376528292065183851,false,Photo: 鳳御門 via Google Maps,google-maps-contributor,https://lh3.googleusercontent.com/gps-cs-s/ANWiy9RhRSCEkDV9pEbt3KiNsCYLZj5TtvTkNx_7RN2DgXCXCFHgLl-8cCZQUNnWVBRyAKQPwv41xJ9MrbqBDGlr5WfGJKldZlGiu1DryL2Eo_ckDZFZuO7rQQ12CY4iP12SPWzBse0M=s2048,https://www.google.com/maps?cid=13014978603404968010
tokyo-taito-station-shibuya,TAITO Station Shibuya,alt-2,tokyo/photos/tokyo-taito-station-shibuya/alt-2.webp,1600,1200,landscape,space-interior,place,bright,にゃんちゅー-,https://maps.google.com/maps/contrib/107535382629521849315,false,Photo: にゃんちゅー- via Google Maps,google-maps-contributor,https://lh3.googleusercontent.com/gps-cs-s/ANWiy9T6x50weiqIqWFo9KbqtbJpAn2Bg8vhKtbZLwn06hy2pjybo_2aeEYvy0CEji1YOGPuCVw_zwDFMp2NweQ9ouvfcX4fyqvOFcHVfHsBBaO_5M7g0nXFg6Au4UPAcUSKC6CCWLyxOg=s2048,https://www.google.com/maps?cid=13014978603404968010
tokyo-taito-station-shibuya,TAITO Station Shibuya,alt-3,tokyo/photos/tokyo-taito-station-shibuya/alt-3.webp,1600,1200,landscape,space-interior,place,bright|lively,Leon Hui,https://maps.google.com/maps/contrib/104378053408249923124,false,Photo: Leon Hui via Google Maps,google-maps-contributor,https://lh3.googleusercontent.com/gps-cs-s/ANWiy9QExnyCsXlmP4qN1MUaGIR-7d_JpAYdE9A-kr_MGLIl8pKFX51_WCxNs7mBPBRbDCi23B8v-bRd-imycQYjVvYBwkVmaJMDJdck9d8g1jEI5ZhJnsq_7kWt6kGg8E_pYxBvqtU=s2048,https://www.google.com/maps?cid=13014978603404968010
tokyo-tatemichiya,Tatemichiya,hero,tokyo/photos/tokyo-tatemichiya/hero.webp,1600,1205,landscape,space-interior,place,lively|retro|cozy,Duccio Ballerini,https://maps.google.com/maps/contrib/110825687775196608876,false,Photo: Duccio Ballerini via Google Maps,google-maps-contributor,https://lh3.googleusercontent.com/grass-cs/ACvplmO9nsK7wsa2K6dy3r2oqDq0ymVuRcIEWAYt4pYJE-5Xzo7CjrdCfoTBXaRRFYHJDyEKG9oGZHzlQrnBjqdAvcrTDp-wNoViCYMPrf2bTGbowAwjP8LL80_i2YnYcnzkUScRvVYD=s2048,https://www.google.com/maps?cid=11021325298341539198
tokyo-tatemichiya,Tatemichiya,alt-1,tokyo/photos/tokyo-tatemichiya/alt-1.webp,1200,1600,portrait,food,place,cozy,。ねぎはねこ。,https://maps.google.com/maps/contrib/103720961861094671986,false,Photo: 。ねぎはねこ。 via Google Maps,google-maps-contributor,https://lh3.googleusercontent.com/gps-cs-s/AHRPTWn1G1gUuKiSJoMPJlCDK62CME_6zkAuDYN4S5qwfMMm7lK41KnrLaOSHHPakjre8QhcfU2H62uhy9gF6n35n14hrptmgrjVPF4ncCRsSTIGd8Q9ePRvbd2XriGRXFBvWPhsPrkO0RCQsxdQ=s2048,https://www.google.com/maps?cid=11021325298341539198
tokyo-tatemichiya,Tatemichiya,alt-2,tokyo/photos/tokyo-tatemichiya/alt-2.webp,1600,1200,landscape,food,place,lively|crowd,Power Chan,https://maps.google.com/maps/contrib/101623063184745099676,false,Photo: Power Chan via Google Maps,google-maps-contributor,https://lh3.googleusercontent.com/gps-cs-s/AHRPTWkP3UAQOh1_ViDkU_sWgebpJaUDziyL3ZR4EE-d2OjwAtIlKjjHHUShwJKnaSdJkyYfw0R8PxIqF7Gd8btFlvrf77xDOoxJBb5zccJoTUS9V7lSfWmBD619RUnPiTYjZBRf5T2jyg=s2048,https://www.google.com/maps?cid=11021325298341539198
tokyo-tatemichiya,Tatemichiya,alt-3,tokyo/photos/tokyo-tatemichiya/alt-3.webp,1200,1600,portrait,detail,place,retro|cozy,Rae,https://maps.google.com/maps/contrib/117790259669319396385,false,Photo: Rae via Google Maps,google-maps-contributor,https://lh3.googleusercontent.com/gps-cs-s/AHRPTWmGYgLqIb8pEFLDufnAUMiHd8-TeJBaBtln1Hof_XCIQYrCcVEpIYwe4qPRrdLWI5OWugyTC80pw9pWiepe2YOV5qMc80P_-ICu6RAZf0Ti-qW6lhP_lc5WOLx2tfueFO0xhtdtCxWaFgU=s2048,https://www.google.com/maps?cid=11021325298341539198
tokyo-tatsuminomori-ryokudo-park,Tatsuminomori Ryokudo Park,hero,tokyo/photos/tokyo-tatsuminomori-ryokudo-park/hero.webp,1600,1200,landscape,nature,place,daytime|serene|green,Mohamado Sare,https://maps.google.com/maps/contrib/111909526445583329021,false,Photo: Mohamado Sare via Google Maps,google-maps-contributor,https://lh3.googleusercontent.com/gps-cs-s/ANWiy9SdenFe_YhmGGkG7jbyhOJE2fLWGMM-q2gtzuDlTBv1g9lNx1PlYr-YOY-LW3S1NFkKGMDj2HuY_Fx4kWvXx6JV-e8PqygVa7N31k099CvvGn4jj49bQYBTg0ccJeYEWh0bh6Gz=s2048,https://www.google.com/maps?cid=10586812078381961076
tokyo-tatsuminomori-ryokudo-park,Tatsuminomori Ryokudo Park,alt-1,tokyo/photos/tokyo-tatsuminomori-ryokudo-park/alt-1.webp,1600,1200,landscape,view,place,skyline|daytime|green,2003 AfterSurf,https://maps.google.com/maps/contrib/112354903802734071510,false,Photo: 2003 AfterSurf via Google Maps,google-maps-contributor,https://lh3.googleusercontent.com/gps-cs-s/AHRPTWkyEoOuTJ6_vesQkP50bPm4GZYmN7UDX5DNrnwGzXQIzpxSutAfpLdSxPzexrZGB473zN-DsT0-3KoZI7N2ku0Ff3rDXcYAmhQ4UAxgA3nNW_9LxjxyBAyQH-wsGL5MmGKguYQ=s2048,https://www.google.com/maps?cid=10586812078381961076
tokyo-tatsuminomori-ryokudo-park,Tatsuminomori Ryokudo Park,alt-2,tokyo/photos/tokyo-tatsuminomori-ryokudo-park/alt-2.webp,1600,1200,landscape,space-exterior,place,daytime|bright,kazusa h,https://maps.google.com/maps/contrib/114025947161204456577,false,Photo: kazusa h via Google Maps,google-maps-contributor,https://lh3.googleusercontent.com/gps-cs-s/AHRPTWk0tOgvLHc1p5hFBUY8ovyV05UxVdVUxwO-QSzn9-fkA-flckO7vbGJEZUo9F_G0tjhFEi25hBKblFdzbno12lAtuwTVMgXjeaQCCNweI2Y-6vIkSt2vwi0_3bZJW_INmB5L-0e=s2048,https://www.google.com/maps?cid=10586812078381961076
tokyo-tatsuminomori-ryokudo-park,Tatsuminomori Ryokudo Park,alt-3,tokyo/photos/tokyo-tatsuminomori-ryokudo-park/alt-3.webp,1600,1200,landscape,art,place,daytime|serene,H. K.,https://maps.google.com/maps/contrib/111712804237690171388,false,Photo: H. K. via Google Maps,google-maps-contributor,https://lh3.googleusercontent.com/gps-cs-s/AHRPTWkF7nVUY1-zEEmSQixFW6z-XgIZXNVyIGNViKAPF8rHmoVVu_hULtfn2Za1rXlXseBWhJ5f3i1dX_mnGCjET7nsYSJD6npdb8xN2xEiQvC4NebE8Z16RogTlnioUj-JBUMYETwFGQ=s2048,https://www.google.com/maps?cid=10586812078381961076
tokyo-teamlab-borderless,teamLab Borderless,hero,tokyo/photos/tokyo-teamlab-borderless/hero.webp,1600,1200,landscape,art,place,neon|moody|crowd,Fredrich Ombico,https://maps.google.com/maps/contrib/101682160771342744328,false,Photo: Fredrich Ombico via Google Maps,google-maps-contributor,https://lh3.googleusercontent.com/gps-cs-s/AHRPTWnbUUx8iG5kxsvrk010u0N252wxK8HgPmnrFksQQ82G5aK8jB7hUR4UHWOx9Bu1AjAp7t2hhyv9mL0q0slpqfxamKyisVbIiIrEX2GfvjMZCNEw8sEEnECRa0M5TWCipeRndUXPfg=s2048,https://www.google.com/maps?cid=6355049266444838481
tokyo-teamlab-borderless,teamLab Borderless,alt-1,tokyo/photos/tokyo-teamlab-borderless/alt-1.webp,1600,1202,landscape,art,place,neon|design,31,https://maps.google.com/maps/contrib/117551478218834084199,false,Photo: 31 via Google Maps,google-maps-contributor,https://lh3.googleusercontent.com/gps-cs-s/AHRPTWnSHy3baSW4PRvaGWI-I1OuS-NTXWTMxpTzjOTJroEgqQNYjnMArPbQo1YvOBKpogUKHXkCBJn1T38wiQ2eVo18gps8VWadyqNZ1rb196bsyvhsQ09c0r24RI_j9Hrqp4tlWpyj=s2048,https://www.google.com/maps?cid=6355049266444838481
tokyo-teamlab-borderless,teamLab Borderless,alt-2,tokyo/photos/tokyo-teamlab-borderless/alt-2.webp,1600,1200,landscape,art,place,neon|lively,Louis Canedo,https://maps.google.com/maps/contrib/111930961066084037008,false,Photo: Louis Canedo via Google Maps,google-maps-contributor,https://lh3.googleusercontent.com/gps-cs-s/AHRPTWkAxffv6qqyLh79cQkYBQGgiW-mKwcz9Dux8tsohR2auIohqbfDYpz1Yzu-zfdCZOBU7JbqXsdUuSce_LQgXpt-dkK8WhFHvg2djKl1GZlSZqLM0neINW9upcMvFC5dElT9PdEQ=s2048,https://www.google.com/maps?cid=6355049266444838481
tokyo-teamlab-borderless,teamLab Borderless,alt-3,tokyo/photos/tokyo-teamlab-borderless/alt-3.webp,1600,1200,landscape,art,place,neon|moody,Anna Kang,https://maps.google.com/maps/contrib/104194542038744158459,false,Photo: Anna Kang via Google Maps,google-maps-contributor,https://lh3.googleusercontent.com/gps-cs-s/AHRPTWm6HpeG5yxftfcjpTs59Neeamu9zbhNiy4KX_3-pC4Rhs_blEr3Jyc577nh_sTVj9aJGvLbYWHjaUoJIHaiO88vibmocxaKxwsKxasA7Uhy_rMwZ0LeS3hjAFd60UzGTTO7X3we1A=s2048,https://www.google.com/maps?cid=6355049266444838481
tokyo-teamlab-planets-tokyo,teamLab Planets TOKYO,hero,tokyo/photos/tokyo-teamlab-planets-tokyo/hero.webp,1600,1200,landscape,art,place,neon|moody,Saeed M,https://maps.google.com/maps/contrib/110736828144587102545,false,Photo: Saeed M via Google Maps,google-maps-contributor,https://lh3.googleusercontent.com/gps-cs-s/AHRPTWlMSrsbpSm8flqn9ZslX8MceQFd4lT_k-x37RzmA3ls5shh3Mott0KFVLRLOyMePP7vRgSwIa7TTltMPCz-rHXNA-IcMhCADBjzyQtZiuskcQEQdwwGQiDi_jIv38a3C91MRYFDBQ=s2048,https://www.google.com/maps?cid=7918542870314997282
tokyo-teamlab-planets-tokyo,teamLab Planets TOKYO,alt-1,tokyo/photos/tokyo-teamlab-planets-tokyo/alt-1.webp,1600,1070,landscape,art,place,garden|design|bright,Phan Tom,https://maps.google.com/maps/contrib/112139655366073549745,false,Photo: Phan Tom via Google Maps,google-maps-contributor,https://lh3.googleusercontent.com/gps-cs-s/AHRPTWnaoCbrZzV3wpGnX8SW9dN5TjEnihLmsJz9VbytohYScVl2QGzc9qKIgEKIJ95mblPpXAbOTpb7B52sSQqPMjAvpZyjZt7C1Qren91szDDB7K117wPkS787ZLl6xINlWRtZy-T90w=s2048,https://www.google.com/maps?cid=7918542870314997282
tokyo-teamlab-planets-tokyo,teamLab Planets TOKYO,alt-2,tokyo/photos/tokyo-teamlab-planets-tokyo/alt-2.webp,1600,1200,landscape,art,place,neon|bright,ZH Kun,https://maps.google.com/maps/contrib/117436363414108465580,false,Photo: ZH Kun via Google Maps,google-maps-contributor,https://lh3.googleusercontent.com/gps-cs-s/AHRPTWl5YCz9bmbpR2TLWUvHnPOoqvIt03ZofTSJe9sk2v9WbUuL9hILDMMvctbdOpQZkfcPLdtQaEp2avWpImP5dSEsRg6wpMTy6Yg0QZjJVkplmgv8lmqkgd2npetVqEfUoLqhNwuNBDudKh8=s2048,https://www.google.com/maps?cid=7918542870314997282
tokyo-teamlab-planets-tokyo,teamLab Planets TOKYO,alt-3,tokyo/photos/tokyo-teamlab-planets-tokyo/alt-3.webp,1600,1200,landscape,art,place,minimal|green|serene,iza hedstrom,https://maps.google.com/maps/contrib/110423252206408678279,false,Photo: iza hedstrom via Google Maps,google-maps-contributor,https://lh3.googleusercontent.com/gps-cs-s/AHRPTWmXcRVdw-XYSLL__SeLmZJiGj-7DZhRcBq_1t84NB1aTpODxWncb3qkiju8DzqvMe1pmE137UCd83DfiKboJTp28sZimxTWMD1g_z-NW89CIz7xMfiakmETanMR3THYrlUpsXfJw1n5mC2p=s2048,https://www.google.com/maps?cid=7918542870314997282
tokyo-tempura-abe-hacchometen,Tempura Abe Hacchometen,hero,tokyo/photos/tokyo-tempura-abe-hacchometen/hero.webp,1200,1600,portrait,food,place,cozy|bright,くいしんぼう,https://maps.google.com/maps/contrib/107608980993725605796,false,Photo: くいしんぼう via Google Maps,google-maps-contributor,https://lh3.googleusercontent.com/gps-cs-s/ANWiy9QyfmENnuLWpQEkHbPi4sHZ896ZWVX935buG3DiG2v0dVnGuzwDOd0GoUWX4DxgxhG6T2jXmjLv0viyptbvfiHx_KYvxL0dp2ZdWQY1NLRMKyoENkSQN8DHVALDv6Kg427SS1VHlFUEJZvT=s2048,https://www.google.com/maps?cid=8431946719840081672
tokyo-tempura-abe-hacchometen,Tempura Abe Hacchometen,alt-1,tokyo/photos/tokyo-tempura-abe-hacchometen/alt-1.webp,1202,1600,portrait,space-exterior,place,minimal,Coro Dutch,https://maps.google.com/maps/contrib/107508750071240279229,false,Photo: Coro Dutch via Google Maps,google-maps-contributor,https://lh3.googleusercontent.com/gps-cs-s/ANWiy9Qxg2pZzGOBSqV5krRPu-m6hV0NIAtwSJtb7zWIT1vNHxFMkRd0MkF6QENSUJ6eQtqERj-qTxwMurx4aU3dH5sE9G1wpp4loYpDm3PI-3tn86CWekp9Vzq61zirQuS2kd--6VSffNwrzmQ_=s2048,https://www.google.com/maps?cid=8431946719840081672
tokyo-tempura-abe-hacchometen,Tempura Abe Hacchometen,alt-2,tokyo/photos/tokyo-tempura-abe-hacchometen/alt-2.webp,1200,1600,portrait,food,place,bright,C,https://maps.google.com/maps/contrib/105162150872590328104,false,Photo: C via Google Maps,google-maps-contributor,https://lh3.googleusercontent.com/gps-cs-s/ANWiy9SXx7q5IYp4tNZBJBN1ybwz_m2s7eErb7EvLK_GPH3yV9syHKhY9KOrOz4poceM6Suil3Nv0qdHMyjip8MKysGPNrXx7QJeTC1E39z7xtSd795ztKtGIQ9Lai-9pkTEUfvxPykY5RK_d2s=s2048,https://www.google.com/maps?cid=8431946719840081672
tokyo-tempura-abe-hacchometen,Tempura Abe Hacchometen,alt-3,tokyo/photos/tokyo-tempura-abe-hacchometen/alt-3.webp,1600,1200,landscape,food,place,counter-seating,sb wong,https://maps.google.com/maps/contrib/107819213903100823636,false,Photo: sb wong via Google Maps,google-maps-contributor,https://lh3.googleusercontent.com/gps-cs-s/ANWiy9TEBOE6TpS1guI4StloRDUrXFdM-PyAQbgtRKY87tgUccQaUT8IR9Sx77sjSkdA8NLY_Aj1PIcMCx_uWYmkhAKTpW5QTdOHZNgwtdBSaj5UVcIiBTi02WJewlovj_54WK4FmepaLbaE2RGt=s2048,https://www.google.com/maps?cid=8431946719840081672
tokyo-tempura-abe-honten,Tempura Abe Honten,hero,tokyo/photos/tokyo-tempura-abe-honten/hero.webp,1600,1200,landscape,food,place,cozy,kesuuso 66,https://maps.google.com/maps/contrib/108975522067129340908,false,Photo: kesuuso 66 via Google Maps,google-maps-contributor,https://lh3.googleusercontent.com/gps-cs-s/AHRPTWnq78PfbciYFZCU5LVpUYcF6ecayQoLLwxHqiOyR-pCvlGP-IobHd5D2kJQnAoC5wwvFtwfZ7wjIbLbvbGTyPhZH88jh677ysLKQ8hlb736fi6xrj64oQ2A0VSMHNFHi0OBND4wCb73Aew=s2048,https://www.google.com/maps?cid=11792726080048590927
tokyo-tempura-abe-honten,Tempura Abe Honten,alt-1,tokyo/photos/tokyo-tempura-abe-honten/alt-1.webp,1200,1600,portrait,space-interior,place,counter-seating|retro,Olivia Unger,https://maps.google.com/maps/contrib/108193661112370804577,false,Photo: Olivia Unger via Google Maps,google-maps-contributor,https://lh3.googleusercontent.com/gps-cs-s/AHRPTWlgNDwbnbiPKelJm74-SxwkY_kQ0oaj-FcLrquiTiK2Pt1YJmzKE21XzjK5P6OUrDhSmDaLxTpY7P1beIEBmnoqjcBKNSc9uSxYJGzFE6FkEXgzCQ3VwFuKQe3dXNnEG_Oc7BR6Yntiy9bF=s2048,https://www.google.com/maps?cid=11792726080048590927
tokyo-tempura-abe-honten,Tempura Abe Honten,alt-2,tokyo/photos/tokyo-tempura-abe-honten/alt-2.webp,1280,1280,square,food,place,bright,天ぷら 阿部 銀座本店,https://maps.google.com/maps/contrib/103122734259283825244,false,Photo: 天ぷら 阿部 銀座本店 via Google Maps,google-maps-contributor,https://lh3.googleusercontent.com/gps-cs-s/AHRPTWnr4t_vi2cNiCF-cCRC8ppvT4_4bGZfZ6hu1YKNF9OPgErR7-nmaS28lZXfyMMm30ZmU3MwXvLPF78v593Y9mY21luaUgPkzojN_jWrmpnOCxd_JTzsoIh5IoCp8iFHHvF7mrI9bAyHbns=s2048,https://www.google.com/maps?cid=11792726080048590927
tokyo-tempura-abe-honten,Tempura Abe Honten,alt-3,tokyo/photos/tokyo-tempura-abe-honten/alt-3.webp,1280,1280,square,food,place,cozy,天ぷら 阿部 銀座本店,https://maps.google.com/maps/contrib/103122734259283825244,false,Photo: 天ぷら 阿部 銀座本店 via Google Maps,google-maps-contributor,https://lh3.googleusercontent.com/gps-cs-s/AHRPTWkpV8q-84YYHt5hP4EcE6hCh6yWITUCshSmdI0jsMu2OJEYMig3SZEYDq4lB5pfK_Gli7aqcwklQey1xL4lhkzFuWknVr96y_fLHy0xNdo1kXYYQCNBOJfIrVWJT0kQIme6icFpq-S07OYF=s2048,https://www.google.com/maps?cid=11792726080048590927
tokyo-tencups-cafe-cocktail-bar,TENCUPS Cafe & Cocktail Bar,hero,tokyo/photos/tokyo-tencups-cafe-cocktail-bar/hero.webp,1600,1200,landscape,space-interior,place,design|green|cozy,gle fumi,https://maps.google.com/maps/contrib/116260374299751842351,false,Photo: gle fumi via Google Maps,google-maps-contributor,https://lh3.googleusercontent.com/gps-cs-s/ANWiy9S9qsdAODaJza5iOn9nGLbFiGQKLyOLeLuQLCqG2oUSDPLdxhljHRCMbr0lyHW-hnAf8Jl3OjXkT80yRwm2QmXOLSkHT9lW1YC_N13c4W0wis39PzA4sIvy4X2HVjyTzjLIL4fgQU2HDHqJ=s2048,https://www.google.com/maps?cid=7088024557600407819
tokyo-tencups-cafe-cocktail-bar,TENCUPS Cafe & Cocktail Bar,alt-1,tokyo/photos/tokyo-tencups-cafe-cocktail-bar/alt-1.webp,1600,1200,landscape,space-interior,place,green|daytime|design,TKM,https://maps.google.com/maps/contrib/108960209112492868628,false,Photo: TKM via Google Maps,google-maps-contributor,https://lh3.googleusercontent.com/gps-cs-s/ANWiy9QmVCarno26Fh_19bb4FDZ5AfBjP7zFkqVE4eURFGGJOrEdj4Y6U505b3JBmRyeuD157QMSf-0anfyN6bwBC8fz-y26LBYbJdeQMAw9GHVbeZE78NzUs4L9x8lIyYqo7CRJeCynjMew5OCM=s2048,https://www.google.com/maps?cid=7088024557600407819
tokyo-tencups-cafe-cocktail-bar,TENCUPS Cafe & Cocktail Bar,alt-2,tokyo/photos/tokyo-tencups-cafe-cocktail-bar/alt-2.webp,1080,1350,portrait,drink,place,design|green,TenCups Cafe Bar & Lounge,https://maps.google.com/maps/contrib/116324843711951724724,true,Photo: TenCups Cafe Bar & Lounge via Google Maps,google-maps-contributor,https://lh3.googleusercontent.com/gps-cs-s/ANWiy9TEGLmHRTm4QmNyBy7MqZlGSGhtpO-obztJOEkI4bOr-szjFHng_RO6KJVDdFJdgScs_dzTgVCPrONz1MybrGpCvzvH0AWovI3r6CZKG_soRM_fdO_kyL1lIYYM-6kTt8aj1lbWQEd_yDo=s2048,https://www.google.com/maps?cid=7088024557600407819
tokyo-tencups-cafe-cocktail-bar,TENCUPS Cafe & Cocktail Bar,alt-3,tokyo/photos/tokyo-tencups-cafe-cocktail-bar/alt-3.webp,1295,1132,square,food,place,daytime|bright,Kira Zhura,https://maps.google.com/maps/contrib/110801962126544375249,false,Photo: Kira Zhura via Google Maps,google-maps-contributor,https://lh3.googleusercontent.com/gps-cs-s/ANWiy9RsaXeDwB5ljamq-ZnWTq3TtRZ2vmauBY4j7OpTqIbHDAubDRwyQ0Udqw1Y24VBGAE1JLWtzYk1tQBGDU_s2MYMy1LzyGSJWPdzj4SNILbaGIMbOF0fGFyjvhaXhooc_0EXDA9UCyqyyoi8=s2048,https://www.google.com/maps?cid=7088024557600407819
tokyo-tenkaippin-nakano,Tenkaippin - Nakano,hero,tokyo/photos/tokyo-tenkaippin-nakano/hero.webp,1600,900,landscape,food,place,cozy,笹岡裕,https://maps.google.com/maps/contrib/103540788865067474711,false,Photo: 笹岡裕 via Google Maps,google-maps-contributor,https://lh3.googleusercontent.com/gps-cs-s/AHRPTWlsZsn2sgPpsyOYjdNzTClkaiYRXt6OzC4dmgNazxvK1AsVZHV0V1Q-x61wBpEjaYHDOTdxew6qZw09LGbwyoepFm80DbGen47k9RhahDrYInfr-3ACzIlrwz71KQnIG48nvgwe=s2048,https://www.google.com/maps?cid=4056280693841203536
tokyo-tenkaippin-nakano,Tenkaippin - Nakano,alt-1,tokyo/photos/tokyo-tenkaippin-nakano/alt-1.webp,1478,1108,landscape,space-exterior,place,street|daytime|retro,天下一品 中野店,https://maps.google.com/maps/contrib/116670142476648357199,false,Photo: 天下一品 中野店 via Google Maps,google-maps-contributor,https://lh3.googleusercontent.com/grass-cs/ACvplmPU89bLnSBe6AxyNZv2fhAyTnmbSqaOiTRIsZR_kv5_AkieklNn5kDq5Cl-IuMNQFuWx9fqBabfMz-_7MwBF_JaCJTWy8e7avepSsXGHh0ocXG8ITIYA2YLuKKEPT_Gy4OdwscahxCjcGKC=s2048,https://www.google.com/maps?cid=4056280693841203536
tokyo-tenkaippin-nakano,Tenkaippin - Nakano,alt-2,tokyo/photos/tokyo-tenkaippin-nakano/alt-2.webp,1600,1066,landscape,food,place,bright,天下一品 中野店,https://maps.google.com/maps/contrib/116670142476648357199,false,Photo: 天下一品 中野店 via Google Maps,google-maps-contributor,https://lh3.googleusercontent.com/gps-cs-s/AHRPTWmAuGv3pkK_1AZYI1rki9oJEi4QWzVre_7h81biYOmtHgIzypqEmBARRVZS9mZDRyKIsVS6TGdL7gH3gNteVglIzTOPmZVxkypb43yR9fK_eYLW6FwkhnilqmyD2JrftziIF9GPpHPWvj_-=s2048,https://www.google.com/maps?cid=4056280693841203536
tokyo-tenkaippin-nakano,Tenkaippin - Nakano,alt-3,tokyo/photos/tokyo-tenkaippin-nakano/alt-3.webp,1600,1067,landscape,food,place,bright,天下一品 中野店,https://maps.google.com/maps/contrib/116670142476648357199,false,Photo: 天下一品 中野店 via Google Maps,google-maps-contributor,https://lh3.googleusercontent.com/gps-cs-s/AHRPTWnrsT3WvqaXpjaR-oOkCsTdJbZ1Nuoj0Jb6W9SS7cZLJ19zfB8QRQBHjCpak3hx6nHYbx23ehFlnTHjXDO5WYbVK1Ng689cbvZ5H4xFZ3MGe66Vpl6Mr6yvCm5M_H-od4NQy4jUpQczWdE=s2048,https://www.google.com/maps?cid=4056280693841203536
tokyo-the-aoyama-grand-hotel,The Aoyama Grand Hotel,hero,tokyo/photos/tokyo-the-aoyama-grand-hotel/hero.webp,1280,854,landscape,view,place,night|skyline|moody,THE AOYAMA GRAND HOTEL,https://maps.google.com/maps/contrib/105506447277257157063,true,Photo: THE AOYAMA GRAND HOTEL via Google Maps,google-maps-contributor,https://lh3.googleusercontent.com/gps-cs-s/ANWiy9TvN1J3vYfc9aadHUTurDPba6Of_otNgueAQRS9l3EfZJzDXnsTXJDK4jiKJqXBfcIIPJq9fgzWH6GZMqaPHFcaxL0G7IGbfhxefJfW47nb5y8GDlCGPgXk75Dbu-cNOse4kpSBrw=s2048,https://www.google.com/maps?cid=15600523282071752678
tokyo-the-aoyama-grand-hotel,The Aoyama Grand Hotel,alt-1,tokyo/photos/tokyo-the-aoyama-grand-hotel/alt-1.webp,1600,1066,landscape,space-interior,place,design|skyline|bright,THE AOYAMA GRAND HOTEL,https://maps.google.com/maps/contrib/105506447277257157063,true,Photo: THE AOYAMA GRAND HOTEL via Google Maps,google-maps-contributor,https://lh3.googleusercontent.com/gps-cs-s/ANWiy9QLOSKtZ2mapRa1XQJiWRy1Crz4wR7zM-XRbDCWVFWq1vbQXGDk0tnNLULl6bSUTa-r6vRAYvkrMjgOIi6RhLk1Td9yZwy1K3nYGaDms4a7BtajmxN075jZca_G9C80nar-9pVl=s2048,https://www.google.com/maps?cid=15600523282071752678
tokyo-the-aoyama-grand-hotel,The Aoyama Grand Hotel,alt-2,tokyo/photos/tokyo-the-aoyama-grand-hotel/alt-2.webp,1600,1067,landscape,space-exterior,place,night|design,THE AOYAMA GRAND HOTEL,https://maps.google.com/maps/contrib/105506447277257157063,true,Photo: THE AOYAMA GRAND HOTEL via Google Maps,google-maps-contributor,https://lh3.googleusercontent.com/grass-cs/AABkmLe_Q1Rx878mNTB1T937JWL58mFktO1bbEUiA1XrkDDXiEkro6lUAWmcumrOz8YHLqYxWt9_8G-f_VJPhBPB428IbVRmQAXHJZ9Q_Zfa-SDVD8eCsOa8BbObEbtgudYI04Sgzmmz=s2048,https://www.google.com/maps?cid=15600523282071752678
tokyo-the-aoyama-grand-hotel,The Aoyama Grand Hotel,alt-3,tokyo/photos/tokyo-the-aoyama-grand-hotel/alt-3.webp,1200,1600,portrait,detail,place,design|retro,Alex,https://maps.google.com/maps/contrib/116670978565244905862,false,Photo: Alex via Google Maps,google-maps-contributor,https://lh3.googleusercontent.com/gps-cs-s/ANWiy9Qt2p48SnzjEUQ65xw9UCTa4UroPwU9axLKrd7BPDZOiZVslQb_0h1kQTKpQ-tOLsQehfVjNCOOU9hUYRIqgMYF50yrV93AR2RYstVHkQhMxSgU5AkfjPklDQ8kwqyCIxerQ9R0=s2048,https://www.google.com/maps?cid=15600523282071752678
tokyo-the-bellwood,The Bellwood,hero,tokyo/photos/tokyo-the-bellwood/hero.webp,1600,1066,landscape,space-interior,place,moody|retro|design,The Bellwood,https://maps.google.com/maps/contrib/100702120744268685529,true,Photo: The Bellwood via Google Maps,google-maps-contributor,https://lh3.googleusercontent.com/grass-cs/ACvplmNTix-Mj_XuERWtxsfSJ9lyZHW86Ucjd4LPvUMh2GcAGaQ16b3yKCDVg1lNfA0CnD6aFQsVEyGtdOdFFwwUcEtYmXdwPuFBzkTLng17F-cJCGJ0KXBd_wKgwAjes_XwO5GzmD3M4w=s2048,https://www.google.com/maps?cid=15096441567115937607
tokyo-the-bellwood,The Bellwood,alt-1,tokyo/photos/tokyo-the-bellwood/alt-1.webp,1600,900,landscape,space-exterior,place,night|street|moody,Suneater,https://maps.google.com/maps/contrib/116830014491146822100,false,Photo: Suneater via Google Maps,google-maps-contributor,https://lh3.googleusercontent.com/gps-cs-s/AHRPTWmT4LqB18Ebkqli3RoEo6BaB6vVtob5jTis9yEQAHw2W4MDq5TzymBRtIbqjg0yvCSjg8HcA5YvKu4BWWH7uvBzmic74NHx4CEPbk8ks_qYH7RXqAyMLIvE0dxjsxLW93WxoefcaO8ZNNr7=s2048,https://www.google.com/maps?cid=15096441567115937607
tokyo-the-bellwood,The Bellwood,alt-2,tokyo/photos/tokyo-the-bellwood/alt-2.webp,1600,1200,landscape,detail,place,moody|night,Cheryl Lai,https://maps.google.com/maps/contrib/103302034245536547616,false,Photo: Cheryl Lai via Google Maps,google-maps-contributor,https://lh3.googleusercontent.com/gps-cs-s/AHRPTWm1GIwvrQVGWBScMvN9VYcCCiCH-zRGYO-yPm4bieNb6MvyxOIZ1pR6ycOLhPmvc5R71XSTR-Vd7Z7FqZC7wQn-EzYzWuZH-NJKQCo2i1T_hNJa7vxIzz78DWNRDbJPcyDTABDrM3-Wc_Uj=s2048,https://www.google.com/maps?cid=15096441567115937607
tokyo-the-bellwood,The Bellwood,alt-3,tokyo/photos/tokyo-the-bellwood/alt-3.webp,1200,1600,portrait,drink,place,night|intimate,Justin Godbout,https://maps.google.com/maps/contrib/115445536558384486851,false,Photo: Justin Godbout via Google Maps,google-maps-contributor,https://lh3.googleusercontent.com/gps-cs-s/AHRPTWlufyxct_ADo9wu2aSU-PIM13ULjIjyTpjiv3hf-EdiRqbk5S3yt6dlD9pAqqdlZVVZjLqiIdndkTOsW8zJmqJxMg8d5EIkkXPivlx8zx7JTEeYKihhzQmRxtqHkf04uuXNjEl-YQDRrUvV=s2048,https://www.google.com/maps?cid=15096441567115937607
tokyo-the-blue-room,The Blue Room,hero,tokyo/photos/tokyo-the-blue-room/hero.webp,1600,1200,landscape,space-interior,place,green|design|moody,The Blue Room,https://maps.google.com/maps/contrib/116292294202228460566,true,Photo: The Blue Room via Google Maps,google-maps-contributor,https://lh3.googleusercontent.com/grass-cs/AABkmLe-V8YhYT8ksmSmSoYGJgQeUg-OWUS_CQoKcV5AYvs37jIe42pG5ASMtZlRx0Efdc13wZCQZ2abecaAzZWU1awVxDvCEDPPAlVycDIS5xpZvCvCB4qsEN2Sjiw3-f9BB5f3UH9A3A=s2048,https://www.google.com/maps?cid=5368001384395571743
tokyo-the-blue-room,The Blue Room,alt-1,tokyo/photos/tokyo-the-blue-room/alt-1.webp,1200,1600,portrait,view,place,night|skyline|rooftop,h y,https://maps.google.com/maps/contrib/114033226172974599261,false,Photo: h y via Google Maps,google-maps-contributor,https://lh3.googleusercontent.com/gps-cs-s/ANWiy9TvOi2ax0z9nKiiIpaku_H-gm_b6Y69IS39DzrRh6Xyl6OLcyfwwWADm5WaFv80E58fDDStZRWS5AOEj4XBvXcT5dQ4Q6evOPcoIVRFotYCRWyKRVj1OhrkltuyaCRrYi3Oq-F7KgibcyD7=s2048,https://www.google.com/maps?cid=5368001384395571743
tokyo-the-blue-room,The Blue Room,alt-2,tokyo/photos/tokyo-the-blue-room/alt-2.webp,1600,1066,landscape,food,place,design,The Blue Room,https://maps.google.com/maps/contrib/116292294202228460566,true,Photo: The Blue Room via Google Maps,google-maps-contributor,https://lh3.googleusercontent.com/gps-cs-s/ANWiy9S7UDthBbkwRD4Og5UYsorUF8kzwt9lsb8dnCJtmDhQjbx2hyLZMAmFlgM54ZwjDJhZtGvz5XHhMEjCIX_nR3cIyxDIXELUNZhiR1tTAt1EmcrMS4zU92lQuFl7j6i3p2bgzxhWpSXs0if-=s2048,https://www.google.com/maps?cid=5368001384395571743
tokyo-the-blue-room,The Blue Room,alt-3,tokyo/photos/tokyo-the-blue-room/alt-3.webp,900,1600,portrait,view,place,skyline|daytime,Likang Khong,https://maps.google.com/maps/contrib/109913173799227153063,false,Photo: Likang Khong via Google Maps,google-maps-contributor,https://lh3.googleusercontent.com/gps-cs-s/ANWiy9QM2dynDctyhCnqhlBEfYakXH7b6TOJnZA8h500FTfKA2PbHCSiC1YTULg4vOZJgnTKncW4KCra3KVYnvOV1320d0cfzbyXqweLs_C5aGw-Qjk3JphxnkzcJ8sNsm1sPHHQHtl9OmLLzsSj=s2048,https://www.google.com/maps?cid=5368001384395571743
tokyo-the-jade-room-garden-terrace,The Jade Room + Garden Terrace,hero,tokyo/photos/tokyo-the-jade-room-garden-terrace/hero.webp,1600,1091,landscape,space-interior,place,bright|serene|daytime,The Jade Room + Garden Terrace,https://maps.google.com/maps/contrib/114725716382058413156,true,Photo: The Jade Room + Garden Terrace via Google Maps,google-maps-contributor,https://lh3.googleusercontent.com/gps-cs-s/AHRPTWnTenE9pl0exmec3N_A3CzLreg0YhWe4A6y_3re_gsN0mRQEgf8zNtmx94uy6-kkI22bLV5xovqdjgHgCxiGefyU1-yDHD2hx1pn_vS9IYxoLvrbtQDcu2w-zLUnhQxYmRVY50=s2048,https://www.google.com/maps?cid=11411289942696204488
tokyo-the-jade-room-garden-terrace,The Jade Room + Garden Terrace,alt-1,tokyo/photos/tokyo-the-jade-room-garden-terrace/alt-1.webp,1200,1600,portrait,view,place,skyline|daytime|bright,Sasi J.,https://maps.google.com/maps/contrib/108898114590205093323,false,Photo: Sasi J. via Google Maps,google-maps-contributor,https://lh3.googleusercontent.com/gps-cs-s/ANWiy9TqLK4rEzQSbsCnhfcidEg6VjLNY8i3E61e3PmFXiDryztzsM7Ha_pNjJ0XVtzZkZvlUVZ-a4cdqR337bFNikXxu2FEKNTLHHALz2FOb0dN1tZJKLIhpUJKc5vuhKGgPZK14Yu7eM1qXnNK=s2048,https://www.google.com/maps?cid=11411289942696204488
tokyo-the-jade-room-garden-terrace,The Jade Room + Garden Terrace,alt-2,tokyo/photos/tokyo-the-jade-room-garden-terrace/alt-2.webp,1600,1200,landscape,space-interior,place,design|cozy,Volt Tokyo,https://maps.google.com/maps/contrib/102818182326125101465,false,Photo: Volt Tokyo via Google Maps,google-maps-contributor,https://lh3.googleusercontent.com/gps-cs-s/ANWiy9SSS_m8tjYCMYigZ9-ewQTCz8_OP0tQqr0idmwqo9DweOgvcjcNgFieFggaGFwWg0KxQy3dZKQvpBlJsNKZlWkv4M0tLaBII3xQYX97fPppiFrYYeo_R_WSh6XNGCvFlZsub1lir1GzBj0=s2048,https://www.google.com/maps?cid=11411289942696204488
tokyo-the-jade-room-garden-terrace,The Jade Room + Garden Terrace,alt-3,tokyo/photos/tokyo-the-jade-room-garden-terrace/alt-3.webp,1600,1066,landscape,food,place,minimal|design,The Jade Room + Garden Terrace,https://maps.google.com/maps/contrib/114725716382058413156,true,Photo: The Jade Room + Garden Terrace via Google Maps,google-maps-contributor,https://lh3.googleusercontent.com/gps-cs-s/ANWiy9ScoRkOGRMqCQBeCyWD04EFI0wRMZ3autSw_IIcZmHYTDVGCrNJ3IgvvmvelyB_QqvABkYc2TrJl0p7D3XDD1PWUzEvHLv-NMrNblZLhWZrd-iwYn8VQqF4u7541zgVmgo2IAThBvFXK7M=s2048,https://www.google.com/maps?cid=11411289942696204488
tokyo-the-music-bar-cave-shibuya,THE MUSIC BAR -CAVE SHIBUYA-,hero,tokyo/photos/tokyo-the-music-bar-cave-shibuya/hero.webp,1239,824,landscape,space-interior,place,moody|night|retro,THE MUSIC BAR -CAVE SHIBUYA-,https://maps.google.com/maps/contrib/113128490797361148388,true,Photo: THE MUSIC BAR -CAVE SHIBUYA- via Google Maps,google-maps-contributor,https://lh3.googleusercontent.com/grass-cs/ACvplmN7T3M4HavmmDeBCHJfxGHnd8Ufwr6GU5hYPxBKUp9_Rz58gSC08-hq2V9YKNhKnXWKtAUHNpuKLjiHPcOcUQPRGUC4cpEm4AmX-tGuSm8W15DM_WqeUJES5d0JBTeDUXxxsVWDmA=s2048,https://www.google.com/maps?cid=17413167862047183372
tokyo-the-music-bar-cave-shibuya,THE MUSIC BAR -CAVE SHIBUYA-,alt-1,tokyo/photos/tokyo-the-music-bar-cave-shibuya/alt-1.webp,1600,1200,landscape,detail,place,moody|retro|design,Grace Wang,https://maps.google.com/maps/contrib/101899975503857031128,false,Photo: Grace Wang via Google Maps,google-maps-contributor,https://lh3.googleusercontent.com/gps-cs-s/AHRPTWl4XqPvNslGKW57sWIxAtEf6lY1QQN8BGPkS8KPgPArecZfuuUAdZPf0Fom8TCVquHUp2v4fToaZtU54DrfCsMEp_YmIJYkuWfKGTty-E5Rcl4BQBumjQY2AO0MWLA2gKBKoirSvhWNWqQ=s2048,https://www.google.com/maps?cid=17413167862047183372
tokyo-the-music-bar-cave-shibuya,THE MUSIC BAR -CAVE SHIBUYA-,alt-2,tokyo/photos/tokyo-the-music-bar-cave-shibuya/alt-2.webp,1000,666,landscape,drink,place,moody,THE MUSIC BAR -CAVE SHIBUYA-,https://maps.google.com/maps/contrib/113128490797361148388,true,Photo: THE MUSIC BAR -CAVE SHIBUYA- via Google Maps,google-maps-contributor,https://lh3.googleusercontent.com/gps-cs-s/AHRPTWl-4M9MBFS4foC4kVAdTeXIH2KaPxGDx_knpPHE1LL8RoqVOA-5pAzoO6b-1tjIPkHZPNRo_U4Fp7xziiyJnoOzqtOcKQvf1aCbbn3MoyVJYOOJiUnT_dnwFIJiS6Xpb5k5VVgmYQ=s2048,https://www.google.com/maps?cid=17413167862047183372
tokyo-the-music-bar-cave-shibuya,THE MUSIC BAR -CAVE SHIBUYA-,alt-3,tokyo/photos/tokyo-the-music-bar-cave-shibuya/alt-3.webp,1600,1600,square,space-exterior,place,night|design|green,최슨,https://maps.google.com/maps/contrib/100310653099232406257,false,Photo: 최슨 via Google Maps,google-maps-contributor,https://lh3.googleusercontent.com/gps-cs-s/AHRPTWkYd5v1xGVRuo2mbHVgrKaUqtAuAqhBItdQZDGQQSQ_PHfxvbMzetx05pj65TkZK7_pSbbMJK0ig5KZ6lKFrXb9oH7rBivRLxT765C9LazS9RsFRkivqdsLoB55uYKeeK6EK-GTtvvpLKZv=s2048,https://www.google.com/maps?cid=17413167862047183372
tokyo-the-national-art-center-tokyo,"The National Art Center, Tokyo",hero,tokyo/photos/tokyo-the-national-art-center-tokyo/hero.webp,1600,1200,landscape,space-exterior,place,daytime|design|bright,小川ゆうこ,https://maps.google.com/maps/contrib/107153908745805571573,false,Photo: 小川ゆうこ via Google Maps,google-maps-contributor,https://lh3.googleusercontent.com/gps-cs-s/AHRPTWnixwWvlU6-pnusVXgJplfi0xUE_9g5OZvxBGVNa0XJcUBNMzMg8UVgWFuaGGNxKQ19Tpwy8QNa_y4drCJQtTjMZcAsohLIdtvVokCCvsekFkT7jEA0yqHN1u_6Kp-wT0cyY014=s2048,https://www.google.com/maps?cid=4622367683473218840
tokyo-the-national-art-center-tokyo,"The National Art Center, Tokyo",alt-1,tokyo/photos/tokyo-the-national-art-center-tokyo/alt-1.webp,1600,1200,landscape,space-interior,place,design|lively,JS,https://maps.google.com/maps/contrib/112720680032880255021,false,Photo: JS via Google Maps,google-maps-contributor,https://lh3.googleusercontent.com/gps-cs-s/AHRPTWm0XIy598IUmuAJJoXNzSS2zx-L35UoS1Vy2NE0U3VGOr6AH66RIV2BfzXCVmpMk1zrD6Z11IyIYyqjZLGGobK-VmTvmrbG87eJxtBcw97vv9yPqTqrUQGKZEiiP43oCFDGLVWnDBHf9JZ4=s2048,https://www.google.com/maps?cid=4622367683473218840
tokyo-the-national-art-center-tokyo,"The National Art Center, Tokyo",alt-2,tokyo/photos/tokyo-the-national-art-center-tokyo/alt-2.webp,1600,1200,landscape,art,place,minimal,noid shii,https://maps.google.com/maps/contrib/104197408191280096687,false,Photo: noid shii via Google Maps,google-maps-contributor,https://lh3.googleusercontent.com/gps-cs-s/AHRPTWkKH56e6wgDOqvpJ3jeiWKaWuw5tAo6imoHj2AFgeM5_lRWeE_OnKCr0wQGxvNySW6XlAXBc7-dsVxsfMNkvD3xtxX179_Maq3XXFJXQ9eN3eFOKNSUo5oQFux8V3XozkvBVps=s2048,https://www.google.com/maps?cid=4622367683473218840
tokyo-the-national-art-center-tokyo,"The National Art Center, Tokyo",alt-3,tokyo/photos/tokyo-the-national-art-center-tokyo/alt-3.webp,1600,1200,landscape,space-exterior,place,night|design|serene,Kyoko KANAMARU,https://maps.google.com/maps/contrib/103383190272607996235,false,Photo: Kyoko KANAMARU via Google Maps,google-maps-contributor,https://lh3.googleusercontent.com/gps-cs-s/AHRPTWkHiQ7Uy3yijb8jfeelbhpqkW1I9acHCZUKi2Img4rJKwgDv9cdYx-2wNFQTU7DzWoNOjw6YsJ5p-hwbNYX5CK7hiVOYAHaH6nFoL2cv4j2qBtRZ7u3l6o932t9XM3fAYON22mIfFWs-_Go=s2048,https://www.google.com/maps?cid=4622367683473218840
tokyo-the-prince-gallery-tokyo-kioicho-a-luxury-collection-hotel,"The Prince Gallery Tokyo Kioicho, a Luxury Collection Hotel",hero,tokyo/photos/tokyo-the-prince-gallery-tokyo-kioicho-a-luxury-collection-hotel/hero.webp,1600,1205,landscape,space-interior,place,serene|design|skyline,Joshua Lee,https://maps.google.com/maps/contrib/115211090579260860675,false,Photo: Joshua Lee via Google Maps,google-maps-contributor,https://lh3.googleusercontent.com/gps-cs-s/AHRPTWnifDWKtOdx76X8beWSbkkb6MKN8JVPA2DB3fk_z8Iw1CbWFj85Sqqx7K78qvnlVv8N_jW4piT2frwXEQnCrIoDbLh_5ozM3Q8NmhlZw1MJFge284JZreaRvh-cjrYeR5-hvxqkBqx8L1FE=s2048,https://www.google.com/maps?cid=11289201175564781058
tokyo-the-prince-gallery-tokyo-kioicho-a-luxury-collection-hotel,"The Prince Gallery Tokyo Kioicho, a Luxury Collection Hotel",alt-1,tokyo/photos/tokyo-the-prince-gallery-tokyo-kioicho-a-luxury-collection-hotel/alt-1.webp,1600,1200,landscape,space-interior,place,night|skyline|minimal,Ian Mao,https://maps.google.com/maps/contrib/106409313162403913530,false,Photo: Ian Mao via Google Maps,google-maps-contributor,https://lh3.googleusercontent.com/gps-cs-s/AHRPTWkIl7Lne0vXyK1RVAVsuNqcFLSNygDEJxmAdqtQx9rnc_cBT4IZ9V3VU_aYISvVJ8-yHxW7K0UeDx_-HPP3TKezFauTz2P4k_JBJwpybpH7oMn5uWDvOCKCp6HXtRcsZJ_yAR0BL9KCXacP=s2048,https://www.google.com/maps?cid=11289201175564781058
tokyo-the-prince-gallery-tokyo-kioicho-a-luxury-collection-hotel,"The Prince Gallery Tokyo Kioicho, a Luxury Collection Hotel",alt-2,tokyo/photos/tokyo-the-prince-gallery-tokyo-kioicho-a-luxury-collection-hotel/alt-2.webp,1600,900,landscape,space-interior,place,daytime|minimal,ねこ,https://maps.google.com/maps/contrib/103998943458308473081,false,Photo: ねこ via Google Maps,google-maps-contributor,https://lh3.googleusercontent.com/gps-cs-s/AHRPTWnQTcrOyGOTX4ZxE_huXziSD77dAdKV_xCrfxdj47uo9NkVVsoc4Q-UpAzd3ds2IgzxX1GDFQ2s0vGwXLy_b_Y_YVsj8fSSrb6akIuZ5G05STz40k7lR9ZyK65rHGtTLnVmaSkF=s2048,https://www.google.com/maps?cid=11289201175564781058
tokyo-the-sg-club,The SG Club,hero,tokyo/photos/tokyo-the-sg-club/hero.webp,1500,1000,landscape,space-interior,place,moody|retro|counter-seating,台日友好大使 子蓉 シヨウ,https://maps.google.com/maps/contrib/104147525479542767276,false,Photo: 台日友好大使 子蓉 シヨウ via Google Maps,google-maps-contributor,https://lh3.googleusercontent.com/gps-cs-s/ANWiy9TtyOuMCS9iUR46TJDcyA_-P2rp-PwHHWtH9NUXCVt6M7ibFGdLx0XkHPx0DWWIIBJnrQYG4LyehZWvoXfgPy5XOlT0Pgqr-jNfrgliXTsClncB_L0TNG8gMKysUDsAerkBJcj9FW3FWbY=s2048,https://www.google.com/maps?cid=9106308860768526027
tokyo-the-sg-club,The SG Club,alt-1,tokyo/photos/tokyo-the-sg-club/alt-1.webp,1600,1066,landscape,space-interior,place,moody|intimate|retro,台日友好大使 子蓉 シヨウ,https://maps.google.com/maps/contrib/104147525479542767276,false,Photo: 台日友好大使 子蓉 シヨウ via Google Maps,google-maps-contributor,https://lh3.googleusercontent.com/gps-cs-s/ANWiy9SHlUb2HsXkRpQYqT-QciQ-Zp7cCvc1G22TVI6dhixrIwE2JjllgwZ0arsr-k2mRjHsy6uMp-_4h26O_3cc7D1MBvNrAQCAcQWXrc7t_IASaEFnYNvIaZS_eL6E28tcT9QZe0BgS9XXGeOc=s2048,https://www.google.com/maps?cid=9106308860768526027
tokyo-the-sg-club,The SG Club,alt-2,tokyo/photos/tokyo-the-sg-club/alt-2.webp,1200,1600,portrait,drink,place,intimate,H. Cheng,https://maps.google.com/maps/contrib/106931072024826323052,false,Photo: H. Cheng via Google Maps,google-maps-contributor,https://lh3.googleusercontent.com/gps-cs-s/ANWiy9TmYLMwqoyMR2omD-19n7WxQ6DnjogtzDTahffslcPmpFVAdEmuwpUIz1sLg0kcV5mppdxIN7e7jFB1m3w4znzLFaAO6h2C4vXFMGS7prkn986nT1Ny3lL_CeLnccjQa3NfN5OHc56gdqbt=s2048,https://www.google.com/maps?cid=9106308860768526027
tokyo-the-sg-club,The SG Club,alt-3,tokyo/photos/tokyo-the-sg-club/alt-3.webp,900,1600,portrait,drink,place,moody|night,Lara B,https://maps.google.com/maps/contrib/110085747705828225111,false,Photo: Lara B via Google Maps,google-maps-contributor,https://lh3.googleusercontent.com/gps-cs-s/ANWiy9TNEkwhtEw2fkuqg8-UEerXwMdNqJQV_7e84-tqLJZ1cjKivIQGXi84LLNWKf1YcKHjqk-fP0KjzUrJJ7x2r43nv9DRv18QVQLP03fbMYwXhKxlrY78uslvdktdOZd3LxEMDb78IQ=s2048,https://www.google.com/maps?cid=9106308860768526027
tokyo-the-sumida-hokusai-museum,The Sumida Hokusai Museum,hero,tokyo/photos/tokyo-the-sumida-hokusai-museum/hero.webp,1600,1200,landscape,space-exterior,place,daytime|design|bright,望月亮汰,https://maps.google.com/maps/contrib/102859555583494606301,false,Photo: 望月亮汰 via Google Maps,google-maps-contributor,https://lh3.googleusercontent.com/gps-cs-s/AHRPTWm4DIZCTJFqnBSWPN-UQPp0E67UKYBQiDlAnsuj3NqSVWyxP4q7oqxkBew66CyLAfiNsUF-j7m9CLXaoHZpXVzGY-BOp74UD0wfuPG0ExNuL5k64vAJjJbad4tyPj7PDF6g9mBM=s2048,https://www.google.com/maps?cid=8791590658264629930
tokyo-the-sumida-hokusai-museum,The Sumida Hokusai Museum,alt-1,tokyo/photos/tokyo-the-sumida-hokusai-museum/alt-1.webp,1600,1200,landscape,space-interior,place,moody|minimal,nonchan,https://maps.google.com/maps/contrib/115503234283021816223,false,Photo: nonchan via Google Maps,google-maps-contributor,https://lh3.googleusercontent.com/gps-cs-s/ANWiy9SzEU7cnCAzXAZfkSfuHOREgu5nFqDdw-Nf_6WsMQ_-9Emo5tfBlEyVMNRBBXrgpVnebW88DesYo_MZpGmvGCickd8zRFmskr73qKOW3MJALIfTRVEAcve55ZWPQhCNTrHR2wzx=s2048,https://www.google.com/maps?cid=8791590658264629930
tokyo-the-sumida-hokusai-museum,The Sumida Hokusai Museum,alt-2,tokyo/photos/tokyo-the-sumida-hokusai-museum/alt-2.webp,1600,1200,landscape,art,place,minimal,Jin Jin,https://maps.google.com/maps/contrib/101110427660793916295,false,Photo: Jin Jin via Google Maps,google-maps-contributor,https://lh3.googleusercontent.com/gps-cs-s/ANWiy9TbJUsVirqdbxhI_qakM_i-q9dtTpxO0w1Tov33-qMsfi0iQldZuI1Map99hdvcJ6h02-ESFqBRxWOeNEviMzWFi584oaJZgItCIx4dLluSEbLURfTZ1FfdIjg27_BLPcMNdXwS=s2048,https://www.google.com/maps?cid=8791590658264629930
tokyo-the-sumida-hokusai-museum,The Sumida Hokusai Museum,alt-3,tokyo/photos/tokyo-the-sumida-hokusai-museum/alt-3.webp,1600,1200,landscape,art,place,retro,takeo local-guide,https://maps.google.com/maps/contrib/108085275759001245164,false,Photo: takeo local-guide via Google Maps,google-maps-contributor,https://lh3.googleusercontent.com/gps-cs-s/ANWiy9RrNii2DWdtskSa6hl6MBtkzPGe43UfnkShBAAMIMxsaPxe4u2JrpWGth5TGfYkSts23R4v7dsf0F9rCxhtk8S1wLwUKuLNrmqZy1adtMI3UmKLitpqfcCqCfCMycnJcy5tUniQTg=s2048,https://www.google.com/maps?cid=8791590658264629930
tokyo-tokyo-camera,Tokyo Camera,hero,tokyo/photos/tokyo-tokyo-camera/hero.webp,1600,1200,landscape,space-interior,place,retro|bright,Kyung Gu Lee,https://maps.google.com/maps/contrib/111061172233438892836,false,Photo: Kyung Gu Lee via Google Maps,google-maps-contributor,https://lh3.googleusercontent.com/gps-cs-s/AHRPTWkcYvcwCvbXZ1w6uNV_gBFX3CFhfeXAUON0nmt2d6OkXrEAntY8s_JsyF_Tiqwrq9MgHFkTli8L3JAKjptawgPCUTUUHtfKpCHKxV53-6VXHqwlmYiD4Q5B6CnyBc_XbcDl5eCw3YBDXFf1=s2048,https://www.google.com/maps?cid=8278894429956021627
tokyo-tokyo-camera,Tokyo Camera,alt-1,tokyo/photos/tokyo-tokyo-camera/alt-1.webp,1600,1200,landscape,space-exterior,place,street|daytime,koji mano,https://maps.google.com/maps/contrib/114594021519951987264,false,Photo: koji mano via Google Maps,google-maps-contributor,https://lh3.googleusercontent.com/gps-cs-s/AHRPTWm6QDn0_q0vwUpkGRDFn8bfryT9uuEeXjJX8bDrmNkKnHeZNB1wSGMBQ9600jrvU5E485W7Tg2M54jQxgRldyk8I4bfL7hyUNoafXoKL-l4vyhMg-J5uCwjddCV-yvybKmerDau=s2048,https://www.google.com/maps?cid=8278894429956021627
tokyo-tokyo-camera,Tokyo Camera,alt-2,tokyo/photos/tokyo-tokyo-camera/alt-2.webp,1600,900,landscape,detail,place,retro,。,https://maps.google.com/maps/contrib/103856491670210717525,false,Photo: 。 via Google Maps,google-maps-contributor,https://lh3.googleusercontent.com/gps-cs-s/AHRPTWnqLUtGK4TO0jRRqZUBIZQa7whIzfOyZ-uX_Tlef2vrxBNtlyZYQWpGLqJmVBVum9BGLlPfOxdnGytli5aZk6udMVaceLIBsDB4U2Q_HgF-ffte6HXqF-wmrOwxAvsRqSQHmRyiZAgVOt0=s2048,https://www.google.com/maps?cid=8278894429956021627
tokyo-tokyo-camera,Tokyo Camera,alt-3,tokyo/photos/tokyo-tokyo-camera/alt-3.webp,1600,1600,square,detail,place,retro|bright,東京CAMERA,https://maps.google.com/maps/contrib/105950662724970463672,false,Photo: 東京CAMERA via Google Maps,google-maps-contributor,https://lh3.googleusercontent.com/gps-cs-s/AHRPTWmvIAGtkOy5QTD6IjGmDQPCF228z3X_N8AyaWrOBBYTHA8isAhKBQkCRoVAlU4WjumTBDOiieC19KmPPc4GkAOiCUYvYTRrp8qdhEN_BrFRgF1x7DdQ3D9-0T_gaT42LNyxvGEKOJ3SmHU=s2048,https://www.google.com/maps?cid=8278894429956021627
tokyo-tokyo-comedy-bar-tcb,Tokyo Comedy Bar (TCB),hero,tokyo/photos/tokyo-tokyo-comedy-bar-tcb/hero.webp,1600,1200,landscape,space-interior,place,neon|night|lively,主食は焼き餃子,https://maps.google.com/maps/contrib/108373285408984100972,false,Photo: 主食は焼き餃子 via Google Maps,google-maps-contributor,https://lh3.googleusercontent.com/gps-cs-s/AHRPTWlGCD-r25WL4FzbN0xkr7ehQXum5A69bMluUyoKhyphBkssOUaPbaOo5_GSfX7O4_DdwCoWwo1UN6V_-23QUFlz5VfUnsHbFt0JVpm54A_s6hHAZuoaVFv1iiODci1Fei47vWPYpesiOy3n=s2048,https://www.google.com/maps?cid=3345550587848003248
tokyo-tokyo-comedy-bar-tcb,Tokyo Comedy Bar (TCB),alt-1,tokyo/photos/tokyo-tokyo-comedy-bar-tcb/alt-1.webp,1200,1600,portrait,space-interior,place,neon|intimate,Jia Chuen Ho,https://maps.google.com/maps/contrib/101678157097470525472,false,Photo: Jia Chuen Ho via Google Maps,google-maps-contributor,https://lh3.googleusercontent.com/gps-cs-s/AHRPTWlvv7KpXrqmZGbdNmDos6JGliKlJxENYPCJokp3yWC4B0Z2PzTsxcFoXTkx2Sa7-DQpmDY0B1NLBrrvgC07lUiMag8xunFYvpiKmy_iNUBu6bkzBVpZuPfnALTkdvJlaJYyrQzTNhN7QrUF=s2048,https://www.google.com/maps?cid=3345550587848003248
tokyo-tokyo-comedy-bar-tcb,Tokyo Comedy Bar (TCB),alt-2,tokyo/photos/tokyo-tokyo-comedy-bar-tcb/alt-2.webp,1200,1600,portrait,space-exterior,place,street|daytime,ちょっとお役に立ちたい,https://maps.google.com/maps/contrib/106577755805764701285,false,Photo: ちょっとお役に立ちたい via Google Maps,google-maps-contributor,https://lh3.googleusercontent.com/gps-cs-s/AHRPTWm3O4c9Ne-qs3rLV3-qLnDOVnLScWpEExexPsCNg6Oqr6Jj4efs6ynFwZ4RFPsB0pNojGpiy1UxbVSGTJji78fn1TO6h-DnvHM8ykZ-kwOYahf6J3GQ8DFceH-p7DjWlNLt7KMSj3eNkvA=s2048,https://www.google.com/maps?cid=3345550587848003248
tokyo-tokyo-comedy-bar-tcb,Tokyo Comedy Bar (TCB),alt-3,tokyo/photos/tokyo-tokyo-comedy-bar-tcb/alt-3.webp,1600,1200,landscape,space-interior,place,intimate,Nais J,https://maps.google.com/maps/contrib/102689312016189136005,false,Photo: Nais J via Google Maps,google-maps-contributor,https://lh3.googleusercontent.com/gps-cs-s/AHRPTWn1PtSNfA6eGy45udHXLiMVLYUFT5KACH6nbBki_6JvYKvUXEc48e1C18vGvHvFk2zF2p-au3MRTEyfmsV09_8CgAOvU3FkXKgYGFxzw45hG-pZP47822HK_eG1K4hn9OAPtPGjRg=s2048,https://www.google.com/maps?cid=3345550587848003248
tokyo-tokyo-international-forum,Tokyo International Forum,hero,tokyo/photos/tokyo-tokyo-international-forum/hero.webp,1600,1202,landscape,space-interior,place,night|design,milano6440,https://maps.google.com/maps/contrib/103701897126920720894,false,Photo: milano6440 via Google Maps,google-maps-contributor,https://lh3.googleusercontent.com/grass-cs/ACvplmOYFS-J8TRxdc3A6thaIElNg_XuZ8ysRbWfGps0hklqmZYyzoMTsHLcs7t56Nt6ug_uAH4b_D9ICr8n15uwbQsUjsgCjM3-nrebOnIB_0kAErQ7_Ab-AWwzyI9edieTjzw-uD6l=s2048,https://www.google.com/maps?cid=14180262925732488765
tokyo-tokyo-international-forum,Tokyo International Forum,alt-1,tokyo/photos/tokyo-tokyo-international-forum/alt-1.webp,1600,1600,square,space-exterior,place,daytime|design,tokyoiventlife yoko_,https://maps.google.com/maps/contrib/116177240675229555551,false,Photo: tokyoiventlife yoko_ via Google Maps,google-maps-contributor,https://lh3.googleusercontent.com/gps-cs-s/AHRPTWnlJGX5iPqVJW070R1TJXLCtAMJ4xV6FE6m40hxHlNgog-krX-ckXMjYt1DUb5dYRznNEpR-9KbQKI8C6GwFksGUZGkoz5MF7hL3sOOu3DSYPqSXZwLgVjHk3cFu0DP9zJ4Ftnr=s2048,https://www.google.com/maps?cid=14180262925732488765
tokyo-tokyo-international-forum,Tokyo International Forum,alt-2,tokyo/photos/tokyo-tokyo-international-forum/alt-2.webp,1200,1600,portrait,space-exterior,place,night|design,shun,https://maps.google.com/maps/contrib/114811244414328240856,false,Photo: shun via Google Maps,google-maps-contributor,https://lh3.googleusercontent.com/gps-cs-s/AHRPTWlM2oFQxrFcizjnoDG4IdYbpAsUIizHCvTBhowbojF7Aky-YYzfLPxZIfwawd8ox-Y6vOzjmEdcinJ-KoveEzQJ0XQOac8h2j7dGy3uVAXdjS3NjLdZdrLr7XpeWygj6euKreJt=s2048,https://www.google.com/maps?cid=14180262925732488765
tokyo-tokyo-international-forum,Tokyo International Forum,alt-3,tokyo/photos/tokyo-tokyo-international-forum/alt-3.webp,1600,1200,landscape,activity,place,crowd|lively,Hiroshi Goldberg,https://maps.google.com/maps/contrib/104445183448711304719,false,Photo: Hiroshi Goldberg via Google Maps,google-maps-contributor,https://lh3.googleusercontent.com/gps-cs-s/AHRPTWmzxP_Lq4uKPrPhyPk1tICl5ewlRILMrM-GEH-4beVD5mJ47a43VT-qSU7Qcy_gcpYHEmJwu7zinm_QXx3sITsFpm9Epz0tbwlzMKnx1MuRZgrNmfOYE067SX-ANZDC7sawhiZsrS8n-dXa=s2048,https://www.google.com/maps?cid=14180262925732488765
tokyo-tokyo-metropolitan-government-building,Tokyo Metropolitan Government Building,hero,tokyo/photos/tokyo-tokyo-metropolitan-government-building/hero.webp,1600,1200,landscape,view,place,skyline|daytime,昴,https://maps.google.com/maps/contrib/100934847577993005961,false,Photo: 昴 via Google Maps,google-maps-contributor,https://lh3.googleusercontent.com/gps-cs-s/AHRPTWlxabJM8OVhcox-2QPn7lM7fx_E2-4-vcT3TszoAR9yUdJ_m55rlPpYUJPugl_soMrJjEvxo7YQL_ule_NR_JLbOkMIIPuXYiJPR23t_NiGx44aU9pHRKEdmOw9am1SeQ9z-H-U=s2048,https://www.google.com/maps?cid=17394692006143746536
tokyo-tokyo-metropolitan-government-building,Tokyo Metropolitan Government Building,alt-1,tokyo/photos/tokyo-tokyo-metropolitan-government-building/alt-1.webp,1200,1600,portrait,space-exterior,place,daytime|skyline,Hajime Hirata,https://maps.google.com/maps/contrib/118249538818940309131,false,Photo: Hajime Hirata via Google Maps,google-maps-contributor,https://lh3.googleusercontent.com/gps-cs-s/AHRPTWlNVV_SxEqKCln2ufznREA1BgVTCJNvMQHnLpnsDNptcz6Y2kKOYLg8jERHEDGXsbSaXinvAhGoeOVgllINjl6UOiuwXWggnTbMWAOes4pnWuHnI_QNFVWNCHhS3emnaG78Bc4N_A=s2048,https://www.google.com/maps?cid=17394692006143746536
tokyo-tokyo-metropolitan-government-building,Tokyo Metropolitan Government Building,alt-2,tokyo/photos/tokyo-tokyo-metropolitan-government-building/alt-2.webp,900,1600,portrait,space-exterior,place,night,よゆ,https://maps.google.com/maps/contrib/108277317703269653520,false,Photo: よゆ via Google Maps,google-maps-contributor,https://lh3.googleusercontent.com/gps-cs-s/AHRPTWmBSQEuTVWd1OWImLa-WE7kv6knZFDO0OCh20trRl0CC1w6Wu8YAINSPws92F2mL5yNv_fTwo60x7tXyuQWuSorIgfsBnXr4vKc36Ym3lgCIg6ul4_memhPvG_AB0j8i4mNfWMu=s2048,https://www.google.com/maps?cid=17394692006143746536
tokyo-tokyo-metropolitan-government-building,Tokyo Metropolitan Government Building,alt-3,tokyo/photos/tokyo-tokyo-metropolitan-government-building/alt-3.webp,1600,1200,landscape,space-exterior,place,moody|design,fritz nayoan,https://maps.google.com/maps/contrib/116935629047663498045,false,Photo: fritz nayoan via Google Maps,google-maps-contributor,https://lh3.googleusercontent.com/gps-cs-s/AHRPTWnS8F4Neh-rvdEnk68LUFsSJqF9CT4hL8hK41FTxxGqkgZKBKLHrQ3ve6sTq-sZFgo-X-pWwrjBG3yYILC9H_0dnYF6Dia52BqEGiXULk7H1Fhrtupa23qpOD0DloMGRhPsGBrtag=s2048,https://www.google.com/maps?cid=17394692006143746536
tokyo-t-ky-prefectural-rte-305,Tōkyō Prefectural Rte 305,hero,tokyo/photos/tokyo-t-ky-prefectural-rte-305/hero.webp,1600,1200,landscape,space-exterior,surroundings,night|crowd|street,"Dick Thomas Johnson from Tokyo, Japan",,,"Photo: Dick Thomas Johnson from Tokyo, Japan via Wikimedia Commons",CC BY 2.0,https://thumb.wikimedia.org/wikipedia/commons/thumb/5/57/Howl_Be_Quiet_Last_Tour_%22Evergreen%22_%2853075010095%29.jpg/3840px-Howl_Be_Quiet_Last_Tour_%22Evergreen%22_%2853075010095%29.jpg,https://www.google.com/maps?cid=9538857113629294317
tokyo-t-ky-prefectural-rte-305,Tōkyō Prefectural Rte 305,alt-1,tokyo/photos/tokyo-t-ky-prefectural-rte-305/alt-1.webp,1600,1200,landscape,space-interior,surroundings,neon|night|lively,"Dick Thomas Johnson from Tokyo, Japan",,,"Photo: Dick Thomas Johnson from Tokyo, Japan via Wikimedia Commons",CC BY 2.0,https://thumb.wikimedia.org/wikipedia/commons/thumb/6/65/Howl_Be_Quiet_Last_Tour_%22Evergreen%22_%2853075010110%29.jpg/3840px-Howl_Be_Quiet_Last_Tour_%22Evergreen%22_%2853075010110%29.jpg,https://www.google.com/maps?cid=9538857113629294317
tokyo-t-ky-prefectural-rte-305,Tōkyō Prefectural Rte 305,alt-2,tokyo/photos/tokyo-t-ky-prefectural-rte-305/alt-2.webp,1402,1211,landscape,space-exterior,surroundings,street|daytime,Ahgwp7m,,,Photo: Ahgwp7m via Wikimedia Commons,CC BY-SA 4.0,https://upload.wikimedia.org/wikipedia/commons/1/16/Liquid_room.jpg,https://www.google.com/maps?cid=9538857113629294317
tokyo-tokyo-skytree,Tokyo Skytree,hero,tokyo/photos/tokyo-tokyo-skytree/hero.webp,1600,1131,landscape,space-exterior,place,skyline|daytime|bright,Saeed Ullah,https://maps.google.com/maps/contrib/103829844627175481707,false,Photo: Saeed Ullah via Google Maps,google-maps-contributor,https://lh3.googleusercontent.com/gps-cs-s/AHRPTWk3TGAQAPyyJTNDEP1mfbocz9sk26-dSMD2_DN0dL22I3dtKYLiTx8Ayaujmjcobc-_A48U2SUbra_ILo1_Tj9klHW8yyk9Y-3-eO8yZGJIgCUIXn-sbABvGe4SVnA0wZ0BIk66=s2048,https://www.google.com/maps?cid=9015449659807889194
tokyo-tokyo-skytree,Tokyo Skytree,alt-1,tokyo/photos/tokyo-tokyo-skytree/alt-1.webp,1200,1600,portrait,space-exterior,place,night|skyline,Yuki Y (daddy Yuki),https://maps.google.com/maps/contrib/105538883425587011042,false,Photo: Yuki Y (daddy Yuki) via Google Maps,google-maps-contributor,https://lh3.googleusercontent.com/gps-cs-s/AHRPTWlsCUf5_LDGsFMZ-Dbf_mrm1Edc6y6McUkGCjzVBvRM_tDs2cVm3VUgOw7KubLqRR7BzMfkiF4XuoYpFnAVc45_7t4pWVFtqkxW-P5MBc3yl3ELMvrjjee-4yJh9UGLicW0T5px=s2048,https://www.google.com/maps?cid=9015449659807889194
tokyo-tokyo-skytree,Tokyo Skytree,alt-2,tokyo/photos/tokyo-tokyo-skytree/alt-2.webp,1600,1200,landscape,view,place,skyline|daytime|bright,鍵山満弥,https://maps.google.com/maps/contrib/113210949313218248334,false,Photo: 鍵山満弥 via Google Maps,google-maps-contributor,https://lh3.googleusercontent.com/gps-cs-s/AHRPTWlTTPTBuRLF0JBJEIaWUwjDbWG7U1N0ZXN4M8_vcW4po_DxNcjpDLIOemdKAzn-vbmXlk3C3aP4tkfXyil_suljJJ7iVdmQOb1jocpX64wSWzBNBKyAWV1SYI_trWNzGK0b-Ss_ag=s2048,https://www.google.com/maps?cid=9015449659807889194
tokyo-tokyo-skytree,Tokyo Skytree,alt-3,tokyo/photos/tokyo-tokyo-skytree/alt-3.webp,1200,1600,portrait,space-exterior,place,daytime,Nero,https://maps.google.com/maps/contrib/101372256260684895957,false,Photo: Nero via Google Maps,google-maps-contributor,https://lh3.googleusercontent.com/gps-cs-s/AHRPTWkeSuwHCWiXduKk-Bp8GWsRVrK6BkaVp4bHwWTuVt0adG4oGHzC0vJ9MRn4WkogkMKjhcQdX8JjvdLvo36s7dIcJFFvc-4eo4x8OEgF-0aSybSuZSp6e3a_InPAdeAN3M1ZGTlslA=s2048,https://www.google.com/maps?cid=9015449659807889194
tokyo-tokyo-tower,Tokyo Tower,hero,tokyo/photos/tokyo-tokyo-tower/hero.webp,1600,1200,landscape,space-exterior,place,daytime|skyline|bright,쿰척,https://maps.google.com/maps/contrib/112978333114003747188,false,Photo: 쿰척 via Google Maps,google-maps-contributor,https://lh3.googleusercontent.com/gps-cs-s/AHRPTWl7mOQM5Zkj4xxUR-OCM9VvcmsCBVz-GE6MHr3uHJR6XvTCa43CY_XP5nXexM0ru9EymWvTAzZjXVHEYLHN5blI4OGGNgf8Nf01jbx1SpdMMMJO4F-UIAOwflz8FwT3gE-w7PFs=s2048,https://www.google.com/maps?cid=5195627782660688349
tokyo-tokyo-tower,Tokyo Tower,alt-1,tokyo/photos/tokyo-tokyo-tower/alt-1.webp,1200,1600,portrait,space-exterior,place,night|moody,Oscar Loo,https://maps.google.com/maps/contrib/117238268308268465632,false,Photo: Oscar Loo via Google Maps,google-maps-contributor,https://lh3.googleusercontent.com/gps-cs-s/ANWiy9TRUMg_GGBq8uzrOcT-yuHnXOyaHl8WbwGcwsTsNRITLJTSxzzkSHgvceNturKkKkdv3gfvek2KvUI2-Aez1g1ILlpGxUwK9746MTAH4GAR4i09URGBun99nkfWfi1_039Hskw=s2048,https://www.google.com/maps?cid=5195627782660688349
tokyo-tokyo-tower,Tokyo Tower,alt-2,tokyo/photos/tokyo-tokyo-tower/alt-2.webp,1600,1065,landscape,view,place,skyline|moody,AN*HF,https://maps.google.com/maps/contrib/106646379471621882378,false,Photo: AN*HF via Google Maps,google-maps-contributor,https://lh3.googleusercontent.com/gps-cs-s/ANWiy9STZZET5hz6JW395GDEoveYu236zeGYyH4_tCQ2opt0cOegxLPCK1m5iGPYErCPCaDxwytO8G7OX3W6vYAlivq8-miRl0vYloPhc5OsT-uKLmc7lMJw3QjkB5e-eiS-piApQQJY-eQEbwA=s2048,https://www.google.com/maps?cid=5195627782660688349
tokyo-tokyo-tower,Tokyo Tower,alt-3,tokyo/photos/tokyo-tokyo-tower/alt-3.webp,1600,1200,landscape,view,place,skyline|night,Beijia Zhang,https://maps.google.com/maps/contrib/115625212538558042789,false,Photo: Beijia Zhang via Google Maps,google-maps-contributor,https://lh3.googleusercontent.com/gps-cs-s/ANWiy9QQukAvjq6oytskWJ3u72IVGqJ6w2g_5qJBV7y5qawFfhfwum1LvmysURDi_OMsffeWkWXwrMfyBRRx2bKHc_1s0ro7OXaC7YqyOOEEOYAQKBOLcM5e5cgPH_VS3ilZGHMSISSvTA=s2048,https://www.google.com/maps?cid=5195627782660688349
tokyo-tomioka-hachiman-shrine,Tomioka Hachiman Shrine,hero,tokyo/photos/tokyo-tomioka-hachiman-shrine/hero.webp,1600,1200,landscape,space-exterior,place,daytime|green|serene,garcia morisita,https://maps.google.com/maps/contrib/116763063534080911032,false,Photo: garcia morisita via Google Maps,google-maps-contributor,https://lh3.googleusercontent.com/gps-cs-s/AHRPTWmMOs3jmVkwBkmHheSK2yMHywnIGqNWLBszQ8AdgDkpWRTVS6cnyJLbkWQt5YaM50KkNy9kCMCviLxRNImnovSOniB3pwrGRuoitZBQO8ymLtOStZKiL9T2pxdqFjtJCuU6qrLE=s2048,https://www.google.com/maps?cid=11509824234061588198
tokyo-tomioka-hachiman-shrine,Tomioka Hachiman Shrine,alt-1,tokyo/photos/tokyo-tomioka-hachiman-shrine/alt-1.webp,1600,1600,square,space-exterior,place,daytime|green,千上,https://maps.google.com/maps/contrib/114922810363384090796,false,Photo: 千上 via Google Maps,google-maps-contributor,https://lh3.googleusercontent.com/gps-cs-s/AHRPTWk7TNnn8Lu2_ev_uEdhI5AB7KptGafR9xLmzWmGzKlcsska0VBLndk2eky9F0k-dmTlJZB6q6B4Enz51_4vXeF81QQ3wLMJgadUHiUf67t2WgFYw8ZdoDitb2Bnb7nsQL5n5Fk=s2048,https://www.google.com/maps?cid=11509824234061588198
tokyo-tomioka-hachiman-shrine,Tomioka Hachiman Shrine,alt-2,tokyo/photos/tokyo-tomioka-hachiman-shrine/alt-2.webp,1200,1600,portrait,detail,place,retro,szk yumikochan.,https://maps.google.com/maps/contrib/101578934767711131204,false,Photo: szk yumikochan. via Google Maps,google-maps-contributor,https://lh3.googleusercontent.com/gps-cs-s/AHRPTWl_--bY58s8eWqy-sVoKhIUKlhYtxGn5ObBAHKNFYrafTp6TMc2GaCrZ3Q7UZvaULAqMqrmNKi3XrVTjgi1K_2NBrU70r9Tk43H4A3KPyl1fISPcnf2z_19oaIM-edspPMfuVzx8A=s2048,https://www.google.com/maps?cid=11509824234061588198
tokyo-tomioka-hachiman-shrine,Tomioka Hachiman Shrine,alt-3,tokyo/photos/tokyo-tomioka-hachiman-shrine/alt-3.webp,1600,1600,square,detail,place,daytime|green,猿王グルメ,https://maps.google.com/maps/contrib/102411055516946245002,false,Photo: 猿王グルメ via Google Maps,google-maps-contributor,https://lh3.googleusercontent.com/gps-cs-s/AHRPTWn_ro3Gw4Z9ghzGlGhTD7-UuSBnHH3_kTBsKtgWwYaJwImDwYBVNPc_MXG5yQjnEdwAuaQGFoNjQinq16nPYV1JFULEIEtLw687tT4_SsB8J1IEGDe4ZZWYJYXeMyA_V1yS-e5E=s2048,https://www.google.com/maps?cid=11509824234061588198
tokyo-tonkatsu-marushichi-ginza,Tonkatsu Marushichi Ginza,hero,tokyo/photos/tokyo-tonkatsu-marushichi-ginza/hero.webp,1600,1200,landscape,food,place,moody,Cornelius Ong,https://maps.google.com/maps/contrib/117679980267641989424,false,Photo: Cornelius Ong via Google Maps,google-maps-contributor,https://lh3.googleusercontent.com/gps-cs-s/AHRPTWn-42IMtgUGExzne6ABjipYbx810XvHXBHpRhL9gdw79KgpFEJRPcsx2wYIBxFA7hDKjiA1VEk1FZg9UMJXW4_95eePBNRxtIH62z89S101-6tZYYVOd9qujI0az3auZKXpMg7TGBIsGy6-=s2048,https://www.google.com/maps?cid=6753819169569925874
tokyo-tonkatsu-marushichi-ginza,Tonkatsu Marushichi Ginza,alt-1,tokyo/photos/tokyo-tonkatsu-marushichi-ginza/alt-1.webp,1200,1600,portrait,space-exterior,place,street|minimal,John Carlo Morales,https://maps.google.com/maps/contrib/101972677952042183045,false,Photo: John Carlo Morales via Google Maps,google-maps-contributor,https://lh3.googleusercontent.com/grass-cs/ACvplmMV95ahfz_w2azsr3jXRO1qkd0JC7oneaoABoJf3KDKdloneVZBkZ2sVVZ4z6bgU8s-WVuapHQgrsP7rsVfoC9E8oApAET-59Us6VURLUPyXyMkFQpRWZW_PO_hf7rxroRC5D5ZWHmls3Hs=s2048,https://www.google.com/maps?cid=6753819169569925874
tokyo-tonkatsu-marushichi-ginza,Tonkatsu Marushichi Ginza,alt-2,tokyo/photos/tokyo-tonkatsu-marushichi-ginza/alt-2.webp,1600,1600,square,food,place,minimal,peko chan,https://maps.google.com/maps/contrib/101380795542074763564,false,Photo: peko chan via Google Maps,google-maps-contributor,https://lh3.googleusercontent.com/gps-cs-s/AHRPTWnOeMEOvv-NODJrZlPMX9zimq22n5lNnXtWc2DLIKmzOvbNVWliK9FQn7tk9LSV2-jR2yBPI05rofoEqwiV9ZhnBwpVFtFNas0B7j1LbVVvNKQanliWPSCJWbMlyXaGlfBACYTpLXNVN8Kh=s2048,https://www.google.com/maps?cid=6753819169569925874
tokyo-tonkatsu-marushichi-ginza,Tonkatsu Marushichi Ginza,alt-3,tokyo/photos/tokyo-tonkatsu-marushichi-ginza/alt-3.webp,1600,1202,landscape,food,place,bright,miya miya,https://maps.google.com/maps/contrib/109521132686953788104,false,Photo: miya miya via Google Maps,google-maps-contributor,https://lh3.googleusercontent.com/gps-cs-s/AHRPTWn85Xe0u9ox680BM6HDasU0V8OG37FdTDuExKpH7PcpizFaKVWjFdlozUrKZKCZNgCDREM3YOcbcLSslV_F0b5ABotVJCdYPHWbBCsOaggbc9jcXpRgBiEE9I66YnN4rEFO3MzrWz97h1T8=s2048,https://www.google.com/maps?cid=6753819169569925874
tokyo-toranomon-yokocho,Toranomon Yokocho,hero,tokyo/photos/tokyo-toranomon-yokocho/hero.webp,1600,1200,landscape,space-interior,place,lively|design,mu,https://maps.google.com/maps/contrib/115515553707399632525,false,Photo: mu via Google Maps,google-maps-contributor,https://lh3.googleusercontent.com/gps-cs-s/AHRPTWloSWUKOoPCPPjf5uSC-NfIckS1qoJQl6UzKCZU0ZSKodwhWBT0cztwrm5iu-1HBQRcSjlaO_rLss01k7_qsvfvX57GR7qm_EqdILqZxjIkfsu4ydN8na7hD6tomp_uZM6OCQtFkGGzlwo=s2048,https://www.google.com/maps?cid=5231569841113892392
tokyo-toranomon-yokocho,Toranomon Yokocho,alt-1,tokyo/photos/tokyo-toranomon-yokocho/alt-1.webp,1127,561,landscape,space-interior,place,lively|cozy,虎ノ門横丁,https://maps.google.com/maps/contrib/100375548545484620866,false,Photo: 虎ノ門横丁 via Google Maps,google-maps-contributor,https://lh3.googleusercontent.com/grass-cs/AABkmLfReZWi9ISm7NDNrcnWFUNzLVo9hceARnHF8gsJm2OCKV-KiwiLmT0Qc9i7O7Rd7pboXBjPw_jCGgHUFXVqI6Ggd7x-Tt1_UuVOyErcF3EZjwcuqF9j38uXrTC2qSCbQB8V1WYafawRSttR=s2048,https://www.google.com/maps?cid=5231569841113892392
tokyo-toranomon-yokocho,Toranomon Yokocho,alt-2,tokyo/photos/tokyo-toranomon-yokocho/alt-2.webp,1600,1200,landscape,space-interior,place,counter-seating|lively,ひでこ,https://maps.google.com/maps/contrib/117412409651884781701,false,Photo: ひでこ via Google Maps,google-maps-contributor,https://lh3.googleusercontent.com/gps-cs-s/AHRPTWnKbixEz3tV-FvvJ3ZhOt7bupY9_aTfuxMswVjPJnegxtA4d5CyzGDF7NHmyKCSGpg6uh0_7MOdXBGLAymtrl2p4U-SZV5SbqX8rxMPe79V74wj0dATJS8UFspk9I-6OQBxLl8nAz-ZPvou=s2048,https://www.google.com/maps?cid=5231569841113892392
tokyo-toranomon-yokocho,Toranomon Yokocho,alt-3,tokyo/photos/tokyo-toranomon-yokocho/alt-3.webp,1600,1475,square,food,place,cozy,hiro,https://maps.google.com/maps/contrib/111327956304456162645,false,Photo: hiro via Google Maps,google-maps-contributor,https://lh3.googleusercontent.com/gps-cs-s/AHRPTWmyjKldoCef7YCgIQY76qUSeClhYWeY8A6H12SvK0GM1MCT6EXUPINwty5VNPRwRUWlrHYtkdmQ3Od7Fu7tJ3L6Zi4cOQfU1DnEyMWlMqe2Q4TU9ikLHJ1a9mhGsMl8FyGpS1o5rEHhFBI=s2048,https://www.google.com/maps?cid=5231569841113892392
tokyo-toraya-tokyo,TORAYA TOKYO,hero,tokyo/photos/tokyo-toraya-tokyo/hero.webp,1600,1066,landscape,space-interior,place,minimal|design|serene,TORAYA TOKYO,https://maps.google.com/maps/contrib/115580167386685368381,true,Photo: TORAYA TOKYO via Google Maps,google-maps-contributor,https://lh3.googleusercontent.com/grass-cs/ACvplmPn9MgpVImMB-d6pyc4j4yxy9Q2cN4xPdfzSlJ1rlndXsIG1aO-IAFY24n32aQloWxVGdwlXBglQ1qqitr2_9hlZnMLWxHkfGEOX1xWMRP2luyHiRO2vOtK5IQQLKYZhakoueEHB7xiZPQ=s2048,https://www.google.com/maps?cid=16591143511365385542
tokyo-toraya-tokyo,TORAYA TOKYO,alt-1,tokyo/photos/tokyo-toraya-tokyo/alt-1.webp,1600,1200,landscape,food,place,bright|design,Natsuki Nitta,https://maps.google.com/maps/contrib/101834450722706538806,false,Photo: Natsuki Nitta via Google Maps,google-maps-contributor,https://lh3.googleusercontent.com/gps-cs-s/AHRPTWnhZhwQ1Ye1IKYQ0hOyx2kw0mPu81v3cxwha-L3MHJaLB4jPwRFX0pQ2Vh9Sminu3m8ub3QawudGxVsoVWotmFAkO24wSLayFCEXR5MrpPKlFmsu77UMrPvAXZ5fmRYSIIa1hfi-v78AeKt=s2048,https://www.google.com/maps?cid=16591143511365385542
tokyo-toraya-tokyo,TORAYA TOKYO,alt-2,tokyo/photos/tokyo-toraya-tokyo/alt-2.webp,1252,1252,square,food,place,green|bright,t,https://maps.google.com/maps/contrib/100073102567047003624,false,Photo: t via Google Maps,google-maps-contributor,https://lh3.googleusercontent.com/gps-cs-s/AHRPTWnTS4QjTsPUfVvS1Nht_5fFuQs3VcKCAw2hN2ZjsaGpiiPdnXvXvbE_azx3J_OYL-g0p1vftet9Fe6aL_c7KxxDPn14xFyGc4RjBVnY5o20bEaMBdNNlE36ijGjbh1BBTvf3oU1Q4kivVkv=s2048,https://www.google.com/maps?cid=16591143511365385542
tokyo-toraya-tokyo,TORAYA TOKYO,alt-3,tokyo/photos/tokyo-toraya-tokyo/alt-3.webp,1600,1600,square,space-exterior,place,minimal,Flower,https://maps.google.com/maps/contrib/115735985912839436250,false,Photo: Flower via Google Maps,google-maps-contributor,https://lh3.googleusercontent.com/gps-cs-s/AHRPTWkpKWEKvIo5q_RBPt0EZ0BwAzCVD17Db3oyZHieo3ATrfRVD3Mb9tdK24xEbSz4DGHQYb6VfuPJgJirOUBkYAWNp_nswhS3uQYVQOJttS_xhcnBIIc4uIg6d22mihVFB0C0b-ZD43by29J2=s2048,https://www.google.com/maps?cid=16591143511365385542
tokyo-tori-yaro,Tori yaro,hero,tokyo/photos/tokyo-tori-yaro/hero.webp,1600,1200,landscape,food,place,lively,ぬーすP,https://maps.google.com/maps/contrib/107363285285459346782,false,Photo: ぬーすP via Google Maps,google-maps-contributor,https://lh3.googleusercontent.com/gps-cs-s/ANWiy9QcREVChw1Bn1znaNLl5tO3gnFhi5rhkqOCWu_IXMib6Hxej1MEtqqY_0nE9LaoYrRX0p_7V8OC4REPOw9RcTCifWbgUaVFtIAZXqsAZfDtzWJsdSdrb6nOtrRkDeRCbzITlgXf=s2048,https://www.google.com/maps?cid=1052335898849249269
tokyo-tori-yaro,Tori yaro,alt-1,tokyo/photos/tokyo-tori-yaro/alt-1.webp,1600,1200,landscape,space-interior,place,lively|bright,鶏ヤロー！上野アメ横店【上野本店】TORIYARO-UENO 【IZAKAYA】,https://maps.google.com/maps/contrib/106758743483418933823,false,Photo: 鶏ヤロー！上野アメ横店【上野本店】TORIYARO-UENO 【IZAKAYA】 via Google Maps,google-maps-contributor,https://lh3.googleusercontent.com/grass-cs/ACvplmPf2gdXpO2pPtd1q56CWtWXMwlcvkI56Jn7uH2SH7OcN_4W-_yhQQS3S8LCb1lHDZswE0HhAwHQN_tvi7UO12o8M3iniqIrdRCHs_HEU-gghf9Y4nhnJfq39s2s1ypoMuDy5Tiw=s2048,https://www.google.com/maps?cid=1052335898849249269
tokyo-tori-yaro,Tori yaro,alt-2,tokyo/photos/tokyo-tori-yaro/alt-2.webp,1200,1600,portrait,drink,place,lively,Mix's SATANASIT,https://maps.google.com/maps/contrib/101381024413399965307,false,Photo: Mix's SATANASIT via Google Maps,google-maps-contributor,https://lh3.googleusercontent.com/gps-cs-s/ANWiy9TpvQLTlnqp6j7Wjttc1g5YEv4gqB_TEJXJepCfHBIaP5cpIo6VabTpRPmsXeEmDEtkjUkQ9W106dk5uW5LRYqqu99o2eFB2Xl4EJqeh7VmCjjGAuhr5UWe5l0F501zCr9CtIrn5tcY0rM=s2048,https://www.google.com/maps?cid=1052335898849249269
tokyo-tori-yaro,Tori yaro,alt-3,tokyo/photos/tokyo-tori-yaro/alt-3.webp,1076,807,landscape,food,place,minimal,鶏ヤロー！上野アメ横店【上野本店】TORIYARO-UENO 【IZAKAYA】,https://maps.google.com/maps/contrib/106758743483418933823,false,Photo: 鶏ヤロー！上野アメ横店【上野本店】TORIYARO-UENO 【IZAKAYA】 via Google Maps,google-maps-contributor,https://lh3.googleusercontent.com/gps-cs-s/ANWiy9RpS2WobDj3i77sHF6VDCs-83fppgDG0ogpv8KpV4EjBeD_FJvAZGuDIP4jO_p6GNAPTorTHpQc-eZOiD8w7m7trDWEj-W0C_R70A5k7vzRhMUYnr9X418PDlmcDxaa3A6puv9g=s2048,https://www.google.com/maps?cid=1052335898849249269
tokyo-torikatsu-chicken,Torikatsu Chicken,hero,tokyo/photos/tokyo-torikatsu-chicken/hero.webp,1600,1202,landscape,food,place,bright,ゆず,https://maps.google.com/maps/contrib/114075639135789485979,false,Photo: ゆず via Google Maps,google-maps-contributor,https://lh3.googleusercontent.com/gps-cs-s/AHRPTWl_L0293KwZVQQiQdReofPkK1MPKIOgq8xoaD_g4wb0ZT7yvLfovp2-cu2ym9XU8RqvbksmMh_KMX8J09X9Mj1SpVx8BEy0EvcfjKRlyZlMtEkpWPCFxFvZ0Nt8F4X_InZVXucdp7FoDiMz=s2048,https://www.google.com/maps?cid=2024953064980840691
tokyo-torikatsu-chicken,Torikatsu Chicken,alt-1,tokyo/photos/tokyo-torikatsu-chicken/alt-1.webp,1600,1200,landscape,space-interior,place,counter-seating|retro|lively,Geoffrey Loza,https://maps.google.com/maps/contrib/113300714766246853475,false,Photo: Geoffrey Loza via Google Maps,google-maps-contributor,https://lh3.googleusercontent.com/gps-cs-s/AHRPTWkNNLZ3f-btMR6K39ofK_CPD5iMCz2avehTcVxVNzY2ub4Xozj6u-_6o_ZN5BvoNuXpSWzQlRVbe1zEO7zpsEH_EplKAxBJTVy2HbmHTJsE78neI56KTUlpnIlA3bGzVTfHPq5_gI1DqQE=s2048,https://www.google.com/maps?cid=2024953064980840691
tokyo-torikatsu-chicken,Torikatsu Chicken,alt-2,tokyo/photos/tokyo-torikatsu-chicken/alt-2.webp,1200,1600,portrait,space-exterior,place,retro|street,kago_foodie,https://maps.google.com/maps/contrib/108634345660260636308,false,Photo: kago_foodie via Google Maps,google-maps-contributor,https://lh3.googleusercontent.com/gps-cs-s/AHRPTWmd4_br8pjNe8KksjEqVzBjbwghzqVHY4Fqcqb-owpsoJmqism9T7vIdGLRMWJ5b_GX921sEC2goB_viDVD0ZJS_Jtl0jAF-yBsKmm5voa5k5h2fmL186hCHh-RdwhMpg8gqRxfOHpe15XZ=s2048,https://www.google.com/maps?cid=2024953064980840691
tokyo-torikatsu-chicken,Torikatsu Chicken,alt-3,tokyo/photos/tokyo-torikatsu-chicken/alt-3.webp,1200,1600,portrait,space-exterior,place,street|retro,kago_foodie,https://maps.google.com/maps/contrib/108634345660260636308,false,Photo: kago_foodie via Google Maps,google-maps-contributor,https://lh3.googleusercontent.com/gps-cs-s/AHRPTWmQKoZaxO7EoR0stXQ2fnoOwYUvj0VFP0d93h1DaAzS3wOq8ROpBjeadK3313EREdpBysKYiGKS6rG1Ss5e3Qo8aZROFftR0opcRndWob5ZD2LaUa5sfk907MURXHYt7tINZayuqDUxGv9C=s2048,https://www.google.com/maps?cid=2024953064980840691
tokyo-totopa-sauna,Totopa Sauna,hero,tokyo/photos/tokyo-totopa-sauna/hero.webp,1600,1066,landscape,space-interior,place,minimal|serene|design,TOTOPA 都立明治公園店,https://maps.google.com/maps/contrib/101483440147691315911,false,Photo: TOTOPA 都立明治公園店 via Google Maps,google-maps-contributor,https://lh3.googleusercontent.com/grass-cs/ACvplmPLVyCKba0GiDliRG-uj15I3S_aZTb6FKQIheWQUGphNRIWXXvXJzoOwCaWTqLvHJdgwSYmxv1S1lLs_PwldBlgNxXQRNR7P2lWDk9llfHuT0vQaP8c9jGxg_2ZgZb-yd_muhRgcg=s2048,https://www.google.com/maps?cid=7702155108002947958
tokyo-totopa-sauna,Totopa Sauna,alt-1,tokyo/photos/tokyo-totopa-sauna/alt-1.webp,1200,1600,portrait,space-interior,place,serene|bright|minimal,ねこグルメ,https://maps.google.com/maps/contrib/105368060472422134247,false,Photo: ねこグルメ via Google Maps,google-maps-contributor,https://lh3.googleusercontent.com/gps-cs-s/AHRPTWnajK0C6nb7VwwVMA1yPjbmxIpfUjzjQ67hR1fILQN3UbEW0rMqoatlogbuGmXVkHxWsyh3yIoYUsiZs-GtQWnocV5aR0dBqFBuxUBe3TgHAH-9STJKbiA9dDanU4bogWjVbSZR=s2048,https://www.google.com/maps?cid=7702155108002947958
tokyo-totopa-sauna,Totopa Sauna,alt-2,tokyo/photos/tokyo-totopa-sauna/alt-2.webp,1600,1200,landscape,space-exterior,place,daytime|green|design,hayato suzuki,https://maps.google.com/maps/contrib/110165736534030720062,false,Photo: hayato suzuki via Google Maps,google-maps-contributor,https://lh3.googleusercontent.com/gps-cs-s/AHRPTWnKWACr8Ox-q8cQvPdUOytRhKtj6VZSmaUryRTJFHZzWKccTZ69pksnoiZ2JAQkhyDRCNZ02naOfkme9og3HfetqdUh-V9KOy8_zICQ06O8JoGvCoC2LdL32u-uDi0M2YiUbWgQ8A=s2048,https://www.google.com/maps?cid=7702155108002947958
tokyo-totopa-sauna,Totopa Sauna,alt-3,tokyo/photos/tokyo-totopa-sauna/alt-3.webp,1600,1200,landscape,view,place,daytime|skyline|bright,Hana,https://maps.google.com/maps/contrib/113253985583611218414,false,Photo: Hana via Google Maps,google-maps-contributor,https://lh3.googleusercontent.com/gps-cs-s/AHRPTWmh55tkyjDJ7tSktP6pcMmM4KmK4SqCLdAJ49wMrNpOR5Oy3xmUomsCUSMDcWHiugBlv-p5bMFcyjjM64LsrH8tnw6w1MbQ2zdDBwJYvIcanofzx-Ue5cs73gZIOGxZ9LnfdCYJ=s2048,https://www.google.com/maps?cid=7702155108002947958
tokyo-trump-room,Trump Room,hero,tokyo/photos/tokyo-trump-room/hero.webp,1600,1200,landscape,space-interior,place,night|moody|retro,David Maddison,https://maps.google.com/maps/contrib/109124500510284889906,false,Photo: David Maddison via Google Maps,google-maps-contributor,https://lh3.googleusercontent.com/grass-cs/ACvplmPfezKcGZyjLQU9unVmTHd8N75DHk8oqVFzyclLlIqXRRYolCzJAAStijqB-fInq3mwwlu-D-Iv7YCdiI5yGnRqLhYHoakZP7srGovLztS6pnwHs3g0T0kFfJBfpxfHnfQVHuVPbw=s2048,https://www.google.com/maps?cid=11082306435102345930
tokyo-trump-room,Trump Room,alt-1,tokyo/photos/tokyo-trump-room/alt-1.webp,1600,1600,square,space-interior,place,night|retro|design,Laurent,https://maps.google.com/maps/contrib/107296017061325627489,false,Photo: Laurent via Google Maps,google-maps-contributor,https://lh3.googleusercontent.com/gps-cs-s/ANWiy9Tt6s2eSZQFJlXZ9z9XJ2oMCUVrvrp8QO4ypP5Vg9kGbV_OcoGjKO_MoQNgQWaUzRLD_7b07aiPivPeOc7IToOdlWHQti0NTcaOKIr1hcrncbvvic7A7qAHIDgOl5t_QQ0JvS0=s2048,https://www.google.com/maps?cid=11082306435102345930
tokyo-trump-room,Trump Room,alt-2,tokyo/photos/tokyo-trump-room/alt-2.webp,1600,1600,square,detail,place,moody|retro|candlelit,Laurent,https://maps.google.com/maps/contrib/107296017061325627489,false,Photo: Laurent via Google Maps,google-maps-contributor,https://lh3.googleusercontent.com/gps-cs-s/ANWiy9QBAJwQCZ-2bISw3FNUMAmY9ECyF2DToWApvago6ai7y7OY-9qNthB0-QfVA--Gg36hl29mUtRmF_aFv0sI1V9Cvt_tIQU_k3xg5-wqTbTFjX5McpmFB-suzgYW8oMncHiKGCOQ=s2048,https://www.google.com/maps?cid=11082306435102345930
tokyo-trump-room,Trump Room,alt-3,tokyo/photos/tokyo-trump-room/alt-3.webp,1600,900,landscape,detail,place,night|candlelit|moody,Alexander Wilson,https://maps.google.com/maps/contrib/107994847656500769340,false,Photo: Alexander Wilson via Google Maps,google-maps-contributor,https://lh3.googleusercontent.com/gps-cs-s/ANWiy9Qei7lG-0EzeCUY2qN_kb2rj19DzfubT1aK37XY2NHVV5l8oX5oV2Nr4aZfUpQF37dyIQ8tnQy55IugRTxG-D7vzTP3F7r1YjUFfNm7PkSVXaK4Cup6nOgBcf0iF5YJ1Wd2Bec=s2048,https://www.google.com/maps?cid=11082306435102345930
tokyo-trunk-hotel,TRUNK HOTEL,hero,tokyo/photos/tokyo-trunk-hotel/hero.webp,1600,1066,landscape,space-exterior,place,green|daytime|design,TRUNK(HOTEL) CAT STREET,https://maps.google.com/maps/contrib/106238078271201568066,false,Photo: TRUNK(HOTEL) CAT STREET via Google Maps,google-maps-contributor,https://lh3.googleusercontent.com/grass-cs/ACvplmPQlPAJggRkwAvG_29cgjcFOILyOaOyuBtDLvJ2Oqmp_MI5R4wVpbKFCLxGz16QWS2QM2LQl5MoXaCglwzPxuPAntygXBfD45_vd2lRyMluc84kMvMoMqC6b0dCbgPpeMMyK-26=s2048,https://www.google.com/maps?cid=5099426282963219760
tokyo-trunk-hotel,TRUNK HOTEL,alt-1,tokyo/photos/tokyo-trunk-hotel/alt-1.webp,1600,1066,landscape,space-interior,place,design|cozy,TRUNK(HOTEL) CAT STREET,https://maps.google.com/maps/contrib/106238078271201568066,false,Photo: TRUNK(HOTEL) CAT STREET via Google Maps,google-maps-contributor,https://lh3.googleusercontent.com/gps-cs-s/AHRPTWneFtnS2IP-DcUvngbortN8jYbTt8LxXDaW4-4wkvOmpQfEVhbMuqGV1iD2ejMZJyoSKEHeeNAeYJhHfvpJguK6BJWq2d-XzWCts-OIy9Eio8V6neE8ClI10OhOHp7yt2f79k4=s2048,https://www.google.com/maps?cid=5099426282963219760
tokyo-trunk-hotel,TRUNK HOTEL,alt-2,tokyo/photos/tokyo-trunk-hotel/alt-2.webp,1600,1060,landscape,space-exterior,place,daytime|green|garden,TRUNK(HOTEL) CAT STREET,https://maps.google.com/maps/contrib/106238078271201568066,false,Photo: TRUNK(HOTEL) CAT STREET via Google Maps,google-maps-contributor,https://lh3.googleusercontent.com/gps-cs-s/AHRPTWlw551be4l-sbNVEdeHfQDLKZRR6O0jcTq09B3rQ_9iZZJTGmtITQp-PT2Yht6S2VJ-J6biPoDSrn2hO61r7xsw3LLzgBGs_LN2q9fwY_wEMs2ghRctznMKAi5a298DhRVz29D8=s2048,https://www.google.com/maps?cid=5099426282963219760
tokyo-trunk-hotel,TRUNK HOTEL,alt-3,tokyo/photos/tokyo-trunk-hotel/alt-3.webp,1600,1066,landscape,detail,place,minimal|design,TRUNK(HOTEL) CAT STREET,https://maps.google.com/maps/contrib/106238078271201568066,false,Photo: TRUNK(HOTEL) CAT STREET via Google Maps,google-maps-contributor,https://lh3.googleusercontent.com/gps-cs-s/AHRPTWk9j2tTwothTYJ1bDd3QYUpwqhJx6YfTojrGQjzAyWFF1XoG_DbZ6e8pfpZK2R61wruzZofbxW8G65pv6bSLLZgn5VdwiGRilX14SgkjWgTh3Bxq5DHtwqDki0GPcZUipviRZ6M=s2048,https://www.google.com/maps?cid=5099426282963219760
tokyo-tsukada-shabu-shabu,Tsukada Shabu Shabu,hero,tokyo/photos/tokyo-tsukada-shabu-shabu/hero.webp,1600,1067,landscape,space-interior,place,night|skyline|counter-seating,しゃぶしゃぶつかだ 渋谷スクランブルスクエア店,https://maps.google.com/maps/contrib/110234302393872108875,false,Photo: しゃぶしゃぶつかだ 渋谷スクランブルスクエア店 via Google Maps,google-maps-contributor,https://lh3.googleusercontent.com/grass-cs/ACvplmPjo0aE6ZhEK_wVyQljL6i8Lx-L2dPBdJ7ZjRWkSizAvMKPL5FEmc6r3x98GCzZILtGmd7VTGECOX_5W-l-wI2EQdcW_5kFWk0YWsZ-quXhEwyg2u9wS1NVZIfw6HUsaVvl_jHQfw=s2048,https://www.google.com/maps?cid=15396242003903415507
tokyo-tsukada-shabu-shabu,Tsukada Shabu Shabu,alt-1,tokyo/photos/tokyo-tsukada-shabu-shabu/alt-1.webp,1600,1200,landscape,food,place,counter-seating|moody,官育陞,https://maps.google.com/maps/contrib/103303827274019695064,false,Photo: 官育陞 via Google Maps,google-maps-contributor,https://lh3.googleusercontent.com/gps-cs-s/AHRPTWlS90tl7FnDfJEg-3kD56l2wFlvRulpsP-ka9x-dQ7fDStVXtSNIIreU8yhU4emGLxDhOi56EZM3Njrr5WxlzYKyNVKaaR8582S5_qo04W_XVXcqsSiTsSuUoXtQYTAwlohEYNKm5hktRuH=s2048,https://www.google.com/maps?cid=15396242003903415507
tokyo-tsukada-shabu-shabu,Tsukada Shabu Shabu,alt-2,tokyo/photos/tokyo-tsukada-shabu-shabu/alt-2.webp,1600,1078,landscape,food,place,bright|minimal,しゃぶしゃぶつかだ 渋谷スクランブルスクエア店,https://maps.google.com/maps/contrib/110234302393872108875,false,Photo: しゃぶしゃぶつかだ 渋谷スクランブルスクエア店 via Google Maps,google-maps-contributor,https://lh3.googleusercontent.com/gps-cs-s/AHRPTWnfIY2kw-kCvCtH2Cv4F1WGPgQyWcZRiRbcgevAC8ct9KWhamZpdn7AHv_Y-2u9eXV9boL68aSsKusBvEbcTumQd2ifzO2aSwmBU95hyrVc3NilQkWqjUNilCvfNp-gGz1J2UrnOw=s2048,https://www.google.com/maps?cid=15396242003903415507
tokyo-tsukada-shabu-shabu,Tsukada Shabu Shabu,alt-3,tokyo/photos/tokyo-tsukada-shabu-shabu/alt-3.webp,1600,1205,landscape,space-interior,place,counter-seating|bright,Mario Christianto,https://maps.google.com/maps/contrib/112114361095924881524,false,Photo: Mario Christianto via Google Maps,google-maps-contributor,https://lh3.googleusercontent.com/gps-cs-s/AHRPTWlvn9xrWoMFdWuqa4z6P4qD-Tp4I1icNmgIamDeOIUBFQ40hdjy9MYaoCBkbxPEHofZN_ini5Rg3j5JQvGfE2AfF8wR-tKtuzX4AbyiJAlXWmM0LjAs1SKi03uIgEKZu_2l6rDMkRV5OCwK=s2048,https://www.google.com/maps?cid=15396242003903415507
tokyo-tsukiji-outer-market,Tsukiji Outer Market,hero,tokyo/photos/tokyo-tsukiji-outer-market/hero.webp,1600,1600,square,space-exterior,place,street|moody|night,Kevin Wong,https://maps.google.com/maps/contrib/113629826023795588686,false,Photo: Kevin Wong via Google Maps,google-maps-contributor,https://lh3.googleusercontent.com/grass-cs/ACvplmOVtKdThuoRrVpY3n-39pmnxNyCzcY4CUDM042o_OoezbhzYnTRV9Sa9jYjU7EksukfUaXxaWjXxWNoQGW1gxT3W-P9PDjkAOWjeiQmwdCnlOi7yQ4niAvlCNbBE5P9LdWib10h=s2048,https://www.google.com/maps?cid=11704332758705177180
tokyo-tsukiji-outer-market,Tsukiji Outer Market,alt-1,tokyo/photos/tokyo-tsukiji-outer-market/alt-1.webp,1600,1600,square,food,place,street|lively,Diogo Barretto,https://maps.google.com/maps/contrib/117376843257517431444,false,Photo: Diogo Barretto via Google Maps,google-maps-contributor,https://lh3.googleusercontent.com/gps-cs-s/AHRPTWnCmptFByHHU0NF37hDV52RZ8BfS0Ue0Mn0tR7cQhwjOT76ka9qyDSTUOzLfXLBCs3jGg8FNOP05yKY9mQ3ZEAg4-RzQkNE1GJsPGsDUYNEWNXvZbAODiav48bkhIkvqHsg3zk6nw=s2048,https://www.google.com/maps?cid=11704332758705177180
tokyo-tsukiji-outer-market,Tsukiji Outer Market,alt-2,tokyo/photos/tokyo-tsukiji-outer-market/alt-2.webp,1600,1200,landscape,space-exterior,place,street|golden-hour,R L,https://maps.google.com/maps/contrib/113647966809734550240,false,Photo: R L via Google Maps,google-maps-contributor,https://lh3.googleusercontent.com/gps-cs-s/AHRPTWkEYr8TU9-HU3NyVC2cmr8sknyWs8E9ow9TU5Fh7hVs5fV3ystvsn0jFn1YslFi4Ob7GSELjNXhTAG2A5mBLm9IYutU_aFiR1NSBb86V00TFTOMCzFKsGOSJaR_5BKk2jzFPSmb=s2048,https://www.google.com/maps?cid=11704332758705177180
tokyo-tsukiji-outer-market,Tsukiji Outer Market,alt-3,tokyo/photos/tokyo-tsukiji-outer-market/alt-3.webp,1200,1600,portrait,activity,place,lively|street,XtienZ,https://maps.google.com/maps/contrib/109898025908925795851,false,Photo: XtienZ via Google Maps,google-maps-contributor,https://lh3.googleusercontent.com/gps-cs-s/AHRPTWnGSCOjDghlMyhrU-BtU7gwrMpkJQkYhZ0Jl3U-F_6vJuGmA1g_DAJde6k1-8GHxwMbxcGp9_jUae86gsro3kDmRiCh8Xq91xnuXo4UJpFaWwaiVajTqHZDx3HeREG_33K2YY-k=s2048,https://www.google.com/maps?cid=11704332758705177180
tokyo-tsukiji-sushi-sei-new-branch,Tsukiji Sushi Sei (New Branch),hero,tokyo/photos/tokyo-tsukiji-sushi-sei-new-branch/hero.webp,1600,1200,landscape,space-interior,place,counter-seating|bright|lively,콩휴,https://maps.google.com/maps/contrib/102649962583321098141,false,Photo: 콩휴 via Google Maps,google-maps-contributor,https://lh3.googleusercontent.com/gps-cs-s/AHRPTWksYUHNITJ608YDGvxc3MfFuwxnii_I22OYqKxaIHhcH3QCKztjfPVNou9l12enIM-Ft0nPLSFKap3QDzZsPKSijzgbgvyoCoO0AO84ffoYwNLW9C1mPzS0oUDIaTs7OWTv0qun6PIOFqGG=s2048,https://www.google.com/maps?cid=16064823604115379389
tokyo-tsukiji-sushi-sei-new-branch,Tsukiji Sushi Sei (New Branch),alt-1,tokyo/photos/tokyo-tsukiji-sushi-sei-new-branch/alt-1.webp,1600,1200,landscape,food,place,counter-seating|bright,Daryl Cheng,https://maps.google.com/maps/contrib/105879598845940339708,false,Photo: Daryl Cheng via Google Maps,google-maps-contributor,https://lh3.googleusercontent.com/gps-cs-s/AHRPTWnsIpkh7KFkjlvSb7FsUN0yI22RM0jlpuruKKsHu4y9lfZ4T0vf9JzlQGqJuuuhvVu6UhjOUSWFgXQjkAqKyXTm8Gr-O_7u96vnWgk5xhScxAC34iOtQ3OK8Whxa4OOJ2cQUZM6fL0lyXM=s2048,https://www.google.com/maps?cid=16064823604115379389
tokyo-tsukiji-sushi-sei-new-branch,Tsukiji Sushi Sei (New Branch),alt-2,tokyo/photos/tokyo-tsukiji-sushi-sei-new-branch/alt-2.webp,1600,1200,landscape,food,place,bright,WenHua 文華 Chao,https://maps.google.com/maps/contrib/102085328305237486943,false,Photo: WenHua 文華 Chao via Google Maps,google-maps-contributor,https://lh3.googleusercontent.com/gps-cs-s/AHRPTWmeHejfS-vUAOIPtNN1yoanlLQRi1RE-Hn03Df1sZz8KgSL1eHbfXWA11f8JV9Mpd2fviFzYvBwVQtzpVMwQy0wod5qYMMvtiSaV83EzS-Sh0V8WebCBhnttlBSnYlEWIOJ0xL2oVJqmJih=s2048,https://www.google.com/maps?cid=16064823604115379389
tokyo-tsukiji-sushi-sei-new-branch,Tsukiji Sushi Sei (New Branch),alt-3,tokyo/photos/tokyo-tsukiji-sushi-sei-new-branch/alt-3.webp,1205,1600,portrait,space-exterior,place,street|daytime,N O,https://maps.google.com/maps/contrib/109738631471665481655,false,Photo: N O via Google Maps,google-maps-contributor,https://lh3.googleusercontent.com/gps-cs-s/AHRPTWlNIDZ88eLGRAyBxjyVPR9_HcxFzEtk5KClMiHqSzTwgCLIC0_9x_V6NIK77asG350VwCMWcTmMweF4WB0iliGJCTKzYIanDmgMHYfQLiXRlKXeJQUvbm4FeC3X9U32UsSgQ64Hc86hzTUc=s2048,https://www.google.com/maps?cid=16064823604115379389
tokyo-tsukiji-sushisei-ginza-4-chome,Tsukiji Sushisei - Ginza 4 Chome,hero,tokyo/photos/tokyo-tsukiji-sushisei-ginza-4-chome/hero.webp,1600,1200,landscape,food,place,counter-seating|bright,Mika M,https://maps.google.com/maps/contrib/104739380207769741907,false,Photo: Mika M via Google Maps,google-maps-contributor,https://lh3.googleusercontent.com/gps-cs-s/AHRPTWlWYNI9xqYx9KJmYuaCHB57fzlsWq_dnWFvzTxzKPhYi5vxX_dUblhrQyFdkVjwVILwHSPqbfLX622P_ZcjAWjlFH1zTKiF6KyU3FWEf6KjGNtCgssoQBv-rd3zAQlqFbqZUgHTRxIidjkU=s2048,https://www.google.com/maps?cid=3018238529962344573
tokyo-tsukiji-sushisei-ginza-4-chome,Tsukiji Sushisei - Ginza 4 Chome,alt-1,tokyo/photos/tokyo-tsukiji-sushisei-ginza-4-chome/alt-1.webp,1108,1477,portrait,space-interior,place,counter-seating|bright,yumi chen,https://maps.google.com/maps/contrib/117623889788271350867,false,Photo: yumi chen via Google Maps,google-maps-contributor,https://lh3.googleusercontent.com/gps-cs-s/AHRPTWmuH-bEOBl5UpxqVkTr_nb4X51ksvVqrzJSiOT6DvlSbSOaWKR6BT1yWpFMJ0M3SfNnjcvzfpmSQs0AbvnJxneiqDRRl6awoG9HSQFqW1XoEuoebBoGnzTPfvDckcavWiloC4tzjGwUe2hO=s2048,https://www.google.com/maps?cid=3018238529962344573
tokyo-tsukiji-sushisei-ginza-4-chome,Tsukiji Sushisei - Ginza 4 Chome,alt-2,tokyo/photos/tokyo-tsukiji-sushisei-ginza-4-chome/alt-2.webp,1200,1600,portrait,space-exterior,place,street|minimal,キツネノカミソリ,https://maps.google.com/maps/contrib/111584661589120277629,false,Photo: キツネノカミソリ via Google Maps,google-maps-contributor,https://lh3.googleusercontent.com/gps-cs-s/AHRPTWmaMQgB83Kpg0YKD-GMMVbvpNec9_tKbNAP_K0jgY0OUVkJR7oSBV1VS-EShwFGTUWE4OZw-pIlB_x1j4ega7Hmz4ErlUDNh6MML6SXs1h8gg1r1os-HHJpNiGGqAhv816xDJDO=s2048,https://www.google.com/maps?cid=3018238529962344573
tokyo-tsukiji-sushisei-ginza-4-chome,Tsukiji Sushisei - Ginza 4 Chome,alt-3,tokyo/photos/tokyo-tsukiji-sushisei-ginza-4-chome/alt-3.webp,1179,846,landscape,food,place,intimate,yumimytime ginza,https://maps.google.com/maps/contrib/105657213226601416020,false,Photo: yumimytime ginza via Google Maps,google-maps-contributor,https://lh3.googleusercontent.com/gps-cs-s/AHRPTWkTQ7dPXKnCM3PdQgwP6tcZWGwCKATdW0p6lIKixTDU8W1LP3qeqisO-_PPcpH9jHMvH1xrkBkVljRDZUy9zFzkhr4wzXB2NkTDTjW-W0l4uvCMzD0Pb93kD0hLaRASEz_0BlN-=s2048,https://www.google.com/maps?cid=3018238529962344573
tokyo-tsukiji-ohashi-bridge,Tsukiji-Ohashi Bridge,hero,tokyo/photos/tokyo-tsukiji-ohashi-bridge/hero.webp,1600,1200,landscape,view,place,waterfront|skyline|night,Tattoomb UJ,https://maps.google.com/maps/contrib/111611525171231986289,false,Photo: Tattoomb UJ via Google Maps,google-maps-contributor,https://lh3.googleusercontent.com/gps-cs-s/AHRPTWlMG2RaZArmSRWjMfAWjSxKRj3nNYCcFcw1w5Zkx4d2IgPaD3JjHPuLckF5LHGRPBNwq0qKl_7qKbXo9EDs0-qq82daXSEcja846W3vq5bphlGPN95RilaI3mPpLLg3D0tixKOZ5A=s2048,https://www.google.com/maps?cid=9174942655888518109
tokyo-tsukiji-ohashi-bridge,Tsukiji-Ohashi Bridge,alt-1,tokyo/photos/tokyo-tsukiji-ohashi-bridge/alt-1.webp,1600,1066,landscape,detail,place,night|neon|design,yuchi,https://maps.google.com/maps/contrib/115436098731694845938,false,Photo: yuchi via Google Maps,google-maps-contributor,https://lh3.googleusercontent.com/gps-cs-s/AHRPTWmHoe_-Nqb3zEsWFw0WIs55T0vDg37rDAsUc7k6fEG-yqlj1EVC3I-UG3eUPHDRMZODJw2ticQw5ukwXhUZzZfC9k8zSah6Kplas9rq_n3w0sNZrSWmC2B-39OZUuBn3YDi6JdX=s2048,https://www.google.com/maps?cid=9174942655888518109
tokyo-tsukiji-ohashi-bridge,Tsukiji-Ohashi Bridge,alt-2,tokyo/photos/tokyo-tsukiji-ohashi-bridge/alt-2.webp,1600,901,landscape,view,place,daytime|waterfront|skyline,与兵池の天然水,https://maps.google.com/maps/contrib/109772191813567867473,false,Photo: 与兵池の天然水 via Google Maps,google-maps-contributor,https://lh3.googleusercontent.com/gps-cs-s/AHRPTWnfcPM_f3znmZJNZ53mVKNHZBl4MnVbuHUb61Xvb_Gu0G15IJ4ufDKH5YGsuO0_8pR5yf_WueA6tMxjD5idkBrdBKGy4_u9T5jfRlZsnapMZkVpJ_Tvy7BEuj_-sdFOOhvwmq8GNQ=s2048,https://www.google.com/maps?cid=9174942655888518109
tokyo-tsukiji-ohashi-bridge,Tsukiji-Ohashi Bridge,alt-3,tokyo/photos/tokyo-tsukiji-ohashi-bridge/alt-3.webp,1600,1060,landscape,view,place,moody|waterfront|skyline,Bernard PRONOST,https://maps.google.com/maps/contrib/109567211147558015973,false,Photo: Bernard PRONOST via Google Maps,google-maps-contributor,https://lh3.googleusercontent.com/gps-cs-s/AHRPTWl05-Jpu8oUOvRnf83tLKx0ddmuiCLrobrEU0RYiiIgi6gHC7ZA_1GwheIhQGZOX8vf6O4y38ktwzfudZBxcdyLzxSYnZWH2oZRiWDYoDFpPrP7gz3IeEP7SU-8l2jGB_FCu8x6MQ=s2048,https://www.google.com/maps?cid=9174942655888518109
tokyo-tsutaya-books-daikan-yama,Tsutaya Books Daikan-yama,hero,tokyo/photos/tokyo-tsutaya-books-daikan-yama/hero.webp,1600,1200,landscape,space-exterior,place,night|design|street,teng li,https://maps.google.com/maps/contrib/100578619029548948928,false,Photo: teng li via Google Maps,google-maps-contributor,https://lh3.googleusercontent.com/grass-cs/ACvplmOGjQyJSqVlUE_N33wTJn-gv39yauv9MgQTPyrug7Nol7r9Gr83pvlETlp049ENxkd5dLwzCSKSzvii8dDhmWM380w8jR17DeDzt-YIr8sX9hUdPkhvxQqrkJXYdVQLQ40AZ6G2dpiPXuit=s2048,https://www.google.com/maps?cid=15490653164204088489
tokyo-tsutaya-books-daikan-yama,Tsutaya Books Daikan-yama,alt-1,tokyo/photos/tokyo-tsutaya-books-daikan-yama/alt-1.webp,1600,1200,landscape,space-interior,place,cozy|green|design,Kaz Σ3,https://maps.google.com/maps/contrib/115546575544863457098,false,Photo: Kaz Σ3 via Google Maps,google-maps-contributor,https://lh3.googleusercontent.com/gps-cs-s/AHRPTWnhVW3RWzZY3EDy1LHEbV7fOTmVGj91jvHzj7WVD008vbmAHOBlmZ1aP-k9v5UrjG0r6seYe2RsxKAfljnh8r0lYhwGRu_BoevgeHrMP5z_86P_ZUN6Puf9mTookFKuLEtBlJNw3lh8IoN0=s2048,https://www.google.com/maps?cid=15490653164204088489
tokyo-tsutaya-books-daikan-yama,Tsutaya Books Daikan-yama,alt-2,tokyo/photos/tokyo-tsutaya-books-daikan-yama/alt-2.webp,1600,1200,landscape,space-interior,place,moody|design|cozy,hyunju An,https://maps.google.com/maps/contrib/114617967603216248402,false,Photo: hyunju An via Google Maps,google-maps-contributor,https://lh3.googleusercontent.com/gps-cs-s/AHRPTWnBB_xvFB-U8UgycaUQvGSf3oGlALqB5QZz_wD1zB7Ura94SErF6FBs48pgBgtz9QfQyk6wTSMQTI1NRIx-eHgfeT0ZKRhE7vPUt_cUOcPH8pU2XcXqGvP5XVQTC-nLkQFaqL-k04wbhsmQ=s2048,https://www.google.com/maps?cid=15490653164204088489
tokyo-tsutaya-books-daikan-yama,Tsutaya Books Daikan-yama,alt-3,tokyo/photos/tokyo-tsutaya-books-daikan-yama/alt-3.webp,1600,1200,landscape,space-exterior,place,daytime|design|green,南崁兒童弦樂團,https://maps.google.com/maps/contrib/107234769426705926707,false,Photo: 南崁兒童弦樂團 via Google Maps,google-maps-contributor,https://lh3.googleusercontent.com/gps-cs-s/AHRPTWl3ezj_FN-eb98o7hutduSNxTidyXRhbScfTwZRRtfIKIF43xxPKpBh5p-cWZ9fw7mzmhpUaqwrvuT3iPMyxgK6F9e7aLdSM4pZNn2s_3OQgQn-FYkkoUXHc92CWZ9brxbfMqzEUaOW_HIX=s2048,https://www.google.com/maps?cid=15490653164204088489
tokyo-tsutaya-bookstore,TSUTAYA BOOKSTORE,hero,tokyo/photos/tokyo-tsutaya-bookstore/hero.webp,1600,901,landscape,space-interior,place,bright|minimal,シャオツ,https://maps.google.com/maps/contrib/106966748579753907992,false,Photo: シャオツ via Google Maps,google-maps-contributor,https://lh3.googleusercontent.com/gps-cs-s/AHRPTWnuFfqn9RuPdUmAAVt_xHW4UtP9YH70lhan5rqQT6z-c6VDxskr3y-TKfaUTCywfmsDDmLF0fbLeg949YeMqxBn3YDOcgpsgENo1D8MxtRYu3vJitocPnNDKVcimIauRFGP3r5Om5ZI5vc=s2048,https://www.google.com/maps?cid=290395435769847084
tokyo-tsutaya-bookstore,TSUTAYA BOOKSTORE,alt-1,tokyo/photos/tokyo-tsutaya-bookstore/alt-1.webp,1600,1066,landscape,space-interior,place,bright|lively,t s,https://maps.google.com/maps/contrib/112228717848982338439,false,Photo: t s via Google Maps,google-maps-contributor,https://lh3.googleusercontent.com/gps-cs-s/AHRPTWnxsoqvyvwyjQ4JJRwbdZ2jizApbjCFajtSDYnocqjdcMM9R3U270qbXI7dlkLuYl5A_RzxkGUy4kCZZ5OG8AOPMhOiaExSXUqoAnjN7UjADMuPX-IGRrhoMm58Ma6MvwuX3fOhNszmRbk=s2048,https://www.google.com/maps?cid=290395435769847084
tokyo-tsutaya-bookstore,TSUTAYA BOOKSTORE,alt-2,tokyo/photos/tokyo-tsutaya-bookstore/alt-2.webp,747,1600,portrait,space-interior,place,minimal|cozy,Sara Marriott,https://maps.google.com/maps/contrib/105471822422793533915,false,Photo: Sara Marriott via Google Maps,google-maps-contributor,https://lh3.googleusercontent.com/grass-cs/AABkmLezqTmlFy9XgKqdBGPRu5gC2H_exHllRFR_0vyboLznlY2xw4GDnCWg4bq79aCjiKaVlRmkbgYp852Osgix0na1DX3RWZek9kcgkfHCt_DRqG-PBMfy8gjXU0BHsR_FHeefk1UM5A=s2048,https://www.google.com/maps?cid=290395435769847084
tokyo-tsutaya-bookstore,TSUTAYA BOOKSTORE,alt-3,tokyo/photos/tokyo-tsutaya-bookstore/alt-3.webp,1600,1200,landscape,detail,place,design|bright,y n,https://maps.google.com/maps/contrib/111353539785374982814,false,Photo: y n via Google Maps,google-maps-contributor,https://lh3.googleusercontent.com/gps-cs-s/AHRPTWmp_yUWNfS33OCJxn91I9PG783NvybwpLZlHYNTEtqrB4N3YKU0JAqSSAAgMHpNr2E_vwSlcNL1D_hXHqOQwpCi62xHAo3qn_FyG-vEyKfV1-c3smuoTsUVWpSMflAWPjtWV0MboQ=s2048,https://www.google.com/maps?cid=290395435769847084
tokyo-twelv,twelv.,hero,tokyo/photos/tokyo-twelv/hero.webp,1600,900,landscape,drink,place,night|moody|counter-seating,Sam H,https://maps.google.com/maps/contrib/108186395602472503463,false,Photo: Sam H via Google Maps,google-maps-contributor,https://lh3.googleusercontent.com/gps-cs-s/AHRPTWmQ1bUE0c8dEdmZDmSTyn8q70rQ3BrFOot3WVZG-ukGE-mkPL3mxUqqEj0n1NTcWTS8mAczvIV3BbQgMh_8n_32THaEpHIZZA7ZG9c7wsL8gb_qum-r35HzvBQ7BPzfcsZazVxx=s2048,https://www.google.com/maps?cid=14747365017438742075
tokyo-twelv,twelv.,alt-1,tokyo/photos/tokyo-twelv/alt-1.webp,1200,1600,portrait,space-interior,place,moody|minimal|intimate,もんじゃまる,https://maps.google.com/maps/contrib/113595794113919828861,false,Photo: もんじゃまる via Google Maps,google-maps-contributor,https://lh3.googleusercontent.com/gps-cs-s/AHRPTWnw1Xbzd01rM9zeMFlgMN-peH5V3Rcm46BXLMB-tRGAfr7-lGfTs_P4v-EnOGkjUvo30DYSEA0gJXrowkiIdCMnYAAzAq8Y1juAgZxkSA7PytQkUVfgXnfISOv5VnCmWutX-kPW3OzdYFU=s2048,https://www.google.com/maps?cid=14747365017438742075
tokyo-twelv,twelv.,alt-2,tokyo/photos/tokyo-twelv/alt-2.webp,1200,1600,portrait,drink,place,moody|intimate,Yaswanth Reddy,https://maps.google.com/maps/contrib/106859200147209924572,false,Photo: Yaswanth Reddy via Google Maps,google-maps-contributor,https://lh3.googleusercontent.com/gps-cs-s/AHRPTWkXKSxxiuMCGo5npSIlm75PGSJCzXKCrfmiMcJ0bY7pJDP7-JLmY1DNcfrIilZKg9rpmJyQFrK5zQqKle2FqG1aZu2s9yZfnRHEpaqAUeirEQEtnym3xlZBgx2hiHI1pSJ8aiOsX8Jc1cKe=s2048,https://www.google.com/maps?cid=14747365017438742075
tokyo-twelv,twelv.,alt-3,tokyo/photos/tokyo-twelv/alt-3.webp,1143,1600,portrait,space-interior,place,moody|minimal|intimate,Phong Phan Huy,https://maps.google.com/maps/contrib/113216361846049769434,false,Photo: Phong Phan Huy via Google Maps,google-maps-contributor,https://lh3.googleusercontent.com/gps-cs-s/AHRPTWlqgik-DKTiDVGbOriixppKJhm474sMdx_VR0e0_cyE0hgRSfptjdZXl0QbGPC0EE1wQCD2elz8h-8tSBoHAVOWUz_IU1XV-GzA_MYNxsBTWTcdrsrKpYzGXOIamKwvBLjDmF10=s2048,https://www.google.com/maps?cid=14747365017438742075
tokyo-udatsu-sushi,Udatsu Sushi,hero,tokyo/photos/tokyo-udatsu-sushi/hero.webp,1600,1069,landscape,space-interior,place,counter-seating|minimal|intimate,Udatsu Sushi,https://maps.google.com/maps/contrib/103324990287693558522,true,Photo: Udatsu Sushi via Google Maps,google-maps-contributor,https://lh3.googleusercontent.com/grass-cs/ACvplmNmVDb-Hxkc7uetWUmRWknMB_yo4bXAJELpX93mUdg3hPFfef1ggsYeGzbGKMkl8gd4GImeme9t1GNLCzxXOYkB-HTqJe5_dnVOb-yyb-Xbf5jm5sKOLGtLN0h48U_zKi2kmS3Mp3vZa8Hl=s2048,https://www.google.com/maps?cid=12818041539572505100
tokyo-udatsu-sushi,Udatsu Sushi,alt-1,tokyo/photos/tokyo-udatsu-sushi/alt-1.webp,1600,1200,landscape,food,place,minimal|design,Shir Suez,https://maps.google.com/maps/contrib/110095497076360906918,false,Photo: Shir Suez via Google Maps,google-maps-contributor,https://lh3.googleusercontent.com/gps-cs-s/AHRPTWmSFqsEMu8DDyasPQoxTtWwqsR5uO0BmaNtIsAG_r55oErC_dotuapqvqG5N8na7mrzTWOHT6KvvxLyRO9VOTHx5TxXknYdHdwjTCuRri2Jt7a3ux6RKN3t9T4Q3Mf3Fm9bYmtBT7v6cy0=s2048,https://www.google.com/maps?cid=12818041539572505100
tokyo-udatsu-sushi,Udatsu Sushi,alt-2,tokyo/photos/tokyo-udatsu-sushi/alt-2.webp,1600,1600,square,food,place,intimate,アリスと青い鳥,https://maps.google.com/maps/contrib/114471883881301787106,false,Photo: アリスと青い鳥 via Google Maps,google-maps-contributor,https://lh3.googleusercontent.com/gps-cs-s/AHRPTWnjQwql-zdEyq6lRhAxrBd4Bwuuy5nkRY4P8KKS10yMVQugRn3Wdz_wZ6t2BSRS5GLsFhF76_osfIgszlmtGg7N5hgwSwZxZunHOziBWvPhwcxNfQ_r0AYQ4-likYxiqCbENH6OdVlUbt2a=s2048,https://www.google.com/maps?cid=12818041539572505100
tokyo-udatsu-sushi,Udatsu Sushi,alt-3,tokyo/photos/tokyo-udatsu-sushi/alt-3.webp,900,1600,portrait,activity,place,counter-seating|intimate,Vincent Ng,https://maps.google.com/maps/contrib/113917567234669184691,false,Photo: Vincent Ng via Google Maps,google-maps-contributor,https://lh3.googleusercontent.com/gps-cs-s/AHRPTWnmab_r1_1i0cP0dbMCPB-MUusXanM1Pp9kxHwqfh3AJq8lA3KnlqPfxSVOwb764bbsnQacA6TrotuW1m5jc5wQIwdgTx7g1zlNASTk7WsV2MJZyqOCgttrPhwr3k4427gc7pAx=s2048,https://www.google.com/maps?cid=12818041539572505100
tokyo-udon-mandajiro,Udon Mandajiro,hero,tokyo/photos/tokyo-udon-mandajiro/hero.webp,1600,1200,landscape,food,place,cozy|retro,ポムポムポムポム,https://maps.google.com/maps/contrib/105110444340859567224,false,Photo: ポムポムポムポム via Google Maps,google-maps-contributor,https://lh3.googleusercontent.com/gps-cs-s/AHRPTWnt-6sRBV6hfLY2VGA9wzM5Z5zqkUNUZCYiDvpw0yt5ebKg9X2Pj03XD4vjoxlPtaHkiPDj9G_2iBc8nKdTUdqC8BTx8KhYV0zJ3DsEhYl_i8_ZqdTo6RrygYnuWBoc0cwLxpuz0AfVZUu3=s2048,https://www.google.com/maps?cid=5099256306060447452
tokyo-udon-mandajiro,Udon Mandajiro,alt-1,tokyo/photos/tokyo-udon-mandajiro/alt-1.webp,1600,1200,landscape,food,place,cozy,食いしん坊うさぎ,https://maps.google.com/maps/contrib/103752389848905053778,false,Photo: 食いしん坊うさぎ via Google Maps,google-maps-contributor,https://lh3.googleusercontent.com/gps-cs-s/AHRPTWnHGapiMdiFvkRDJqTmUQUDAtZCH4bedvSflq3Wz98dsNCq4DEQxlZ1kaSRCHYfzUJ6SaxxTM-SbW0nTLeEyEZ_oRb67U41l9XIeBRdlHayFh2OLiDiUNnp9QXvChc32SYAn3SupmWqYoo1=s2048,https://www.google.com/maps?cid=5099256306060447452
tokyo-udon-mandajiro,Udon Mandajiro,alt-2,tokyo/photos/tokyo-udon-mandajiro/alt-2.webp,1418,1600,square,space-exterior,place,street|retro|daytime,うどん 萬田次郎,https://maps.google.com/maps/contrib/108684311249967484068,false,Photo: うどん 萬田次郎 via Google Maps,google-maps-contributor,https://lh3.googleusercontent.com/grass-cs/ACvplmOYyDRYG2OBy5E0cntUEqMyhfQIGxLWL-30g5i2Dh2wpTeMwL3EGoJXZh0J94nWSVjF7ndFfNdBIuSOOvKhzXdbyheK0SuC1Cag77ZXP0kfFndeJM1XTDCMYmYo2ttfH_zzoIbOpdi88sNb=s2048,https://www.google.com/maps?cid=5099256306060447452
tokyo-udon-mandajiro,Udon Mandajiro,alt-3,tokyo/photos/tokyo-udon-mandajiro/alt-3.webp,1440,1080,landscape,food,place,cozy|intimate,Kijio,https://maps.google.com/maps/contrib/114808064411557287644,false,Photo: Kijio via Google Maps,google-maps-contributor,https://lh3.googleusercontent.com/gps-cs-s/AHRPTWnoDbOAV3cP37uEgcW3FoNplcenXjYUHv4g9Qmrb2GxJ4-16qSdzvst7-qGOCkV87q_uXGo_8bbBEd7NgCrQ9fc-yCqShVlKyI8yZK07IcRJ_MFnooPfBj0x7CuJjqMbW45PUcq=s2048,https://www.google.com/maps?cid=5099256306060447452
tokyo-ukima-park,Ukima Park,hero,tokyo/photos/tokyo-ukima-park/hero.webp,1600,1200,landscape,nature,place,daytime|green|bright,佑紀,https://maps.google.com/maps/contrib/109061925170102077959,false,Photo: 佑紀 via Google Maps,google-maps-contributor,https://lh3.googleusercontent.com/grass-cs/ACvplmP8iWRqa4eeyINEzTSPnwmYwoJrcD_GO4vSxiHPlPJH61kT7v8DPxiKCM3Hk0OQvEuh1I-w3heLRvFCPqgDoBpsBWFImjyKTQtUFohNR693UR7Cuf-SfPzni4grAC9DncDTb_f7=s2048,https://www.google.com/maps?cid=6359435785798986045
tokyo-ukima-park,Ukima Park,alt-1,tokyo/photos/tokyo-ukima-park/alt-1.webp,1600,1064,landscape,nature,place,waterfront|lively|daytime,みやさん,https://maps.google.com/maps/contrib/102221928874817675746,false,Photo: みやさん via Google Maps,google-maps-contributor,https://lh3.googleusercontent.com/gps-cs-s/ANWiy9Qxkuj84Ev4dBc3rnZUy_6UBiSeI82fPblSCpTlguFc8nBnwC-AX0KpRuBl5pTFmsffW7NUGVlevKZ8ufrNkD05blEEYH8nDfw-HzMWtWxg4-k7gI6qfnbv7uirefntxG_Zg2U=s2048,https://www.google.com/maps?cid=6359435785798986045
tokyo-ukima-park,Ukima Park,alt-2,tokyo/photos/tokyo-ukima-park/alt-2.webp,1600,1200,landscape,nature,place,garden|daytime,Jen J,https://maps.google.com/maps/contrib/107299401714261655943,false,Photo: Jen J via Google Maps,google-maps-contributor,https://lh3.googleusercontent.com/gps-cs-s/ANWiy9Su6f8pUO14uYIbUugTAVFI8txsVUAq_WMFf7knr0KEG2U_UmcowV3nMvlpXASX-HIdhOkMT-PzliadnHBBxgAoxqHJf1FO-IANCCgBP0bBMplCM8MPHSvTj_UGDhGYutAarLg3=s2048,https://www.google.com/maps?cid=6359435785798986045
tokyo-ukima-park,Ukima Park,alt-3,tokyo/photos/tokyo-ukima-park/alt-3.webp,1280,720,landscape,nature,place,green|serene|waterfront,水野ナホ子,https://maps.google.com/maps/contrib/105007260363441333950,false,Photo: 水野ナホ子 via Google Maps,google-maps-contributor,https://lh3.googleusercontent.com/gps-cs-s/ANWiy9Q9z7hGUJhmLtFL2Mue-H1_MwzSJDYEB7DVhO8VudYLSlTZnfmY_mqFRnZ5ugAg3qJyJryxLSCWA9QNRcFgL7ew8u7mYink4zn1TGPSU-l5VXbfl7PRqmCLlpqqgIQqKzrcSXQGLJypWKvJ=s2048,https://www.google.com/maps?cid=6359435785798986045
tokyo-united-arrows-harajuku-main-store,UNITED ARROWS Harajuku Main Store,hero,tokyo/photos/tokyo-united-arrows-harajuku-main-store/hero.webp,1200,1600,portrait,space-exterior,place,night|design|street,TABAYA United Arrows,https://maps.google.com/maps/contrib/117970296818025594623,false,Photo: TABAYA United Arrows via Google Maps,google-maps-contributor,https://lh3.googleusercontent.com/gps-cs-s/ANWiy9SYCCpTduUKyNAjXQrJWkCKEXWMM78D_kwamf0Duv6UEAuePkwfYMjtJThneRHVtBk0wQCjEewykfuZa50txryDqQySEDU9FdNU2zskt5wTH-VNKdNUvwoj723TvjmOOwAYqx8EOkMin3wl=s2048,https://www.google.com/maps?cid=14329430069820695518
tokyo-united-arrows-harajuku-main-store,UNITED ARROWS Harajuku Main Store,alt-1,tokyo/photos/tokyo-united-arrows-harajuku-main-store/alt-1.webp,1280,1600,portrait,space-interior,place,design|minimal,TABAYA United Arrows,https://maps.google.com/maps/contrib/117970296818025594623,false,Photo: TABAYA United Arrows via Google Maps,google-maps-contributor,https://lh3.googleusercontent.com/gps-cs-s/ANWiy9R6onKJRCS4g4jK_ZsvKlhPhQhEY-jadGRlWfCac4bBCNLnhRoiDp7OlFNFrKn4ZHFmjUfLHdXQX5VEYZHjJ7l2n2XM7ZDS6xFkRbBue3pB-6r3097ssqaP0Ph59t2IxJeGbvf1y_cw6RcD=s2048,https://www.google.com/maps?cid=14329430069820695518
tokyo-united-arrows-harajuku-main-store,UNITED ARROWS Harajuku Main Store,alt-2,tokyo/photos/tokyo-united-arrows-harajuku-main-store/alt-2.webp,1280,1600,portrait,detail,place,minimal|design,TABAYA United Arrows,https://maps.google.com/maps/contrib/117970296818025594623,false,Photo: TABAYA United Arrows via Google Maps,google-maps-contributor,https://lh3.googleusercontent.com/gps-cs-s/ANWiy9Sp7acsDN__Rr0UbkiVlg6wOx4ieq-9wvct6XqvLxYltfWbLHmTl0inRvdr53-_OoK2T3yo_nbjq_HeQ2DLT6yTOFxeWe4hkS34ZByiSLslghjg2w7f85iSQ6eGuGmVw-wOd4KFFHjuQ40=s2048,https://www.google.com/maps?cid=14329430069820695518
tokyo-united-arrows-harajuku-main-store,UNITED ARROWS Harajuku Main Store,alt-3,tokyo/photos/tokyo-united-arrows-harajuku-main-store/alt-3.webp,1200,1600,portrait,space-interior,place,minimal|bright,TABAYA United Arrows,https://maps.google.com/maps/contrib/117970296818025594623,false,Photo: TABAYA United Arrows via Google Maps,google-maps-contributor,https://lh3.googleusercontent.com/gps-cs-s/ANWiy9Si54jQ6QS9ySV3Bt5m0EWh7QEqAwDRnkMhlJ8cnFpkIZNls1yPk1XXy1_bIDPbiPW0Pjw0yqpI6wRDwTZ-c_C-KCfIs9eRJIxnBZolgyZHhVUnxx6kT1VHh0D6lvdSeyqRvwiSG2ySvU_F=s2048,https://www.google.com/maps?cid=14329430069820695518
tokyo-unknown,unknown,hero,tokyo/photos/tokyo-unknown/hero.webp,1440,1440,square,drink,place,moody|intimate,Non,https://maps.google.com/maps/contrib/107773361238808641143,false,Photo: Non via Google Maps,google-maps-contributor,https://lh3.googleusercontent.com/gps-cs-s/ANWiy9RTCaS94mAdMlIdcS64sq5VeeAzrZkhSSI9wFRbvQGNGMImYI_W2aExLLcrc-mU8W7vhFsKL1t_ve2AHjlwh-IPcSGne_SwbGwsvExoXX1qb-iJCGCxeBc_tb6dWqPdLH9PeMJ_D_4IIXc=s2048,https://www.google.com/maps?cid=12655678832000548750
tokyo-unknown,unknown,alt-1,tokyo/photos/tokyo-unknown/alt-1.webp,1200,1600,portrait,space-interior,place,moody|counter-seating|intimate,Mustafa Koşal,https://maps.google.com/maps/contrib/115108573758080640258,false,Photo: Mustafa Koşal via Google Maps,google-maps-contributor,https://lh3.googleusercontent.com/gps-cs-s/ANWiy9RH6pJXDvNYWPiBWX74p4N-tcyD4HfxBkS3hvVtRJ_MG7678k99uv5_xwgE4dg8CWP-KO_KtYE4vgNqkBOdsuZ3I1OLsdU6gArErPnjMHJcnf7pE9n-UllkGrqhEee9ij1pm0M48Ghh8Cc=s2048,https://www.google.com/maps?cid=12655678832000548750
tokyo-unknown,unknown,alt-2,tokyo/photos/tokyo-unknown/alt-2.webp,1200,1600,portrait,detail,place,moody|design,kan sato,https://maps.google.com/maps/contrib/112213202278276094516,false,Photo: kan sato via Google Maps,google-maps-contributor,https://lh3.googleusercontent.com/gps-cs-s/ANWiy9QjMq6i5LEGFQ-gGrgvElFHZw9oWrMs5z3kl5aqODY40YbeR-ERiQOxGVSOBeZbmrZrfV4hHoevwCbJvsT38PuaAMlVeiGzXTI6EIcdWx_2lPCGc0VpDkdnf1GZ6DbbdrnavH-UayDFxFc=s2048,https://www.google.com/maps?cid=12655678832000548750
tokyo-unknown,unknown,alt-3,tokyo/photos/tokyo-unknown/alt-3.webp,1200,1600,portrait,drink,place,moody|counter-seating,Bill Rysenga,https://maps.google.com/maps/contrib/108337557990603897092,false,Photo: Bill Rysenga via Google Maps,google-maps-contributor,https://lh3.googleusercontent.com/gps-cs-s/ANWiy9TEU-C2D_2MdPxaThB_dcEDGJEmpcG6xdJWnm6yIvqJ639F7_U-zhYCfmebOdzuRQXblcehLPFVGHI429LH2oFDzpURmWgzBWIBXtNI5j8ELsusl-WH3cDMziqN79r1-HMpzl7LKnic5Lg7=s2048,https://www.google.com/maps?cid=12655678832000548750
tokyo-uobei-shibuya-dogenzaka-store,Uobei Shibuya Dogenzaka Store,hero,tokyo/photos/tokyo-uobei-shibuya-dogenzaka-store/hero.webp,1600,1200,landscape,space-interior,place,bright|lively|counter-seating,Anastasia Shportko,https://maps.google.com/maps/contrib/108483515048756417998,false,Photo: Anastasia Shportko via Google Maps,google-maps-contributor,https://lh3.googleusercontent.com/gps-cs-s/AHRPTWme-TRrGe8C7FXIaPgyy63NG5FE5q0LnQDeuCuL7rOVzMZd3m7DaF06MLl5OwN_Krd8O0WTJMUje1j9WJPNzzX6BrajfiZwI_L7n1cCMFUPAUKotvQansDcU10BwX6LpuHLmVQtH4OHfSmk=s2048,https://www.google.com/maps?cid=5886746596086835007
tokyo-uobei-shibuya-dogenzaka-store,Uobei Shibuya Dogenzaka Store,alt-1,tokyo/photos/tokyo-uobei-shibuya-dogenzaka-store/alt-1.webp,1600,1200,landscape,food,place,bright|counter-seating,Alex Bird,https://maps.google.com/maps/contrib/115662586616608296092,false,Photo: Alex Bird via Google Maps,google-maps-contributor,https://lh3.googleusercontent.com/gps-cs-s/AHRPTWkESQH3EGriLVSCsFsX-wJNysS0ESVc_T7bac33OdaYtvoAQQ1VlgCUIe71L0YLWsaV2BoPZki8mAusGd7n64tfoFIikGiwRYy1eFi5T18c0g8wJEZFFCf_zsKFQ36RI884M11TQ0nEhuFu=s2048,https://www.google.com/maps?cid=5886746596086835007
tokyo-uobei-shibuya-dogenzaka-store,Uobei Shibuya Dogenzaka Store,alt-2,tokyo/photos/tokyo-uobei-shibuya-dogenzaka-store/alt-2.webp,1600,1067,landscape,space-exterior,place,street|daytime,t s,https://maps.google.com/maps/contrib/112228717848982338439,false,Photo: t s via Google Maps,google-maps-contributor,https://lh3.googleusercontent.com/gps-cs-s/AHRPTWn1xOgx1YIWkS84ihzMtHO1Z1n0cqSUvEDELBNJh8p9rEtYrY4rbYwxiGTAuKK6zkwYD0ti8i9245pD2rfZSuSOP1uH7zn8fzMllZGTQ-Dnm0VBpy2dWqe6xTI7iLYr2Pxh8FzfGg=s2048,https://www.google.com/maps?cid=5886746596086835007
tokyo-uobei-shibuya-dogenzaka-store,Uobei Shibuya Dogenzaka Store,alt-3,tokyo/photos/tokyo-uobei-shibuya-dogenzaka-store/alt-3.webp,1200,1600,portrait,space-interior,place,bright|counter-seating,Dee M,https://maps.google.com/maps/contrib/104593436888623453792,false,Photo: Dee M via Google Maps,google-maps-contributor,https://lh3.googleusercontent.com/gps-cs-s/AHRPTWnMDyWIeIVVFaY16TIIA2gbNIMcPoBC4YpukGjN7sExMfyO4xPF89croHzVEOlX8_4pxQ7MUxPgjdNDFDB-1xy7KcDpRbsRQ-Z6BSYm41syt1fQX8Nyn8sHsQUseII6pKFfNXkJKwPIedgo=s2048,https://www.google.com/maps?cid=5886746596086835007
tokyo-uoshin-nogizaka,Uoshin Nogizaka,hero,tokyo/photos/tokyo-uoshin-nogizaka/hero.webp,1600,1200,landscape,food,place,cozy|lively,kaoru okumura,https://maps.google.com/maps/contrib/110282686505594932306,false,Photo: kaoru okumura via Google Maps,google-maps-contributor,https://lh3.googleusercontent.com/gps-cs-s/AHRPTWnAhixTuVaUxXWBmWZJUiGRmT3EnKntBgmLH50i15nAzc7m17A2nY-bqzU5K1Te267Ycs3HRYSLYBHYx95XcZ0v92JAGoPJzIeERdJl50oYbCvtsesKzCDH8wsVXrwZ3WUvG2OzsHzCdD6-=s2048,https://www.google.com/maps?cid=14841170515160661674
tokyo-uoshin-nogizaka,Uoshin Nogizaka,alt-1,tokyo/photos/tokyo-uoshin-nogizaka/alt-1.webp,1600,1200,landscape,food,place,cozy,Bara 03,https://maps.google.com/maps/contrib/115790960305184265484,false,Photo: Bara 03 via Google Maps,google-maps-contributor,https://lh3.googleusercontent.com/gps-cs-s/AHRPTWnaJx6WDhreDYOikvCuHr0ju7X0QBo1U25flETLua9-zB6hPZFWaPwmFmgNguwkYe6yh1frNm3K6XXHmLWMkdTSBjZ4VNNCYS0JWPTqzsVWk1jfDqNSYs2uPbeloBGmFXn7s9tJzl0kAtCo=s2048,https://www.google.com/maps?cid=14841170515160661674
tokyo-uoshin-nogizaka,Uoshin Nogizaka,alt-2,tokyo/photos/tokyo-uoshin-nogizaka/alt-2.webp,1600,901,landscape,space-exterior,place,night|street,Umihito Kusama,https://maps.google.com/maps/contrib/109267412292337995520,false,Photo: Umihito Kusama via Google Maps,google-maps-contributor,https://lh3.googleusercontent.com/gps-cs-s/AHRPTWlxJgyEDxnr_juOBeaRNdPcu4blTvp2MBVSS1vlYRfk5dvIe3ZWYpltKhETOxQnn9QzDnRRtkrY-BBYdioIHVhZhXjFriW61q75SM2WeYDjY2B3wrDnLQOl5XsrEYUNqv1D2pXPF-G8RhaS=s2048,https://www.google.com/maps?cid=14841170515160661674
tokyo-uoshin-nogizaka,Uoshin Nogizaka,alt-3,tokyo/photos/tokyo-uoshin-nogizaka/alt-3.webp,1600,1200,landscape,food,place,cozy,Bara 03,https://maps.google.com/maps/contrib/115790960305184265484,false,Photo: Bara 03 via Google Maps,google-maps-contributor,https://lh3.googleusercontent.com/gps-cs-s/AHRPTWk1lmd7S-wNWoaRETUElIfCcnXfZ1dY191-axxK59kUKf4_kjg2w5uKDsw28GIrGYJxQr6h1E3L3_7o8S7_wKISdsgvbq7pxBOMm0Vw7jLJwQ-2RP0u-tPrraiaJuJOn258Ap_X1xpFjVk=s2048,https://www.google.com/maps?cid=14841170515160661674
tokyo-upstairs-records-bar,Upstairs Records & Bar,hero,tokyo/photos/tokyo-upstairs-records-bar/hero.webp,1600,1200,landscape,space-interior,place,cozy|retro,ray young,https://maps.google.com/maps/contrib/114718558873035255064,false,Photo: ray young via Google Maps,google-maps-contributor,https://lh3.googleusercontent.com/gps-cs-s/AHRPTWk5it6etSxlQN36bhfBrwB-jU_sj01qEG5vmaWw0EWyw0QmrtU6J_NFk6Br_D-mKjf1Sim6IRlEDjkHN6O1Sr36ZGY9EtvbEcuYaDRzr5pLhbz5fzrwtI9KR3PAP2WuYkDuOxYCdQ=s2048,https://www.google.com/maps?cid=5365677422817830318
tokyo-upstairs-records-bar,Upstairs Records & Bar,alt-1,tokyo/photos/tokyo-upstairs-records-bar/alt-1.webp,1200,1600,portrait,space-interior,place,moody|counter-seating|retro,Rishi Gattu,https://maps.google.com/maps/contrib/108037409606910109248,false,Photo: Rishi Gattu via Google Maps,google-maps-contributor,https://lh3.googleusercontent.com/gps-cs-s/ANWiy9TjqvVvj-bJhMIz742IBNnlK0F-1Qohlvo6P4HkkmyJz_09PMVwOSRIGxTWOBW3nsW41NXjJP008ZhdwZLlIRCgWUg_jUE2YrMT_xteU_eaxwAQBTUBWpumnRkDs2Oh2DhwbuSWdg=s2048,https://www.google.com/maps?cid=5365677422817830318
tokyo-upstairs-records-bar,Upstairs Records & Bar,alt-2,tokyo/photos/tokyo-upstairs-records-bar/alt-2.webp,1200,1600,portrait,detail,place,cozy|retro,Annie,https://maps.google.com/maps/contrib/103917794938240045250,false,Photo: Annie via Google Maps,google-maps-contributor,https://lh3.googleusercontent.com/gps-cs-s/AHRPTWnbEesO-kBMdQrqOBm5Fc3ZbdUb6Pjd4GunZ--NBQtHoNk04SIW2VPrZ7TrsBLc7Y0yeeWJ8GWAWzZTnkcvMwkEKN7DzgGgu1NZrept-l_8MXwD_2dVn-9BzzMDLCL2E5eKoE5S=s2048,https://www.google.com/maps?cid=5365677422817830318
tokyo-upstairs-records-bar,Upstairs Records & Bar,alt-3,tokyo/photos/tokyo-upstairs-records-bar/alt-3.webp,1600,900,landscape,space-exterior,place,street|retro,KZ,https://maps.google.com/maps/contrib/105426795699088066030,false,Photo: KZ via Google Maps,google-maps-contributor,https://lh3.googleusercontent.com/gps-cs-s/AHRPTWmakFrDamFMqV0HzW7fZ9cu1BPcwF0HjGLHB0d8IHyNv3Jd5SHVh7RqfTWWn9voB1c8LwJ__4qMb56dnsO-lL_J3uBN326-jRHYO4MPxNLLpw2sjCnUIJpvEQCpbmatCeyqfGNrfQ=s2048,https://www.google.com/maps?cid=5365677422817830318
tokyo-usagi,Usagi,hero,tokyo/photos/tokyo-usagi/hero.webp,1600,1200,landscape,food,place,moody|cozy,Plu Is Fine,https://maps.google.com/maps/contrib/102503595080922576233,false,Photo: Plu Is Fine via Google Maps,google-maps-contributor,https://lh3.googleusercontent.com/gps-cs-s/AHRPTWnpxNZRe7WERQc2O1du41vSdiwbewtHcypF2SNmQTOCL8q2LTFerLdeGj09k2NdxsvkJ6F-3l2SpHUTkYIPy45MC9vaPXFZXSyoRf4RjqQ4bZZo5YRZVrf2RhmQT4KyjAGn_O-ah9hRdpqR=s2048,https://www.google.com/maps?cid=2058023960931985196
tokyo-usagi,Usagi,alt-1,tokyo/photos/tokyo-usagi/alt-1.webp,1600,1202,landscape,space-interior,place,counter-seating|cozy,The Breakfast King,https://maps.google.com/maps/contrib/116328908550327319783,false,Photo: The Breakfast King via Google Maps,google-maps-contributor,https://lh3.googleusercontent.com/gps-cs-s/AHRPTWngYIjSPOAgihIzNLLW2QMopvr0xXAs9GWm7HITVIlXhJ5o3-fXFt78bySDUkJhTY9P6HwRZ2UqSRBN1EeX05NTafoYCjTl5XdJDTJfnSnGFZHVe1UMpJOc9WzB4z3ah15KsG8nFJZSD1Q=s2048,https://www.google.com/maps?cid=2058023960931985196
tokyo-usagi,Usagi,alt-2,tokyo/photos/tokyo-usagi/alt-2.webp,1600,1205,landscape,food,place,cozy,Donald Darma,https://maps.google.com/maps/contrib/104467083799869808854,false,Photo: Donald Darma via Google Maps,google-maps-contributor,https://lh3.googleusercontent.com/gps-cs-s/AHRPTWlvEWEN4HMn6P4q831qa-EcTt10ng4lnGPfGE1MRIFIVwEJ23uNdMQlsso-71DLzDdwbwGaLr8TWvMKjhfbpPi3QlRCpzxIUGg3imYzMzaoLPLAPNN6FaPz5XOhYwCu1BHKir7GVQE0Js0=s2048,https://www.google.com/maps?cid=2058023960931985196
tokyo-usagi,Usagi,alt-3,tokyo/photos/tokyo-usagi/alt-3.webp,1200,1600,portrait,space-exterior,place,street|daytime,kago_foodie,https://maps.google.com/maps/contrib/108634345660260636308,false,Photo: kago_foodie via Google Maps,google-maps-contributor,https://lh3.googleusercontent.com/gps-cs-s/AHRPTWlCidrm4T32o9sldZXuH-CEEC8PdnRVlEkFVzvWNtpWigyP_jodZPei4t3KAUpe-cTWUVkrd0Nqk89XqB0CpGSaaNFcGXBo3q1xiy11f2OJxSX-dtnv9W_7Voh7G29fGKZRIjj1=s2048,https://www.google.com/maps?cid=2058023960931985196
tokyo-ushini-kanabou-azabu-juban,Ushini Kanabou Azabu-Juban,hero,tokyo/photos/tokyo-ushini-kanabou-azabu-juban/hero.webp,1600,1066,landscape,food,place,moody|design,牛に金棒 麻布十番,https://maps.google.com/maps/contrib/115891587365787278708,false,Photo: 牛に金棒 麻布十番 via Google Maps,google-maps-contributor,https://lh3.googleusercontent.com/gps-cs-s/AHRPTWmCzj2-ntxr0Tc0ehiac0jAkn84jKwyl8fc7svrD436JJxqEsU53a80rF4gE-ZFF3KzNnwNr1Ry0a2bPd569lEKwCO2JudsZSIavpNNTUa3Nd8aW52Ym6_2rNZY6-_Qal55O2HQ=s2048,https://www.google.com/maps?cid=16796578544750905090
tokyo-ushini-kanabou-azabu-juban,Ushini Kanabou Azabu-Juban,alt-1,tokyo/photos/tokyo-ushini-kanabou-azabu-juban/alt-1.webp,1600,1200,landscape,food,place,moody|design,YS,https://maps.google.com/maps/contrib/104896379969313253518,false,Photo: YS via Google Maps,google-maps-contributor,https://lh3.googleusercontent.com/gps-cs-s/AHRPTWnD9ztxiBI_oT-xJa2CdtJNyRBrRadU9u4DxPtCYTpMktOz9KDenb5O6XBnKVjA45TGgBqM0hFwZF5weftggTu0hbIbwBT66qp3Aqdao9nv7ONTAnlIRGvC_JEkJoTvQioOfJcqHn3LQQdR=s2048,https://www.google.com/maps?cid=16796578544750905090
tokyo-ushini-kanabou-azabu-juban,Ushini Kanabou Azabu-Juban,alt-2,tokyo/photos/tokyo-ushini-kanabou-azabu-juban/alt-2.webp,1600,1600,square,space-interior,place,minimal|intimate|design,みー,https://maps.google.com/maps/contrib/101554268253367926144,false,Photo: みー via Google Maps,google-maps-contributor,https://lh3.googleusercontent.com/gps-cs-s/AHRPTWn7GCPcoaB3YxdT8aRcUFRj3ef-EKAGqPOZebAoX3WDFzXRr0OLH2Ob7Aa30LBxfeHygocj99HtufWTUwXTMBxjZCtJHQQO7rqiMW5jD9Acaj97e50RVG7fJwGBx8rKkJl4rHHf9w=s2048,https://www.google.com/maps?cid=16796578544750905090
tokyo-ushini-kanabou-azabu-juban,Ushini Kanabou Azabu-Juban,alt-3,tokyo/photos/tokyo-ushini-kanabou-azabu-juban/alt-3.webp,1600,1200,landscape,food,place,moody,YS,https://maps.google.com/maps/contrib/104896379969313253518,false,Photo: YS via Google Maps,google-maps-contributor,https://lh3.googleusercontent.com/gps-cs-s/AHRPTWnN1eun2i4X-VsvCofBcpwcQEnNJLTk3LcwvhHLIsbLVkq85MIzSQwhpcwkgzloZcMzZVyGfTIqUcW4hCn9ycReD3Ri8zC1qBCOlXGHu76JzDnEEZbaPbwlEjBu5KDArBauGcJoYzChd-0S=s2048,https://www.google.com/maps?cid=16796578544750905090
tokyo-vendor-nakameguro,vendor Nakameguro,hero,tokyo/photos/tokyo-vendor-nakameguro/hero.webp,1600,1278,landscape,space-exterior,place,daytime|street|design,Semin Oh,https://maps.google.com/maps/contrib/115570817611708223858,false,Photo: Semin Oh via Google Maps,google-maps-contributor,https://lh3.googleusercontent.com/gps-cs-s/AHRPTWn3pdneofMQG344nrGL0H9LpmegWyU2x3V2XYQABAZSxk-rY-8yUQ-Tza2J_SHvUOQIUTF8GSDeUxgXWOVni2Skf1uMHDMRh_2nDXBPhy90fx6DF9C0j6Jz4MEO5nCuho7YKuX-b4uHp0Jj=s2048,https://www.google.com/maps?cid=14278198215103833686
tokyo-vendor-nakameguro,vendor Nakameguro,alt-1,tokyo/photos/tokyo-vendor-nakameguro/alt-1.webp,1600,1200,landscape,space-interior,place,bright|design,n a,https://maps.google.com/maps/contrib/105982490649147103922,false,Photo: n a via Google Maps,google-maps-contributor,https://lh3.googleusercontent.com/gps-cs-s/ANWiy9Qemin7ANZ0sy-VDTwh60NuLgfrvA51cKddoh_J9U5p-W-tFsR7nXA-4J3beM7JuQRghRpP4Qv9C-X77Qx0uzKzyKTCG3UrHS16bsL3tLmBfVxzqBiBto5YCnrqO5c_47sQdjxsjg=s2048,https://www.google.com/maps?cid=14278198215103833686
tokyo-vendor-nakameguro,vendor Nakameguro,alt-2,tokyo/photos/tokyo-vendor-nakameguro/alt-2.webp,1600,1200,landscape,detail,place,bright|minimal,n a,https://maps.google.com/maps/contrib/105982490649147103922,false,Photo: n a via Google Maps,google-maps-contributor,https://lh3.googleusercontent.com/gps-cs-s/ANWiy9Tz9-irjWPOC195cV5nZGMnU5XjTqByyk3teUe3_hNxbLEkzqmOdYI0mCnLZiYoT_IpvygpJ22uuXV4MNUzD8k5Ejl9mJvXzMdGZgZdrHnezoDKcM8TloeriPZcY9G2q3NQ2jwIlg=s2048,https://www.google.com/maps?cid=14278198215103833686
tokyo-vendor-nakameguro,vendor Nakameguro,alt-3,tokyo/photos/tokyo-vendor-nakameguro/alt-3.webp,1080,1440,portrait,space-exterior,place,daytime|design,홍영기,https://maps.google.com/maps/contrib/111026378385313481863,false,Photo: 홍영기 via Google Maps,google-maps-contributor,https://lh3.googleusercontent.com/gps-cs-s/ANWiy9RkNWTlskmvfHLulmDunZ1fv3FAjSwOqB0Ar6MehKeiNdcPUjGTdDKueF2v880xgfYDK_FqR0AiuoyruSbekbYI6txp_9sv685koTNTHiwNTfhlDC3nOifIXKXvlaX9P94YsC_rELCugNpy=s2048,https://www.google.com/maps?cid=14278198215103833686
tokyo-vent-tokyo,VENT Tokyo,hero,tokyo/photos/tokyo-vent-tokyo/hero.webp,1600,900,landscape,activity,place,night|neon|lively,Keitaro Suzuki,https://maps.google.com/maps/contrib/117349381831849078442,false,Photo: Keitaro Suzuki via Google Maps,google-maps-contributor,https://lh3.googleusercontent.com/gps-cs-s/AHRPTWlbtKP_67ZHAp4POWO21x6elHOC3DhixeOC2JvlHeJBzi5upSgrgWaCaMsy7jD6TGcbLabJF6aJ4FPXJ_Pi3MgacnU6aYunwZC4jAxE-Gr5lMMpjOVFWfMvalh18FJrAEbbKexT=s2048,https://www.google.com/maps?cid=8349292480181616491
tokyo-vent-tokyo,VENT Tokyo,alt-1,tokyo/photos/tokyo-vent-tokyo/alt-1.webp,1600,1066,landscape,space-interior,place,moody|minimal,VENT Tokyo,https://maps.google.com/maps/contrib/103905156553240318975,true,Photo: VENT Tokyo via Google Maps,google-maps-contributor,https://lh3.googleusercontent.com/gps-cs-s/AHRPTWkhOD08fZd5AV-FjZABh0gnQcrU5TmMxjYSlpcQKqAYCQT73Mdn-QL0ZMhPghCz9PPfYy9cGbfe9-m-i5r3-fZpFvQGSw48m2SrOlGbm-fDkbhKNSCnGsENNBuJG8ucoOmDQFRGdw=s2048,https://www.google.com/maps?cid=8349292480181616491
tokyo-vent-tokyo,VENT Tokyo,alt-2,tokyo/photos/tokyo-vent-tokyo/alt-2.webp,1200,1600,portrait,space-interior,place,night|neon|moody,JG,https://maps.google.com/maps/contrib/108004971511764513739,false,Photo: JG via Google Maps,google-maps-contributor,https://lh3.googleusercontent.com/gps-cs-s/AHRPTWlsoALtU9WKFpBM6ihmCdJ0sovWTHTWOzHvzK9ekp7lW3xUj_KJ71-hmbt0TPoeN_SGfYPrwIRkLkOfkZq_SfuF_f2TI07jG4cPLbJahnQN7-KbIe32nwC88pbdSPJGLwPxKF3-=s2048,https://www.google.com/maps?cid=8349292480181616491
tokyo-vent-tokyo,VENT Tokyo,alt-3,tokyo/photos/tokyo-vent-tokyo/alt-3.webp,1600,900,landscape,detail,place,neon|night,Keitaro Suzuki,https://maps.google.com/maps/contrib/117349381831849078442,false,Photo: Keitaro Suzuki via Google Maps,google-maps-contributor,https://lh3.googleusercontent.com/gps-cs-s/AHRPTWnPp-S3o-QtibabnnQ5nXQHqhVFleyjagJd7qFUFE7tCXUeNqGL2Ul79Hm0APXSN1chWfWtV17pxXedOCZPBWRIlsy7yoyzfNSaiY1ptJBmUB6Naw1GggSykDd7Qp7JqPKJQTWA=s2048,https://www.google.com/maps?cid=8349292480181616491
tokyo-verve-coffee-roasters,Verve Coffee Roasters,hero,tokyo/photos/tokyo-verve-coffee-roasters/hero.webp,1600,900,landscape,space-interior,place,bright|lively|design,栗原久美子,https://maps.google.com/maps/contrib/108862046624010879025,false,Photo: 栗原久美子 via Google Maps,google-maps-contributor,https://lh3.googleusercontent.com/gps-cs-s/AHRPTWnQatVH_5j6MGTK5yylGARiAeWkd5POsUTxjWvrlG3U68WVIaokBmK_8K-m9Z87_k9klryhXT9m8zkKrGndR7n3FrMqJZe5HdNbBmr4T9LE5YaNSEFw4C6YNzPHgAnLwjoSbjYd0ZtyXyAL=s2048,https://www.google.com/maps?cid=9573939175237169813
tokyo-verve-coffee-roasters,Verve Coffee Roasters,alt-1,tokyo/photos/tokyo-verve-coffee-roasters/alt-1.webp,1600,1200,landscape,drink,place,bright|cozy,최미경,https://maps.google.com/maps/contrib/114371334171940679954,false,Photo: 최미경 via Google Maps,google-maps-contributor,https://lh3.googleusercontent.com/gps-cs-s/AHRPTWlL38O2yO_7O4O0iUS2PcLuTsBld-Ugu94JBxA3EDsYq_reEOgR5THv2W_fT54VmX05Rr9y_4hzVqeXylvE08Jjvu-AgO71NX72160LQ1GbgCI6V8zTZISVBdDeyoYDToZCZhmzJMWElPAI=s2048,https://www.google.com/maps?cid=9573939175237169813
tokyo-verve-coffee-roasters,Verve Coffee Roasters,alt-2,tokyo/photos/tokyo-verve-coffee-roasters/alt-2.webp,1600,1200,landscape,space-exterior,place,daytime|design,まふ,https://maps.google.com/maps/contrib/106686233865588179529,false,Photo: まふ via Google Maps,google-maps-contributor,https://lh3.googleusercontent.com/grass-cs/AABkmLdj6IHOmaEp2pPLyn9mkpGtLjxNZZ5WqxEjgyQ75HpcXMkDD-QebeG7m-XY6zoeeEngAOawwG_UqppTx4aOtWtgaW0pjRwqtj_PbLOXUY4nQRkR4leKYT8kKBYhCgAswzx_rXkU=s2048,https://www.google.com/maps?cid=9573939175237169813
tokyo-verve-coffee-roasters,Verve Coffee Roasters,alt-3,tokyo/photos/tokyo-verve-coffee-roasters/alt-3.webp,1200,1600,portrait,food,place,daytime|bright,Carris,https://maps.google.com/maps/contrib/106295472180632494084,false,Photo: Carris via Google Maps,google-maps-contributor,https://lh3.googleusercontent.com/gps-cs-s/AHRPTWlMpJKufpvkGoPaRt7Z2zJs2JwSUCOa3UwrlRsnYaXQSknKT1apj--WDBwlOSW_UhqZ9OLhoAg0qp1qcauWHq3tNLXDQ2HBlBsL58DbaDLZvkPUIemj3ocvkrJ5y42U4Q5olX3a7uNAbwRG=s2048,https://www.google.com/maps?cid=9573939175237169813
tokyo-vineria-il-passaggio,Vineria Il Passaggio,hero,tokyo/photos/tokyo-vineria-il-passaggio/hero.webp,1600,901,landscape,space-interior,place,cozy|counter-seating|intimate,ヴィネリア·イル·パッサッジョ,https://maps.google.com/maps/contrib/113670462354323013607,false,Photo: ヴィネリア·イル·パッサッジョ via Google Maps,google-maps-contributor,https://lh3.googleusercontent.com/gps-cs-s/AHRPTWkIrQWyAGqBLHxb2xodkDu7qRvlyKXLzLtYz8sfV6-KeSXWnqKvwOmpujaI1e-YOHeiYmo_ncr16OcCnRabovXQSQ2HxymRD4rD6O-A0Ol5WGEbtxQa5GAj4ckssQuWhObrIRQ=s2048,https://www.google.com/maps?cid=8587710282115741436
tokyo-vineria-il-passaggio,Vineria Il Passaggio,alt-1,tokyo/photos/tokyo-vineria-il-passaggio/alt-1.webp,1200,1600,portrait,drink,place,cozy|intimate,rosy luo,https://maps.google.com/maps/contrib/101434129220563466535,false,Photo: rosy luo via Google Maps,google-maps-contributor,https://lh3.googleusercontent.com/gps-cs-s/AHRPTWnLCXfg_AdWxKbTZuA2MgwMO4NkUG1IPJGUFI4zZzERjpn4ujgjqCnP1PhoTrt-Us64D4Z3fkUA9ENExLoB21H7D80KS_X9mPkcAlALaMt9NfkItHJ7Sub6-nxRmCBplmkC8BIFcjHljG0=s2048,https://www.google.com/maps?cid=8587710282115741436
tokyo-vineria-il-passaggio,Vineria Il Passaggio,alt-2,tokyo/photos/tokyo-vineria-il-passaggio/alt-2.webp,1440,1440,square,detail,place,cozy|design,ヴィネリア·イル·パッサッジョ,https://maps.google.com/maps/contrib/113670462354323013607,false,Photo: ヴィネリア·イル·パッサッジョ via Google Maps,google-maps-contributor,https://lh3.googleusercontent.com/gps-cs-s/AHRPTWkEMTr-kltjnoFmNpeasov0p4IrQA7EaYttGpE0u22jZMNi4Z3v94u5dCq_q2irb8J7cxEEKENSDZFrrqs0w1uosPHwHGNqMCT-ALGvttsWzPKZI3VnA9Q5LsMzpJIC801bCWU5=s2048,https://www.google.com/maps?cid=8587710282115741436
tokyo-vineria-il-passaggio,Vineria Il Passaggio,alt-3,tokyo/photos/tokyo-vineria-il-passaggio/alt-3.webp,1200,1600,portrait,detail,place,cozy|retro,rosy luo,https://maps.google.com/maps/contrib/101434129220563466535,false,Photo: rosy luo via Google Maps,google-maps-contributor,https://lh3.googleusercontent.com/gps-cs-s/AHRPTWmW4t-jSc1CL6ahf-2haeQt4-PjAIbqByDisFlReG7th6vTr-b6LN0Wl2u7ckKZEyuoU6zlJblqsl8yaE6UPjDNZpH-kZAtdp99EjEs8W1aAHOjM5ciMMQGriaEfBxuUcMn9mcdoaJMserG=s2048,https://www.google.com/maps?cid=8587710282115741436
tokyo-virt,VIRTÙ,hero,tokyo/photos/tokyo-virt/hero.webp,1600,1200,landscape,space-interior,place,moody|design|skyline,小林恵生,https://maps.google.com/maps/contrib/104481758501782873524,false,Photo: 小林恵生 via Google Maps,google-maps-contributor,https://lh3.googleusercontent.com/gps-cs-s/AHRPTWm9WTWReNb5IE0oeiylElWhELNSIF30XZfTlmRU_BPTXAsR2krrJsXp584xYemD0q4lYxoOQqREP0STZDVBPliD7apv5xa6GWsq-Pu2OKxxB7ns1ep_A_HrEVbM1YkVON4T0_WI3FtLWgM4=s2048,https://www.google.com/maps?cid=9430351831564603232
tokyo-virt,VIRTÙ,alt-1,tokyo/photos/tokyo-virt/alt-1.webp,1600,1067,landscape,drink,place,candlelit|moody,VIRTÙ,https://maps.google.com/maps/contrib/116934906284228813485,true,Photo: VIRTÙ via Google Maps,google-maps-contributor,https://lh3.googleusercontent.com/gps-cs-s/AHRPTWnHpQaY1a9YrlQp3Bp3eaaiXW6mbjS44c0-0QhpiG3JWh8iJTBZYNd8o72EBq680QQfKJUNRulK5RINpDLaug38-cv-zahO5Ya98BL1_DYe_RlSSzMDa3AzPfq5JsD3VqNO_hiFbsGtHigQ=s2048,https://www.google.com/maps?cid=9430351831564603232
tokyo-virt,VIRTÙ,alt-2,tokyo/photos/tokyo-virt/alt-2.webp,1600,1067,landscape,space-interior,place,moody|design|intimate,VIRTÙ,https://maps.google.com/maps/contrib/116934906284228813485,true,Photo: VIRTÙ via Google Maps,google-maps-contributor,https://lh3.googleusercontent.com/gps-cs-s/AHRPTWktWX3hG4UvYsQF4aS1a8S4SW08dyUmRumhlJa1ElJeztp5RdhN_8VSbV40u4JHtnxHA-XjhDxpNSeIe4jBus0fMTQGvSbWhtVDtIlC8dVAbYycELWImW3yA30atUQ6luZohalJfPEWlvVP=s2048,https://www.google.com/maps?cid=9430351831564603232
tokyo-virt,VIRTÙ,alt-3,tokyo/photos/tokyo-virt/alt-3.webp,1200,1600,portrait,drink,place,night|skyline|candlelit,JetAwayWithNomads,https://maps.google.com/maps/contrib/103219331358916982686,false,Photo: JetAwayWithNomads via Google Maps,google-maps-contributor,https://lh3.googleusercontent.com/gps-cs-s/AHRPTWlHe_YY9dPyhgS_RTyQA6Grsukx-uQ0suXpRHU4mhJHjJMdGkbcda5csz10Hylz4QBi-ew08KqZVAO9mAdClFZlfkUtadUpZ7KlikpDL_nbtM0bOyTFrfzQKxYj4W3-TW8Ppob88p74fwRr=s2048,https://www.google.com/maps?cid=9430351831564603232
tokyo-visvim,visvim,hero,tokyo/photos/tokyo-visvim/hero.webp,1600,1200,landscape,space-interior,place,design|retro|bright,REACH,https://maps.google.com/maps/contrib/112122586745956086638,false,Photo: REACH via Google Maps,google-maps-contributor,https://lh3.googleusercontent.com/gps-cs-s/ANWiy9QGykKQxjfjP8x3tE_lLFCWQBx1sa3-yByuC1g5wWL7k82ylPnkBQOdBqTmvuA3qF9hh-ByDXmJfj3GA8TFg7iZyl1WLXvMnMWKrgef8e4i1KZhsAIZaq1jy2-JJbKRdB9AXJRb=s2048,https://www.google.com/maps?cid=12969096125585702333
tokyo-visvim,visvim,alt-1,tokyo/photos/tokyo-visvim/alt-1.webp,1600,1600,square,drink,place,retro|counter-seating,J,https://maps.google.com/maps/contrib/110977866840609507107,false,Photo: J via Google Maps,google-maps-contributor,https://lh3.googleusercontent.com/gps-cs-s/ANWiy9RujKPGEWaCo3v0K5ps1RGw899CNifNHiDmf9HFV0y5LZR3WPv8S5Yo7U6PRLH62rN_DaKqOMTiSxiYJePCVyucQWz3WVaSM73hLww8Ay0k8H6LVXG-2JwGrOLxatUoqMFlpOBKdg=s2048,https://www.google.com/maps?cid=12969096125585702333
tokyo-visvim,visvim,alt-2,tokyo/photos/tokyo-visvim/alt-2.webp,1200,1600,portrait,detail,place,design|daytime,Adam Shoshani,https://maps.google.com/maps/contrib/106002234564437513876,false,Photo: Adam Shoshani via Google Maps,google-maps-contributor,https://lh3.googleusercontent.com/gps-cs-s/ANWiy9Q2HfDuJ16Rpgf_WJL70uNFxaLkCtlcHV1B325EeOI_csSb_Li1epQWK6p1z_prj7ooMvoLQIHwoX1NaORGi0DL1HxY88pPzc40xC_GpqMd2Wa_uKsqLVZLf8Hw5AkfA34WXZp4ug=s2048,https://www.google.com/maps?cid=12969096125585702333
tokyo-wakahiro-tokyo,Wakahiro TOKYO,hero,tokyo/photos/tokyo-wakahiro-tokyo/hero.webp,1600,1200,landscape,food,place,bright,マジェリスト秀,https://maps.google.com/maps/contrib/110906700868334029921,false,Photo: マジェリスト秀 via Google Maps,google-maps-contributor,https://lh3.googleusercontent.com/gps-cs-s/AHRPTWkvvBufuH_U_J4-YGbDnlTi4KJc4UsqROvkyfvQGGrnS237Zx2BITTTt7ST5fJHGSEb6xaY1d3dHk10e1lO7irzGjO8AgsbiAEZ8OAGZsXB50xUy3Vc-egmdvKXzOOSUwxGq9fSLtuhRzZ8=s2048,https://www.google.com/maps?cid=5348125281198291099
tokyo-wakahiro-tokyo,Wakahiro TOKYO,alt-1,tokyo/photos/tokyo-wakahiro-tokyo/alt-1.webp,1600,667,landscape,food,place,bright,T K,https://maps.google.com/maps/contrib/116380609560016626579,false,Photo: T K via Google Maps,google-maps-contributor,https://lh3.googleusercontent.com/gps-cs-s/AHRPTWmY0F8p3mFE2BiCg1L0vQ09wvcbHy0omQHrWth9fSx5Df7Kns0EpwnZMf24LsZqAltmKIHACb_7HYa_CErZjOo6J8LG6Jb60bMCb2WkCiQ2JaamMdTFtRECTfZG6UH7vYOrhzmT=s2048,https://www.google.com/maps?cid=5348125281198291099
tokyo-wakahiro-tokyo,Wakahiro TOKYO,alt-2,tokyo/photos/tokyo-wakahiro-tokyo/alt-2.webp,1600,1066,landscape,space-interior,place,bright|lively,百目木陽介,https://maps.google.com/maps/contrib/107745720125585347088,false,Photo: 百目木陽介 via Google Maps,google-maps-contributor,https://lh3.googleusercontent.com/gps-cs-s/AHRPTWkblJ3tzofCQuSmtpfLpg6O5sHA2wigB-kNz0bfoaf_jKtRJmIN8ulI-1wm9YP4XphBNRG6ZmbDSrtsapZ6lz-QQmUzkDTk20TBKPm0xsWs120lMtWmqHCTAl-Dv1XSt2bvR5Qj=s2048,https://www.google.com/maps?cid=5348125281198291099
tokyo-wakahiro-tokyo,Wakahiro TOKYO,alt-3,tokyo/photos/tokyo-wakahiro-tokyo/alt-3.webp,1200,1600,portrait,food,place,cozy,山本正博,https://maps.google.com/maps/contrib/101362557602907647895,false,Photo: 山本正博 via Google Maps,google-maps-contributor,https://lh3.googleusercontent.com/gps-cs-s/AHRPTWn8-IASQdWQ2TGZ9hiajmMtImj-gXEtbP-8Bv8VSUC-L889R0PNh3aNJbH1L2RSmza3avUcklZatm4cHCqbEZWkjLn95KhTVVG64VIP9EUpyo922xAZAGrwCakQ3Zs8B6Bq_Y4VIujkHHg=s2048,https://www.google.com/maps?cid=5348125281198291099
tokyo-waseda-station,Waseda Station,hero,tokyo/photos/tokyo-waseda-station/hero.webp,1600,1200,landscape,space-exterior,place,retro|daytime|street,にしだたてき,https://maps.google.com/maps/contrib/101715928884494145480,false,Photo: にしだたてき via Google Maps,google-maps-contributor,https://lh3.googleusercontent.com/gps-cs-s/AHRPTWnmzYOAIjIIMEHbVtKHedGePNBoqeTdh5jHqayYj-hbkrn2De4N0-cUIxlOH7yl8xbBTvRJ-xCaaOO2kwhZQTXiC7b_wlMmbDyhHxUc9pAaVXcHd5cqMspGwOpw_ulLepcWQlkI=s2048,https://www.google.com/maps?cid=10172177767514486571
tokyo-waseda-station,Waseda Station,alt-1,tokyo/photos/tokyo-waseda-station/alt-1.webp,1200,1600,portrait,detail,place,retro|night,亀井英昭,https://maps.google.com/maps/contrib/104508943380958493859,false,Photo: 亀井英昭 via Google Maps,google-maps-contributor,https://lh3.googleusercontent.com/gps-cs-s/AHRPTWm8RGd_B7nrmnlnA4FfX8m6lP8Bix5r4MNzupc58MdVnCfsS9f_hMjq_oDZBihvQoVwTt0C-gYuRbUPVEyMilad1Xk8jrItkb4wabR7gYbJ-z6-cf4DUQH-fi2254y4E44ucEE=s2048,https://www.google.com/maps?cid=10172177767514486571
tokyo-waseda-station,Waseda Station,alt-2,tokyo/photos/tokyo-waseda-station/alt-2.webp,1600,1200,landscape,space-exterior,place,street|daytime,M T,https://maps.google.com/maps/contrib/104797328537983104230,false,Photo: M T via Google Maps,google-maps-contributor,https://lh3.googleusercontent.com/grass-cs/ACvplmMXLGF4PkbKR1CXCSFLdQC8_XBQFH_RmlaFNy4yG3bfhB1LFIhqdaDDwdk1IpT4_HmYrs5-Nlq2E1LQyYmPUs1AN02ABW4BJcvYTB6lDMxpanP126KeicKxkWY3NpQ4oKRsfQKZlA=s2048,https://www.google.com/maps?cid=10172177767514486571
tokyo-waseda-station,Waseda Station,alt-3,tokyo/photos/tokyo-waseda-station/alt-3.webp,1600,900,landscape,view,place,street|daytime,芦田直樹,https://maps.google.com/maps/contrib/104198091275217148771,false,Photo: 芦田直樹 via Google Maps,google-maps-contributor,https://lh3.googleusercontent.com/gps-cs-s/AHRPTWktzCu_vHdC0gvkWnz_RZgKf6NSmbkzvusuO_Asbm0tUYfyaprIBsg2LagNYQ0h96QXm45LFbBREbaq7B4Hp_RUobKpalsMxuGjfKMsNh1c9gI_8t6M0pUprNfJ-VKsk0Gwml7l=s2048,https://www.google.com/maps?cid=10172177767514486571
tokyo-watarium-art-museum,Watarium Art Museum,hero,tokyo/photos/tokyo-watarium-art-museum/hero.webp,1600,1200,landscape,space-exterior,place,daytime|design|street,ptamagnolia,https://maps.google.com/maps/contrib/117235233766819113324,false,Photo: ptamagnolia via Google Maps,google-maps-contributor,https://lh3.googleusercontent.com/grass-cs/ACvplmONwHFfUyC6JE_VJSSY9TkoNxuIwBYtq4kHLwAGrJUxhYTkubLBbWdnXNSDaQKfSo_wHwg39cWG-69sSLfAl4n8uOZlvtoe-FIH9NvKNjnAhX25IgNtSjOFflfcAJ4wl6X0dim2=s2048,https://www.google.com/maps?cid=13078670503696375109
tokyo-watarium-art-museum,Watarium Art Museum,alt-1,tokyo/photos/tokyo-watarium-art-museum/alt-1.webp,1600,1200,landscape,space-interior,place,cozy|design,Danny,https://maps.google.com/maps/contrib/113077378539004761758,false,Photo: Danny via Google Maps,google-maps-contributor,https://lh3.googleusercontent.com/gps-cs-s/AHRPTWnILX8DZ2-fmyx06Isi_jJT5amiqBkdrBgxw5C6SoFJB6xocfVKM3XBhTUzK4R0UpdKQ_3gc2NLcmHvcKaGTIOdoPRuNqIwMD9WOt380dW8uDGndDbrj4ORbW2_kMkB2DG2kngrcA=s2048,https://www.google.com/maps?cid=13078670503696375109
tokyo-watarium-art-museum,Watarium Art Museum,alt-2,tokyo/photos/tokyo-watarium-art-museum/alt-2.webp,1600,900,landscape,art,place,bright|design,QQQ,https://maps.google.com/maps/contrib/114031680147948376719,false,Photo: QQQ via Google Maps,google-maps-contributor,https://lh3.googleusercontent.com/gps-cs-s/AHRPTWmX8YUHX6i-HnJAYZeWwUI5kS_LmEb5hnyoVLY2d7P9kMwxKlwrC7oRVJ2mXzn7qdAlEgZGMwacCAi5GqMQD3wXWkhOituPLAi6LFHFh8TyiOD2ikVBitocq9nkdygztEkT0vow=s2048,https://www.google.com/maps?cid=13078670503696375109
tokyo-watarium-art-museum,Watarium Art Museum,alt-3,tokyo/photos/tokyo-watarium-art-museum/alt-3.webp,1600,900,landscape,art,place,minimal|bright,QQQ,https://maps.google.com/maps/contrib/114031680147948376719,false,Photo: QQQ via Google Maps,google-maps-contributor,https://lh3.googleusercontent.com/gps-cs-s/AHRPTWkFsbwf4neJcxyhY1nc9s4xtA0M-Bic13T6a8dH5qgo6MsNk-294PT1CHd9WIOAKCOJyfat1fURpGuMP01ykczTyApxxbVUGhZ-l2iJZisx29q8U_-n9AAsSXQHSkxnXIRr6qS7=s2048,https://www.google.com/maps?cid=13078670503696375109
tokyo-wolfman-barber-shop-jingumae,WOLFMAN BARBER SHOP -JINGUMAE-,hero,tokyo/photos/tokyo-wolfman-barber-shop-jingumae/hero.webp,1600,1066,landscape,space-exterior,place,night|retro|street,WOLFMAN,https://maps.google.com/maps/contrib/101374856486987152252,true,Photo: WOLFMAN via Google Maps,google-maps-contributor,https://lh3.googleusercontent.com/gps-cs-s/ANWiy9TvY8nR0eN2TDXTiQUs9vTUh7-X6MAK78fQbP5_bkkLV1XoVRvhcQ7G5cidkuw8H-M66aqasZ47Lu-kfelndeknommur74f9GzmTm1Hc1DEDNGDpFwzUzElYfB4ZAhS6_tGT5tc=s2048,https://www.google.com/maps?cid=3074492764766197875
tokyo-wolfman-barber-shop-jingumae,WOLFMAN BARBER SHOP -JINGUMAE-,alt-1,tokyo/photos/tokyo-wolfman-barber-shop-jingumae/alt-1.webp,1600,1202,landscape,space-interior,place,retro|design|moody,tomba,https://maps.google.com/maps/contrib/105166355427745569273,false,Photo: tomba via Google Maps,google-maps-contributor,https://lh3.googleusercontent.com/gps-cs-s/ANWiy9S_4M6HamPFF8CRYcKUhdbxHCQN6y9ZgRtWHNWPhGaHpdSKfqQ1rZjuktsCoJo5xJ-ctR1IeytuWN1Lb_CQO-5bwMOc3cXWkImu-4ppGfN145PFJzJFGJWF-3wulHgxGg3KaeWdj90wHOM=s2048,https://www.google.com/maps?cid=3074492764766197875
tokyo-wolfman-barber-shop-jingumae,WOLFMAN BARBER SHOP -JINGUMAE-,alt-2,tokyo/photos/tokyo-wolfman-barber-shop-jingumae/alt-2.webp,1600,900,landscape,detail,place,retro|street,WOLFMAN,https://maps.google.com/maps/contrib/101374856486987152252,true,Photo: WOLFMAN via Google Maps,google-maps-contributor,https://lh3.googleusercontent.com/gps-cs-s/ANWiy9RcR2QracwEh9jp1iTKqwIEY9OdjlV0J4R_dA7rc4kjjP86C4MA_5ikB9ZREpErACq9iaNicN73FSVv5VG1ce7xTcvaW7EE6aX16_aD5bh0oxMBe63sR6J8uqbkPRQg576JB3A=s2048,https://www.google.com/maps?cid=3074492764766197875
tokyo-womb,WOMB,hero,tokyo/photos/tokyo-womb/hero.webp,1600,1067,landscape,activity,place,night|neon|crowd,WOMB,https://maps.google.com/maps/contrib/107219774476067656996,true,Photo: WOMB via Google Maps,google-maps-contributor,https://lh3.googleusercontent.com/gps-cs-s/AHRPTWkk7lC_t2gT2Tf1q55l0PzTV40pjuu9xKyY6qjbYCjkAi1kUBNSPYI951FXrSjlGPPj3BjkVCVRKc7Z1-3_jgLnubA26G0PJTi5o9dq4gGCF1E9mRMh4SyRB3kVOZ0SOBf7n2vRwPWjics=s2048,https://www.google.com/maps?cid=5161171707981268291
tokyo-womb,WOMB,alt-1,tokyo/photos/tokyo-womb/alt-1.webp,1600,1067,landscape,activity,place,night|crowd|lively,WOMB,https://maps.google.com/maps/contrib/107219774476067656996,true,Photo: WOMB via Google Maps,google-maps-contributor,https://lh3.googleusercontent.com/grass-cs/ACvplmOC6D6a131aN8brZUIqhZKQpT259dCskTIWnbS1vpt8qOhzluiqZuH4Z0VpJWmuwoA2Myj3NsCko5INZ08YttzSY4HvIn96rBAfoVi5S8H4RPQ7WNnDM5NQ5X2BNNsHUSEviNj0_5ZHlxW9=s2048,https://www.google.com/maps?cid=5161171707981268291
tokyo-womb,WOMB,alt-2,tokyo/photos/tokyo-womb/alt-2.webp,1600,1067,landscape,space-interior,place,neon|night|design,WOMB,https://maps.google.com/maps/contrib/107219774476067656996,true,Photo: WOMB via Google Maps,google-maps-contributor,https://lh3.googleusercontent.com/gps-cs-s/AHRPTWnZL7UmZLh_CvGGpzHGmYqYVi_mu4zpePQb04VmSl-E9vwAKFYTOKVHDxRKTkmDmy5rxziFqkIU5lO_4S6njR-35MbkKElTmHBaij-IcvyMJTRKJ1Fx8VoTkv0CNhIG1FOXovmm=s2048,https://www.google.com/maps?cid=5161171707981268291
tokyo-womb,WOMB,alt-3,tokyo/photos/tokyo-womb/alt-3.webp,1600,1205,landscape,space-exterior,place,daytime|street|minimal,ymir,https://maps.google.com/maps/contrib/101367172636625778035,false,Photo: ymir via Google Maps,google-maps-contributor,https://lh3.googleusercontent.com/gps-cs-s/AHRPTWm5qaN1cT-pcARBuFdpFtkYW0r1iOKcxRqkFfCDo-fVXgHvjNifFEpsFX6fR5AGjk7kYHu7PZ2oT8hRBY3TwzvCD85o6Kh7vFDe_nSynov7api7YHJvmPpXA8y9RAvt4WNKixHpywoSe8Uj=s2048,https://www.google.com/maps?cid=5161171707981268291
tokyo-womb-2,WOmB 原宿店,hero,tokyo/photos/tokyo-womb-2/hero.webp,1600,1200,landscape,space-exterior,place,street|daytime|bright,さへきひろのぶ,https://maps.google.com/maps/contrib/107804304792480228126,false,Photo: さへきひろのぶ via Google Maps,google-maps-contributor,https://lh3.googleusercontent.com/gps-cs-s/AHRPTWlXbYkdVyNfRdVbHbetjyGUTbFDRmch7T-HYVmFCjoUwruNrgm8cVV56JppL1pImUYciTAOgYkzeA1bja8hTQ_2mN6Wv0MXJAHNyJToGtxQVsqa-FceCeyDHt2ijA6nTlH1-zma=s2048,https://www.google.com/maps?cid=9141912506324165623
tokyo-yakiniku-kappo-ryotei-note,Yakiniku Kappo Ryotei Note,hero,tokyo/photos/tokyo-yakiniku-kappo-ryotei-note/hero.webp,1600,1067,landscape,space-interior,place,counter-seating|intimate|moody,焼肉割烹 ノ音,https://maps.google.com/maps/contrib/107514047962987276250,false,Photo: 焼肉割烹 ノ音 via Google Maps,google-maps-contributor,https://lh3.googleusercontent.com/grass-cs/ACvplmNli69lUQvAXUvbniuEjUUhEsNccFtO5-BnRXNNO3-RejG9Omfe-K7kDGVI6-DA3SL0cGs7Rq5PU5YULUJVsmetVzz0CkmBVgg_dP0rMI2gWesBsLyEBgzTlg8RgMbm_jgT2DYqlw=s2048,https://www.google.com/maps?cid=17389856614236711693
tokyo-yakiniku-kappo-ryotei-note,Yakiniku Kappo Ryotei Note,alt-1,tokyo/photos/tokyo-yakiniku-kappo-ryotei-note/alt-1.webp,1600,1200,landscape,food,place,intimate,shintawati kusnandar,https://maps.google.com/maps/contrib/110657858369753068904,false,Photo: shintawati kusnandar via Google Maps,google-maps-contributor,https://lh3.googleusercontent.com/gps-cs-s/AHRPTWkMdnhZD_uGaeOklphWNsdlkFLcD0Y3dcHWFJ4gpYy834PD7qYCCp0n0TVeEnFt4ToaaibJGDt6EnF8kxsUa2Z79RYPF5BERCpJGEW90y0pF1_N2v7TkV8fAHi96kJ5nwId44q6U5ZH1pcE=s2048,https://www.google.com/maps?cid=17389856614236711693
tokyo-yakiniku-kappo-ryotei-note,Yakiniku Kappo Ryotei Note,alt-2,tokyo/photos/tokyo-yakiniku-kappo-ryotei-note/alt-2.webp,1600,1600,square,food,place,design,Eddie Chen,https://maps.google.com/maps/contrib/108940346627873163525,false,Photo: Eddie Chen via Google Maps,google-maps-contributor,https://lh3.googleusercontent.com/gps-cs-s/AHRPTWno8ffAZ-okgGOqqmEsY2GY0zPTyG4J0AodbZT_Sn85-GzNz63xpWDExngDlv_1J-lFZISN2OBXXV9lpS4fGOJmg9L0yFba_lrvHRAs1eXwXtkF0yWGr_ERBb1Vhm_X2O_mOo_Tct7s_WY=s2048,https://www.google.com/maps?cid=17389856614236711693
tokyo-yakiniku-kappo-ryotei-note,Yakiniku Kappo Ryotei Note,alt-3,tokyo/photos/tokyo-yakiniku-kappo-ryotei-note/alt-3.webp,1600,1600,square,food,place,design|minimal,Eddie Chen,https://maps.google.com/maps/contrib/108940346627873163525,false,Photo: Eddie Chen via Google Maps,google-maps-contributor,https://lh3.googleusercontent.com/gps-cs-s/AHRPTWnSnke03pkLsP0sJLcSvYR65UCTsUXzBT_ExG2lf_ezTNJn3mDDdarhL11oYIcco2hhorNbapMvShcmRL6RHqKOhEhGCp93ANFuVT1WC-m2PK_oc6cuPqtlPLgVHJ2YQcUjgLLuPa-qXLjW=s2048,https://www.google.com/maps?cid=17389856614236711693
tokyo-yakiniku-ponga-premium,YAKINIKU PONGA PREMIUM,hero,tokyo/photos/tokyo-yakiniku-ponga-premium/hero.webp,1600,1200,landscape,space-interior,place,skyline|golden-hour|cozy,윤성호,https://maps.google.com/maps/contrib/101786504496262685957,false,Photo: 윤성호 via Google Maps,google-maps-contributor,https://lh3.googleusercontent.com/gps-cs-s/AHRPTWmmS7R-y05nu1sLuj9IacCHKr76OuRhouuAfd6oymE6UAcAtHvpz31bmAgrF1LrBl1D6931SAFReRd9s-Yazs3X6CI7cq6NMwllB6Pjj-2QMx-tZSOVxElM7ySTaRElgXz8kdAF_f4iwnmQ=s2048,https://www.google.com/maps?cid=3530819899245577026
tokyo-yakiniku-ponga-premium,YAKINIKU PONGA PREMIUM,alt-1,tokyo/photos/tokyo-yakiniku-ponga-premium/alt-1.webp,1600,900,landscape,food,place,moody,Yuta,https://maps.google.com/maps/contrib/100198803169193863160,false,Photo: Yuta via Google Maps,google-maps-contributor,https://lh3.googleusercontent.com/gps-cs-s/AHRPTWkYP3oMtu8HhDBxTE7K_iVntfJOpvBnWMpkUUNHA5qra_zpDVm6l8ZLGqAT8Y5MHLzJ5iwH7wHD5pY10PoM4QqXRHD7pvfPmK7f1ApW66irqF82SA7q1J-M_bhIaMkEKIFO0a-W=s2048,https://www.google.com/maps?cid=3530819899245577026
tokyo-yakiniku-ponga-premium,YAKINIKU PONGA PREMIUM,alt-2,tokyo/photos/tokyo-yakiniku-ponga-premium/alt-2.webp,1600,1200,landscape,food,place,design,최수진,https://maps.google.com/maps/contrib/109868950404290902600,false,Photo: 최수진 via Google Maps,google-maps-contributor,https://lh3.googleusercontent.com/gps-cs-s/AHRPTWnHRAl_4O30qk4kaOKcG3BdleJy89U_qD8H_o-zwFr1HXw4uj9GLFgazFRGS8o6i-o6KxM0FF6fX9Fb_ZEcvBg4lRZZTMl0S9HoMw8w2WeS2W38NtuFTcjC9WSdXJLp-0fD3ksrY58mMAja=s2048,https://www.google.com/maps?cid=3530819899245577026
tokyo-yakiniku-ponga-premium,YAKINIKU PONGA PREMIUM,alt-3,tokyo/photos/tokyo-yakiniku-ponga-premium/alt-3.webp,1600,1200,landscape,food,place,design,플딱이,https://maps.google.com/maps/contrib/114562785820508406195,false,Photo: 플딱이 via Google Maps,google-maps-contributor,https://lh3.googleusercontent.com/gps-cs-s/AHRPTWkpej16Dq0aUZmIKbQUAzlJd8TZGoYq9r8ozeDBfSygG_ynu3u03uA2Q3cURR6qfdPwisxnGCsbFBEQQ3cb0BNEubdrlGRX2RO6yuMn4W_DK-Oi4abXwGFEpzw5W-etoKgg6RKtF04hBPY=s2048,https://www.google.com/maps?cid=3530819899245577026
tokyo-yakitori-imai,Yakitori Imai,hero,tokyo/photos/tokyo-yakitori-imai/hero.webp,1600,1200,landscape,space-exterior,place,daytime|street|minimal,Kota Kuniyasu,https://maps.google.com/maps/contrib/117237174001388340558,false,Photo: Kota Kuniyasu via Google Maps,google-maps-contributor,https://lh3.googleusercontent.com/grass-cs/ACvplmMYLwX6nk0HbYuQldXhMsp7NCBRSvk0FYM3WuWNRPpG-rW-Hb-AmBDnz_W9W8KuVpKRnCcoO6RmEhfOLt-yc9Qkk_q3yw7YNjJ7pcaq9z6zMIzbh3i0fFQ5ROpJA8FhzSikjniw2I-w4eSN=s2048,https://www.google.com/maps?cid=17628781881532605721
tokyo-yakitori-imai,Yakitori Imai,alt-1,tokyo/photos/tokyo-yakitori-imai/alt-1.webp,1600,1441,square,food,place,minimal|cozy,AYA,https://maps.google.com/maps/contrib/110530132892983493268,false,Photo: AYA via Google Maps,google-maps-contributor,https://lh3.googleusercontent.com/gps-cs-s/AHRPTWnp3UBVBDTylqTwVs7VsZMWb2YwAPlrNzEoFKPsGflm7xnNqABNNCh7Ptb9xP547I6teL1Wl_2LCJvp6CIyf2GtZF8uHE-Qefs38Egv2UYvMIIXOfh1o-nreu2C2elXxOGLT5CIQCmdpn9D=s2048,https://www.google.com/maps?cid=17628781881532605721
tokyo-yakitori-imai,Yakitori Imai,alt-2,tokyo/photos/tokyo-yakitori-imai/alt-2.webp,1200,1600,portrait,food,place,cozy,Kota Kuniyasu,https://maps.google.com/maps/contrib/117237174001388340558,false,Photo: Kota Kuniyasu via Google Maps,google-maps-contributor,https://lh3.googleusercontent.com/gps-cs-s/AHRPTWm-5C5WwRIzUVbGjZYY8-cdE9U7mLo_aMCBVv7B5MGnJinFpg3uT9t7_nngXe7GU34QaGZYK-i_BtgcuLlOWwQB_kLgyVyF2X7f5wT2D7C8oJWi83ynghBhNVut32xB_7TMt3AIMM7_3wGl=s2048,https://www.google.com/maps?cid=17628781881532605721
tokyo-yakitori-imai,Yakitori Imai,alt-3,tokyo/photos/tokyo-yakitori-imai/alt-3.webp,1200,1600,portrait,food,place,minimal,M I,https://maps.google.com/maps/contrib/111518116206629008477,false,Photo: M I via Google Maps,google-maps-contributor,https://lh3.googleusercontent.com/gps-cs-s/AHRPTWlVKQhPEn5g4Fn95Nl89ZpluZ6RAoSLEivuvXNUlsTRYj2LtDxkHUJ-epZyg5sV8tzC--bhu9cbh9u4LfFlbcvgPNe3jVFY_mT9FaYA-fzRifM7Vx56AYl2FW2xFZwsJhUANww6lBY1PE8=s2048,https://www.google.com/maps?cid=17628781881532605721
tokyo-yakitori-mizutaki-toriichizu-seibu-shinjuku,Yakitori Mizutaki TORIICHIZU Seibu Shinjuku,hero,tokyo/photos/tokyo-yakitori-mizutaki-toriichizu-seibu-shinjuku/hero.webp,1280,960,landscape,food,place,lively|bright,大衆居酒屋 とりいちず 西武新宿駅前店,https://maps.google.com/maps/contrib/110402076745217628552,false,Photo: 大衆居酒屋 とりいちず 西武新宿駅前店 via Google Maps,google-maps-contributor,https://lh3.googleusercontent.com/gps-cs-s/AHRPTWlQf3Uvn8iianAVMJEJ7-jblmyTKwieM4pSMBmiUod7e7HJhEYFd-Zu7mcrs3CdBmBGpyf56-ngzOFGFEjmI2TF55ii9K7gx9SHuCMItNJ1jzcO6QvWYsO-Qx2cFv8ehjS7kYwoYg=s2048,https://www.google.com/maps?cid=12595229097898053519
tokyo-yakitori-mizutaki-toriichizu-seibu-shinjuku,Yakitori Mizutaki TORIICHIZU Seibu Shinjuku,alt-1,tokyo/photos/tokyo-yakitori-mizutaki-toriichizu-seibu-shinjuku/alt-1.webp,1600,1066,landscape,food,place,bright|minimal,大衆居酒屋 とりいちず 西武新宿駅前店,https://maps.google.com/maps/contrib/110402076745217628552,false,Photo: 大衆居酒屋 とりいちず 西武新宿駅前店 via Google Maps,google-maps-contributor,https://lh3.googleusercontent.com/gps-cs-s/AHRPTWkVNi_5DOvmen-u81AaoaScIjx6Jg3toGKGZw4Q2GYLtf0y932R87jyJN3iQIxwlo7LV_XKKMX5kpExrmPSFgpWJs6tLAigG5KMQCqzogDf2MeFGh35aGclP_si4WmdbNUJjrMxsE6tU3E=s2048,https://www.google.com/maps?cid=12595229097898053519
tokyo-yakitori-mizutaki-toriichizu-seibu-shinjuku,Yakitori Mizutaki TORIICHIZU Seibu Shinjuku,alt-2,tokyo/photos/tokyo-yakitori-mizutaki-toriichizu-seibu-shinjuku/alt-2.webp,1600,1600,square,food,place,bright,大衆居酒屋 とりいちず 西武新宿駅前店,https://maps.google.com/maps/contrib/110402076745217628552,false,Photo: 大衆居酒屋 とりいちず 西武新宿駅前店 via Google Maps,google-maps-contributor,https://lh3.googleusercontent.com/gps-cs-s/AHRPTWlbz_dYcGYkjI_FDPes5rkND_1MsFBGsZ3qF34go8uNis2vFU_qUIX3HRJRzlgzQD8T6FZeB-t0ODr18yX_sidfNiqnWDvFhGDNn0urx4VDoUQIMDFI1zZSs2Ibtt6Qyy6W7jqiC5iusg7V=s2048,https://www.google.com/maps?cid=12595229097898053519
tokyo-yakitori-mizutaki-toriichizu-seibu-shinjuku,Yakitori Mizutaki TORIICHIZU Seibu Shinjuku,alt-3,tokyo/photos/tokyo-yakitori-mizutaki-toriichizu-seibu-shinjuku/alt-3.webp,1600,1600,square,food,place,bright,大衆居酒屋 とりいちず 西武新宿駅前店,https://maps.google.com/maps/contrib/110402076745217628552,false,Photo: 大衆居酒屋 とりいちず 西武新宿駅前店 via Google Maps,google-maps-contributor,https://lh3.googleusercontent.com/gps-cs-s/AHRPTWl55DkVuOXHdcVo93fU8E6BRLjd127eDqIOES4QLvN8kEaksVl5VWZrIpLaxa01ZhhwoyAi2-2nZVmQFH7IBf77JtPSstsIuDm1xwk3S1NI3atbWKMo3Dm3U4xA5m2dtKBrBcEyeVqOcgA=s2048,https://www.google.com/maps?cid=12595229097898053519
tokyo-yakitori-torikizoku-shinjuku-kabukicho-store,YAKITORI Torikizoku | Shinjuku Kabukicho Store,hero,tokyo/photos/tokyo-yakitori-torikizoku-shinjuku-kabukicho-store/hero.webp,1600,901,landscape,food,place,moody|cozy,PiPi Lu,https://maps.google.com/maps/contrib/103814264067458343800,false,Photo: PiPi Lu via Google Maps,google-maps-contributor,https://lh3.googleusercontent.com/gps-cs-s/ANWiy9SSrz_8qglVCENHla4C8FYbmUnWmifShpjJzQ3zuwzPdE98L6X5AFdEyDZHiMPSkPliABGxCW5SeJ0uR6hVEFA58HUM5WvyKlsVPRfAC6_vBFBwgZu62jZLKc1RQPJedcIJiuFpG7RiSHFe=s2048,https://www.google.com/maps?cid=17216723563373172719
tokyo-yakitori-torikizoku-shinjuku-kabukicho-store,YAKITORI Torikizoku | Shinjuku Kabukicho Store,alt-1,tokyo/photos/tokyo-yakitori-torikizoku-shinjuku-kabukicho-store/alt-1.webp,1600,900,landscape,food,place,cozy,YAt Nam Fong,https://maps.google.com/maps/contrib/105671618903907626450,false,Photo: YAt Nam Fong via Google Maps,google-maps-contributor,https://lh3.googleusercontent.com/gps-cs-s/ANWiy9SUR37hmurYJ7Vn3-UunBtRPpt5WwhumcYaUbcfQUUETkLRVt2f9JbLO-ka3HCbQe8SkdsMV95M0kTIHy8DAAwFN7Xh5LB9Y2jtCxyr8DfR0H58vKpDXTz-r5OBLleaFv9qciE=s2048,https://www.google.com/maps?cid=17216723563373172719
tokyo-yakitori-torikizoku-shinjuku-kabukicho-store,YAKITORI Torikizoku | Shinjuku Kabukicho Store,alt-2,tokyo/photos/tokyo-yakitori-torikizoku-shinjuku-kabukicho-store/alt-2.webp,1200,1600,portrait,drink,place,lively,hyejin an,https://maps.google.com/maps/contrib/109725472665134046558,false,Photo: hyejin an via Google Maps,google-maps-contributor,https://lh3.googleusercontent.com/gps-cs-s/ANWiy9QpqZBxdwhjnJDS7Nn2LNI8cZHWe78HYrAJ-9gDQOyA8mz2nSySYJ1o2hT4CdoTmjf10uMWucG2kBoQmevme48NAbWUuqy71LdHpsEEEdn6bsduzuTzcPp3bQuSxjdltp5rgM10jJ5Gsak=s2048,https://www.google.com/maps?cid=17216723563373172719
tokyo-yakitori-torikizoku-shinjuku-kabukicho-store,YAKITORI Torikizoku | Shinjuku Kabukicho Store,alt-3,tokyo/photos/tokyo-yakitori-torikizoku-shinjuku-kabukicho-store/alt-3.webp,1200,1600,portrait,space-exterior,place,night|neon|street,MagnificentSpaceVoyager*宇宙探求者,https://maps.google.com/maps/contrib/101480331827114792530,false,Photo: MagnificentSpaceVoyager*宇宙探求者 via Google Maps,google-maps-contributor,https://lh3.googleusercontent.com/gps-cs-s/ANWiy9RnDXCsl8-XbEFGOCcA7iuqi0l81Bv-5WZB-0xlM7yRvlxuhoj-F_E0mQi7-iPx0UgYaQTI-l0cq5nr4m0-yt9tEmhymtVG3BGlqjfs52kEpUb16E7U_PzAIHVCTAT2cF3RWyMYnbjKHfwY=s2048,https://www.google.com/maps?cid=17216723563373172719
tokyo-yakitori-torikizoku-hibiya-store,YAKITORI Torikizoku Hibiya Store,hero,tokyo/photos/tokyo-yakitori-torikizoku-hibiya-store/hero.webp,1600,1200,landscape,food,place,cozy,グルメゆら,https://maps.google.com/maps/contrib/101661887404564967090,false,Photo: グルメゆら via Google Maps,google-maps-contributor,https://lh3.googleusercontent.com/gps-cs-s/ANWiy9TRXxnojUckoCx7FJFtToqiuEj1jwm2lMo4Opcx_Q3ocp41571J9m7QopSn974raoffwc6Xz60XFW646YYLaghalW1H7mttz27DQuxmiGy9DY4Bei2H5Hzlta3fa25tW5k30YhoolbjQ3LB=s2048,https://www.google.com/maps?cid=17377386790782457057
tokyo-yakitori-torikizoku-hibiya-store,YAKITORI Torikizoku Hibiya Store,alt-1,tokyo/photos/tokyo-yakitori-torikizoku-hibiya-store/alt-1.webp,1600,1200,landscape,food,place,lively|cozy,Dat Tran,https://maps.google.com/maps/contrib/104254538032924886597,false,Photo: Dat Tran via Google Maps,google-maps-contributor,https://lh3.googleusercontent.com/gps-cs-s/ANWiy9TAUfQV0ztAUFeqS62w2Yu1gFOjDqW3lhs7WmCWpwgTV--thzsaJCURYBQBBdF_J7-iwzMiasLgMa6SRY--7AeTuldpSwXP_cJ6l3SNeTrqUclOxsIy3TvoA6Gjlm7wNHPMx4yAkpuadZm7=s2048,https://www.google.com/maps?cid=17377386790782457057
tokyo-yakitori-torikizoku-hibiya-store,YAKITORI Torikizoku Hibiya Store,alt-2,tokyo/photos/tokyo-yakitori-torikizoku-hibiya-store/alt-2.webp,900,1600,portrait,food,place,cozy|lively,Mo Bamba,https://maps.google.com/maps/contrib/102436132803696718304,false,Photo: Mo Bamba via Google Maps,google-maps-contributor,https://lh3.googleusercontent.com/gps-cs-s/ANWiy9QhYHKhL-tLHlMNZOd5v-vq8sHrJPHttSXlo9qKDhP7m2YHET6CmjBaEkcobdvUbvBnRGwDf7Bzmq2STNEOLrcTjxsVFclq5QTnwBDaFPoFM6X97Ab4Z7ai132If_y4JUw4-oY=s2048,https://www.google.com/maps?cid=17377386790782457057
tokyo-yakitori-torikizoku-hibiya-store,YAKITORI Torikizoku Hibiya Store,alt-3,tokyo/photos/tokyo-yakitori-torikizoku-hibiya-store/alt-3.webp,1600,1200,landscape,food,place,cozy,グルメゆら,https://maps.google.com/maps/contrib/101661887404564967090,false,Photo: グルメゆら via Google Maps,google-maps-contributor,https://lh3.googleusercontent.com/gps-cs-s/ANWiy9R0dzrN-X7nI3hj-tG1tCNI_6J5vUmj-wCWLr0b7c-I8d_DCl2kH5q0AlRfcdxEyjOGIvS3hmia0wanfRFfuH6vCY_alRiYrt-pcac-L_2RVl89vRvh-rpx5szU4AjYIRtDEw92Br3I5A0=s2048,https://www.google.com/maps?cid=17377386790782457057
tokyo-yasukuni-jinja-shrine,Yasukuni-jinja Shrine,hero,tokyo/photos/tokyo-yasukuni-jinja-shrine/hero.webp,1600,1200,landscape,space-exterior,place,crowd|lively|daytime,M T (黒猫ガーガー),https://maps.google.com/maps/contrib/113585579233684524034,false,Photo: M T (黒猫ガーガー) via Google Maps,google-maps-contributor,https://lh3.googleusercontent.com/gps-cs-s/ANWiy9QAgpVDGGy5TOWjVl9B0jjHFRKbrorRZItyTp_R61ImxG3Jnyw9nqJbmnsuv5-iU2wOGwVFytiQMIgMa6xlVjEFrH-biXdQWnvhZVYa_kX8VWO1FNupweTfUJ4ZdoEUW6SuMF3g=s2048,https://www.google.com/maps?cid=13107538590517743248
tokyo-yasukuni-jinja-shrine,Yasukuni-jinja Shrine,alt-1,tokyo/photos/tokyo-yasukuni-jinja-shrine/alt-1.webp,1600,1200,landscape,space-exterior,place,daytime|serene|bright,Light Quantum,https://maps.google.com/maps/contrib/110321338758376067832,false,Photo: Light Quantum via Google Maps,google-maps-contributor,https://lh3.googleusercontent.com/gps-cs-s/ANWiy9RYt4YwK_13k0-ilSknGp2aRBK2-QZLYieUqPaF-Pw6alc8VISn_oxOT8URI5gqDtdK7BLLWRdXRKaB-VxHf2RkVdOS4kJ8hRYD5vX0j4nzTHScMnqrvLoFpfkI3AkBX1yjc67x=s2048,https://www.google.com/maps?cid=13107538590517743248
tokyo-yasukuni-jinja-shrine,Yasukuni-jinja Shrine,alt-2,tokyo/photos/tokyo-yasukuni-jinja-shrine/alt-2.webp,1600,1200,landscape,space-exterior,place,daytime|green|serene,登坂和正,https://maps.google.com/maps/contrib/103468609284801090136,false,Photo: 登坂和正 via Google Maps,google-maps-contributor,https://lh3.googleusercontent.com/gps-cs-s/ANWiy9Rz2pQO0ZSOpASB9siClYOEegrciyVI1S0YcdSUcqP3I9NY2Kxu1tXSRBaxVjJg0sFUoSGRDXLFx8MmcPpL6u_Wp8VnvmZKz-tlrhDuvgzu67Vs06MgYNgZSJG-21ocks_1aS5x=s2048,https://www.google.com/maps?cid=13107538590517743248
tokyo-yasukuni-jinja-shrine,Yasukuni-jinja Shrine,alt-3,tokyo/photos/tokyo-yasukuni-jinja-shrine/alt-3.webp,1600,900,landscape,detail,place,bright,山田こうじ,https://maps.google.com/maps/contrib/113043760120954830309,false,Photo: 山田こうじ via Google Maps,google-maps-contributor,https://lh3.googleusercontent.com/gps-cs-s/ANWiy9RNy69T-NI-2NCxydicDag-l0nLSqkolHhbuVk0PMT-yR-TOqU7-mumqQeM6iCL316JVFopvdqCadu8a_pxkj23Hx1WUd0_Uh3V1udU1HSQPRyUV7MQe8TT5f9qIq0r9AV856fd=s2048,https://www.google.com/maps?cid=13107538590517743248
tokyo-yodobashi-akiba,Yodobashi Akiba,hero,tokyo/photos/tokyo-yodobashi-akiba/hero.webp,1600,1200,landscape,space-exterior,place,night|street|neon,J.h CHOI,https://maps.google.com/maps/contrib/110172660547260079094,false,Photo: J.h CHOI via Google Maps,google-maps-contributor,https://lh3.googleusercontent.com/gps-cs-s/AHRPTWmwQZiMWQGBcePkXldgaY19hGs6gPs3IKhOjbuP7qTTgQHYA8-zWu4pp28x_zVXe9PYHiDYN4tJnq59TuFDkODQ3Yr5QNpXnYt_ftRHFkW0dEWFMj7DwOMXj291NyAqODqmgUB7a1dcQKY=s2048,https://www.google.com/maps?cid=8915183078415758198
tokyo-yodobashi-akiba,Yodobashi Akiba,alt-1,tokyo/photos/tokyo-yodobashi-akiba/alt-1.webp,1600,1200,landscape,space-interior,place,bright|lively,김지수,https://maps.google.com/maps/contrib/103834314709437914645,false,Photo: 김지수 via Google Maps,google-maps-contributor,https://lh3.googleusercontent.com/gps-cs-s/AHRPTWk8guVHaUW0IEgctMxTYdlJDdOXOw-IFsR6mb22xAzQYrrqn7Dxydu647YYjo1Kd3EuEhlljNKMrK6EPZtBRugdy4g-VnNMCcAe7kmzkpmE4NNgetZu55lakbXgLl6mHmFlbB0Y4PNVwBIo=s2048,https://www.google.com/maps?cid=8915183078415758198
tokyo-yodobashi-akiba,Yodobashi Akiba,alt-2,tokyo/photos/tokyo-yodobashi-akiba/alt-2.webp,1200,1600,portrait,detail,place,lively,nagix films (nagix),https://maps.google.com/maps/contrib/113480748709498440183,false,Photo: nagix films (nagix) via Google Maps,google-maps-contributor,https://lh3.googleusercontent.com/gps-cs-s/AHRPTWnS7gJO3wXn5N5y9clNCsfsCg39MMGghQ_pMJdbympKHN8AQbIWLJNv0-YDj_H_bltuHiTEusDI3147vGcEDGOTuFl3x48zGN6MVGiHxBOkNBungTsADbEB9DSXE4kry3uW77lV7J00Z_HB=s2048,https://www.google.com/maps?cid=8915183078415758198
tokyo-yodobashi-akiba,Yodobashi Akiba,alt-3,tokyo/photos/tokyo-yodobashi-akiba/alt-3.webp,1600,1200,landscape,space-exterior,place,daytime|street,¡Vamos!,https://maps.google.com/maps/contrib/113504838925999761121,false,Photo: ¡Vamos! via Google Maps,google-maps-contributor,https://lh3.googleusercontent.com/gps-cs-s/AHRPTWmBSREGIsl4hl-k50vLJCTa8EUpYeOGnXYOuZsmCt6ZbHeTSUfeAjixiLC2xPmLQ8vxM_7WHAlB6BF1gFDdJN6w8g8mgEE5rdqhprzFv1RxuWxiKmdoVtCQtj1Qw5gIe22gYRxU3mX25ER1=s2048,https://www.google.com/maps?cid=8915183078415758198
tokyo-yoroiya,Yoroiya,hero,tokyo/photos/tokyo-yoroiya/hero.webp,1600,1066,landscape,food,place,cozy,Share Wander,https://maps.google.com/maps/contrib/102275273866553682738,false,Photo: Share Wander via Google Maps,google-maps-contributor,https://lh3.googleusercontent.com/gps-cs-s/AHRPTWkMCMakg90pi5xXOyjQk3zaO9Nv125wtR65RFUJV9RF1_ahCcbYkk8UJN7vlj5ZS5DEvEifwZQ1DyEjFLXkgi4FEsWkSbGleUjVpJ10dr3fchS8YfS9TQKXokW7zcZa7VNXFQW9wyCjURY=s2048,https://www.google.com/maps?cid=16538364024952746712
tokyo-yoroiya,Yoroiya,alt-1,tokyo/photos/tokyo-yoroiya/alt-1.webp,1600,1600,square,space-exterior,place,street|retro,4門 Dosey,https://maps.google.com/maps/contrib/118377791155437840966,false,Photo: 4門 Dosey via Google Maps,google-maps-contributor,https://lh3.googleusercontent.com/gps-cs-s/AHRPTWlQyph-JXnqKrQfzokX2ZVtbAB3P86P6rNZy97qMyLxiQOzLgEsJ-gHtFQ9DXYwXNw9qjZDo2hMtS2HBjMN1mFGLwcQED4Bk6mSeIdtrfcOVKdzAcO6_ce2covXibKcbJDJtTvYUxRGnD1m=s2048,https://www.google.com/maps?cid=16538364024952746712
tokyo-yoroiya,Yoroiya,alt-2,tokyo/photos/tokyo-yoroiya/alt-2.webp,1600,1599,square,food,place,bright,浅草名代らーめん 与ろゐ屋,https://maps.google.com/maps/contrib/114050573554961871123,false,Photo: 浅草名代らーめん 与ろゐ屋 via Google Maps,google-maps-contributor,https://lh3.googleusercontent.com/gps-cs-s/AHRPTWlKoHKbSElBjXK71agTo4auODroO7PhxdU9cT3QwkICYVb0toMvLxPJj61tytdSFs8iirdBFuIhG7EdLy86CXQmOWb1rxbpxsAlP9i0wf8V9_D-oZgSbFTgbRYxt9G3KthMgjMM=s2048,https://www.google.com/maps?cid=16538364024952746712
tokyo-yoroiya,Yoroiya,alt-3,tokyo/photos/tokyo-yoroiya/alt-3.webp,1240,922,landscape,space-interior,place,bright|cozy,浅草名代らーめん 与ろゐ屋,https://maps.google.com/maps/contrib/114050573554961871123,false,Photo: 浅草名代らーめん 与ろゐ屋 via Google Maps,google-maps-contributor,https://lh3.googleusercontent.com/grass-cs/ACvplmO7mBQaxsP1lXHctXA78DFdOHogn1sLoS1ifu2w_NY_NV0bUmiWR0zuKZa-Xv_z7KrohoNNN3TpKTFUyVsi0RQ6551_UhNTJjGOQfyOFMRSlATnJHbw5agg3rpF94mVGRIi0kY=s2048,https://www.google.com/maps?cid=16538364024952746712
tokyo-yoshizawa,Yoshizawa,hero,tokyo/photos/tokyo-yoshizawa/hero.webp,1600,1200,landscape,food,place,cozy,花札,https://maps.google.com/maps/contrib/118081639437732023025,false,Photo: 花札 via Google Maps,google-maps-contributor,https://lh3.googleusercontent.com/gps-cs-s/ANWiy9SdxpyptxuXcZgIr3ZyfkzQNF2yak18YD6wAOkQVrdRcsHvEFbTzpaRIXckU7XuSc1khV19KV34DjEEayIPRmptYQF8D5LHfvLly6CnKKm5ibRR-ff819AwKe4IcSNoz-ZNWObWrmPvQcxJ=s2048,https://www.google.com/maps?cid=13073529767111286765
tokyo-yoshizawa,Yoshizawa,alt-1,tokyo/photos/tokyo-yoshizawa/alt-1.webp,1203,921,landscape,food,place,bright,Jason,https://maps.google.com/maps/contrib/100365331550225881648,false,Photo: Jason via Google Maps,google-maps-contributor,https://lh3.googleusercontent.com/gps-cs-s/ANWiy9SRuC6IRp0iZ5UndYc00HgcA46Qk2KGvagIzSXFKPQ_-S3L6fPR_rGJR4NqQ0-TaURrH8pR3WlVWVVGi60en0mphjF0S3asdKIYmmb_OckQdDuHB2ZBQKGJmChP57-q9dVZOM1lvxlWYTM=s2048,https://www.google.com/maps?cid=13073529767111286765
tokyo-yoshizawa,Yoshizawa,alt-2,tokyo/photos/tokyo-yoshizawa/alt-2.webp,1600,1200,landscape,space-exterior,place,design|serene,Haggar Mike,https://maps.google.com/maps/contrib/105378503569270726199,false,Photo: Haggar Mike via Google Maps,google-maps-contributor,https://lh3.googleusercontent.com/gps-cs-s/ANWiy9RGL76jjdn4knoWkN3TidoXT8k3w0boz8opGHYPDRTouYh12vH438z9BdsS9a_5Wh6iyZz1KMZsboNs7FdojMnm1rWl5CdPWusAlVn9a8nFXEuhAkNGMva-apzj-XhMG1OpXOC7qJ1yVDoy=s2048,https://www.google.com/maps?cid=13073529767111286765
tokyo-yoshizawa,Yoshizawa,alt-3,tokyo/photos/tokyo-yoshizawa/alt-3.webp,1118,745,landscape,space-exterior,place,street|daytime|design,銀座吉澤 肉処,https://maps.google.com/maps/contrib/117314366623750682440,false,Photo: 銀座吉澤 肉処 via Google Maps,google-maps-contributor,https://lh3.googleusercontent.com/gps-cs-s/AHRPTWl9hnFHyhzuaNbXrIqx0NpxU7puCZpSrBthF2XJ5xScIJ5xJDdhys7hNGPKkRMoP9ErSZRz8hgRGrfbgI1DwN9IRqAWFYjO8zeUxDWXan5q47NtRPgNis6Zmc6j7DBQQpQ_AYZ7=s2048,https://www.google.com/maps?cid=13073529767111286765
tokyo-yoyogi-park,Yoyogi Park,hero,tokyo/photos/tokyo-yoyogi-park/hero.webp,1600,1200,landscape,nature,place,daytime|bright|waterfront,柿原和明（Kackey）,https://maps.google.com/maps/contrib/101154029528677924784,false,Photo: 柿原和明（Kackey） via Google Maps,google-maps-contributor,https://lh3.googleusercontent.com/grass-cs/ACvplmOvb2xS4BvuN3wXO5hWkwHb0H3JkVFa0dD3kYD2kl6y0jKAad6teSl2-ODGNlODWTabaq_bInNd5-DcPbIO64VMD1tH6Vg0G6XLWDu6zPtoLvT6TB0zQWml2ZyRZkzMzY5MYw1fEA=s2048,https://www.google.com/maps?cid=3800131593595043646
tokyo-yoyogi-park,Yoyogi Park,alt-1,tokyo/photos/tokyo-yoyogi-park/alt-1.webp,1600,1200,landscape,nature,place,green|golden-hour|serene,hiroshi sekimoto (ザサークル),https://maps.google.com/maps/contrib/111386584772105276517,false,Photo: hiroshi sekimoto (ザサークル) via Google Maps,google-maps-contributor,https://lh3.googleusercontent.com/gps-cs-s/AHRPTWmnXEGFc-rA8WYupEcZdVvtUnTmKi_YK1JbI3mPjQZY1XDlsKXOYtdhHNPu3g9ELNOc6Vbwe4-NIxn2XlGT9m6i9R-Yz9Tk3n3EGJ0o8nPZmXPloM5y8hC8lQdgDItc7depmxAE=s2048,https://www.google.com/maps?cid=3800131593595043646
tokyo-yoyogi-park,Yoyogi Park,alt-2,tokyo/photos/tokyo-yoyogi-park/alt-2.webp,1600,1200,landscape,view,place,night|neon,犬塚勝英,https://maps.google.com/maps/contrib/100519655078445100381,false,Photo: 犬塚勝英 via Google Maps,google-maps-contributor,https://lh3.googleusercontent.com/gps-cs-s/AHRPTWmMAoViMXoWrMDaa5oa-XkGQ_6KcLQX1-bz4HsnRFMmNpQMy7QaWLr_BRmOGJWljHmcSxMNfxjspsDf_tP2lloFttVzJO8PSWXMgE1q58anjUjXc_YBOP0IGgHk3kYZ6Db-4X1p=s2048,https://www.google.com/maps?cid=3800131593595043646
tokyo-yoyogi-park,Yoyogi Park,alt-3,tokyo/photos/tokyo-yoyogi-park/alt-3.webp,1600,900,landscape,nature,place,daytime|serene,Yuichiro Tanaka,https://maps.google.com/maps/contrib/114902723416276877995,false,Photo: Yuichiro Tanaka via Google Maps,google-maps-contributor,https://lh3.googleusercontent.com/gps-cs-s/AHRPTWknXrH-qF4LviH03PSu7Ps-4YCMnRuhEB07o4CExs4UsKWPc7AbHmyYyKFowSGYiXiJ01bA9NAF-UptJkawx3s-6a5WOF8mP-A5R3yn_PQt85HqCSg2rnW28PwbcBKyOlIFY-kK=s2048,https://www.google.com/maps?cid=3800131593595043646
tokyo-zakuro-ginza,Zakuro Ginza,hero,tokyo/photos/tokyo-zakuro-ginza/hero.webp,1500,1000,landscape,food,place,cozy,ざくろ 銀座店,https://maps.google.com/maps/contrib/105300435579069734996,false,Photo: ざくろ 銀座店 via Google Maps,google-maps-contributor,https://lh3.googleusercontent.com/gps-cs-s/AHRPTWktL204xHB2sJHpL5u7RIgp02yHl9AL14SA9gzIm54GE-Z9lM2fl-QAUkIkeXqHIQaDtWZc0r42fTxaJyvelMr5JNEwgs-18h7i2AHXRUKuLYksbrgg50zI7wZIw_qwxDEesYL1=s2048,https://www.google.com/maps?cid=14747889019591397517
tokyo-zakuro-ginza,Zakuro Ginza,alt-1,tokyo/photos/tokyo-zakuro-ginza/alt-1.webp,1600,1200,landscape,space-interior,place,retro|serene,진융,https://maps.google.com/maps/contrib/115579594796289229750,false,Photo: 진융 via Google Maps,google-maps-contributor,https://lh3.googleusercontent.com/gps-cs-s/AHRPTWls3Kol_U8UxEyN6K7zGv9yn7jVJiE7v8xrO7VTX_oCEwyksnlEYhyv41SDqOIKHeC3-L8UFX6cpcNZWWFzwcKmsQCqF-jsU1oIaAya1L7Y_6nEOkTOJxVwxQJxcKmaaiOsFhtIXU8rcnK_=s2048,https://www.google.com/maps?cid=14747889019591397517
tokyo-zakuro-ginza,Zakuro Ginza,alt-2,tokyo/photos/tokyo-zakuro-ginza/alt-2.webp,1170,1424,portrait,detail,place,retro|cozy,茂木俊樹です!,https://maps.google.com/maps/contrib/107491597086856273779,false,Photo: 茂木俊樹です! via Google Maps,google-maps-contributor,https://lh3.googleusercontent.com/gps-cs-s/AHRPTWkSnHv11YiN74V62VEEldHtadySasI7FGkDfS7mbk_E5oaZm0deh80Aia6ZWKyD33NCFML8bfT9SttVljrNTtyCJ9IeLxl2-2KmTSEopYHrb_aGkj4ZLYWmSudQR233SVaRjWdmVXOn7lRc=s2048,https://www.google.com/maps?cid=14747889019591397517
tokyo-zakuro-ginza,Zakuro Ginza,alt-3,tokyo/photos/tokyo-zakuro-ginza/alt-3.webp,1600,1061,landscape,food,place,cozy,진융,https://maps.google.com/maps/contrib/115579594796289229750,false,Photo: 진융 via Google Maps,google-maps-contributor,https://lh3.googleusercontent.com/gps-cs-s/AHRPTWnoIynN9N0f6fBx9-GoB5uVu3mx01QYJiIFl2H8sORQnRYjcAzgSouqVfLnWlWEEexh-B1YQvcm57s6m2bpZK_1Wj_BW-736TxPjp-fST5YGAW74_SkwDBZxmA0LjGYeVRnq8EiaHAsw6GP=s2048,https://www.google.com/maps?cid=14747889019591397517
tokyo-zauo-shibuya,Zauo Shibuya,hero,tokyo/photos/tokyo-zauo-shibuya/hero.webp,1500,997,landscape,space-interior,place,lively|retro,釣船茶屋ざうお 渋谷店,https://maps.google.com/maps/contrib/105980083715651260532,false,Photo: 釣船茶屋ざうお 渋谷店 via Google Maps,google-maps-contributor,https://lh3.googleusercontent.com/gps-cs-s/AHRPTWnQwRrXy52lIyzWGo7PJe2qNTbc0JbMhQwbBNf2ZV5HUu0IuN14cxv86kBCjoQFDpcKpChFUK_TQVh6195QLC-lD0irqvkwF4COb8qVIbdJ33yQFV8A7rGfdC7AgbjhWjMk9C4=s2048,https://www.google.com/maps?cid=10477882707245795315
tokyo-zauo-shibuya,Zauo Shibuya,alt-1,tokyo/photos/tokyo-zauo-shibuya/alt-1.webp,1600,1200,landscape,activity,place,lively|crowd,Michal Maayan,https://maps.google.com/maps/contrib/117591054767130958290,false,Photo: Michal Maayan via Google Maps,google-maps-contributor,https://lh3.googleusercontent.com/gps-cs-s/AHRPTWlTxO0EiBBnkyXigfL4frPzD_8w2seK6mvEOJ9fTv_VbaRTF-XFWA6hfj22_Nq8b-Z1pIVtOMJAdEh8b3Bu8yi2obTRlxNzeZi1jcI0VZpYdn9AA8dGmOchJNqQvbXnhIGpsqqFc0S5Sv7Z=s2048,https://www.google.com/maps?cid=10477882707245795315
tokyo-zauo-shibuya,Zauo Shibuya,alt-2,tokyo/photos/tokyo-zauo-shibuya/alt-2.webp,1600,1200,landscape,food,place,lively,Laxmanji Pothuraj,https://maps.google.com/maps/contrib/112619288367259263671,false,Photo: Laxmanji Pothuraj via Google Maps,google-maps-contributor,https://lh3.googleusercontent.com/gps-cs-s/AHRPTWlc_8lSqSGY_CeB5cP_s2LLYHdg0DO53knx_FvH0SMcPf2Ih8nWiV_I4mghULI0E9HbYR_YQMWGtYyyAR47wkTfGvcFSI8fVYBRRualY0Gs_3fOBVJBUO3ipKtFj1cGrZNztdsL6R-T20pO=s2048,https://www.google.com/maps?cid=10477882707245795315
tokyo-zauo-shibuya,Zauo Shibuya,alt-3,tokyo/photos/tokyo-zauo-shibuya/alt-3.webp,1600,1200,landscape,food,place,cozy,Gena La,https://maps.google.com/maps/contrib/100366502403390464031,false,Photo: Gena La via Google Maps,google-maps-contributor,https://lh3.googleusercontent.com/gps-cs-s/AHRPTWlNNalQM8DwmPupWXyNqtEUy9rWBMRpPeyCp6FYPYwsFN49y_dVbbvH3EEdoj09N-0Ui8bbe_y_4Gj44HQm7G2sCX-Q6wqJhebcLJWEfmrFFS10gQh_5v1uyqjwWlSx3bM9BUR61WieZ51q=s2048,https://www.google.com/maps?cid=10477882707245795315
tokyo-sun,おいしい日本のワイン ≡sun（さんさん）,hero,tokyo/photos/tokyo-sun/hero.webp,1080,750,landscape,space-exterior,place,night|street|intimate,uuu,https://maps.google.com/maps/contrib/102009284747396487908,false,Photo: uuu via Google Maps,google-maps-contributor,https://lh3.googleusercontent.com/gps-cs-s/ANWiy9TpVq1ZfDF5UH5vXrpSaw8f1ODBc-zLLfTOxSr_hBGBDVfaHRcVdjG7jxsWUKRzknKmGZ33jL-wRmIG4Ay0l6H9LS2HKfKukxXB38PHei6d-dyWqwRTV85dH1ZBVKoa9dfk_pENIg=s2048,https://www.google.com/maps?cid=6315436300497902373
tokyo-sun,おいしい日本のワイン ≡sun（さんさん）,alt-1,tokyo/photos/tokyo-sun/alt-1.webp,1600,1066,landscape,drink,place,moody|intimate|counter-seating,私はたわし,https://maps.google.com/maps/contrib/103194745361745905461,false,Photo: 私はたわし via Google Maps,google-maps-contributor,https://lh3.googleusercontent.com/gps-cs-s/ANWiy9QN297UeUXZR5JAeCgzuOu2AZ1gkKivBEfLYx0imdUskLiIBqnzo8GJdtlml8sQbkPzqS7wdPHt9DYSjsNU-NSgH5BxzEf7YrqXrwCWTK_S6N67o0IRTvFYurvC6dfQBldwM71ZeA=s2048,https://www.google.com/maps?cid=6315436300497902373
tokyo-sun,おいしい日本のワイン ≡sun（さんさん）,alt-2,tokyo/photos/tokyo-sun/alt-2.webp,1600,1200,landscape,food,place,cozy,Osamu Matsushita,https://maps.google.com/maps/contrib/101872069965985502214,false,Photo: Osamu Matsushita via Google Maps,google-maps-contributor,https://lh3.googleusercontent.com/gps-cs-s/ANWiy9S3qoCzBAoDRUprFmXAQILay6LHz7FE42vYYMgwA0XRgtYxsY7lIdt59612itilOmnhVhQETYDi1dMyUvII2Ulmp19vOc5-LOC5C8ljQhnGjAijd5lponMW8w-6w47w9pf2r878GA=s2048,https://www.google.com/maps?cid=6315436300497902373
tokyo-sun,おいしい日本のワイン ≡sun（さんさん）,alt-3,tokyo/photos/tokyo-sun/alt-3.webp,1600,1066,landscape,drink,place,moody|counter-seating,私はたわし,https://maps.google.com/maps/contrib/103194745361745905461,false,Photo: 私はたわし via Google Maps,google-maps-contributor,https://lh3.googleusercontent.com/gps-cs-s/ANWiy9Rw7Vo2i7dMt6K6CR-g1Y7Jzf9HhOppF6xauPRO748ienMVxb7tv-3a69CqKO-dCisCtt5209dCxUx6CA_BHy8_9x58iuvdDeSUDtAqqfc9xjRCVhLAQUT80TehAwP9oMHWxFs=s2048,https://www.google.com/maps?cid=6315436300497902373
tokyo,ソンクラン,hero,tokyo/photos/tokyo/hero.webp,1600,1200,landscape,food,place,bright|lively,Japadventures,https://maps.google.com/maps/contrib/102846127790492431075,false,Photo: Japadventures via Google Maps,google-maps-contributor,https://lh3.googleusercontent.com/gps-cs-s/ANWiy9To5uZIpzsSB9JFfSTXNFC7v4yBjLcyuEtt4Y6kGzZwTVcl8Wnm23CQq3NrXZ_jDSNo8TinLB3aEY6YIRNDbTkcCvMFHFs3em6S7rmQW5vzIxhhJb61IVNLiJD0jIEDRknZeSMEMqzsvKc=s2048,https://www.google.com/maps?cid=3221802936484421405
tokyo,ソンクラン,alt-1,tokyo/photos/tokyo/alt-1.webp,1600,1200,landscape,space-exterior,place,street|daytime,Japadventures,https://maps.google.com/maps/contrib/102846127790492431075,false,Photo: Japadventures via Google Maps,google-maps-contributor,https://lh3.googleusercontent.com/gps-cs-s/ANWiy9TpIHCLYDmg56jnXuHZ7rKregrURDsgRkFu20hZebpFdpGN3CqxSxTFsFVwj7vdxKXMPn-im4A8bxJasumCamc0zsbaUcyT1Lu4Li6iFwKYi7m9ZFjJSVh4IlkJzCRZ21y98ZqJUBEh_4nQ=s2048,https://www.google.com/maps?cid=3221802936484421405
tokyo,ソンクラン,alt-2,tokyo/photos/tokyo/alt-2.webp,1600,1200,landscape,space-interior,place,cozy|counter-seating,工藤英起,https://maps.google.com/maps/contrib/108676985368412872565,false,Photo: 工藤英起 via Google Maps,google-maps-contributor,https://lh3.googleusercontent.com/gps-cs-s/ANWiy9RNKt4tlQQVGCn-LDBzNxh86nxqvk8z1USVxNQtaLoUSFvVTMabhYx_0JOLEROEAVFgB7HFdwMxpV6FUKS41oxRV-a583HHv1Lde4xuUkcgxWphavsDhfkGCN0BPLcwAKek6VH_lA=s2048,https://www.google.com/maps?cid=3221802936484421405
tokyo,ソンクラン,alt-3,tokyo/photos/tokyo/alt-3.webp,1561,1172,landscape,food,place,cozy,m t,https://maps.google.com/maps/contrib/115434416081580547472,false,Photo: m t via Google Maps,google-maps-contributor,https://lh3.googleusercontent.com/gps-cs-s/ANWiy9QaI2J2_t76Whd4f8qf32NS0a_OyDdamesx-kSqTkJplIpp3UZq9D5HtZGe3S_3sMjI1q-Se0seMz6xXEaOOfVUh1-bCl0OdK1K8f0v4SiGAuMY_Kv0OqYMqufcXLm_nyLc7MvsDXxBP4Xd=s2048,https://www.google.com/maps?cid=3221802936484421405
tokyo-hatto-coffee,テラスカフェ HATTO COFFEE（ハットコーヒー）原宿,hero,tokyo/photos/tokyo-hatto-coffee/hero.webp,1194,796,landscape,space-interior,place,minimal|design|cozy,HATTO COFFEE,https://maps.google.com/maps/contrib/101429848274450977334,true,Photo: HATTO COFFEE via Google Maps,google-maps-contributor,https://lh3.googleusercontent.com/gps-cs-s/AHRPTWnIgu-HBdyUExVxqCprmkc3RVtnsnpcOQrJyb7W2XlliUFG4zDGn6Ej4QnHf3xDVIp7bD4b6X9dsbS2-_YueTDyBJX5gTfWp-KEmgF15Upbvenqd9c_hskAhYu0pWDjEZJvwI4dSg=s2048,https://www.google.com/maps?cid=15553848987210822049
tokyo-hatto-coffee,テラスカフェ HATTO COFFEE（ハットコーヒー）原宿,alt-1,tokyo/photos/tokyo-hatto-coffee/alt-1.webp,1600,900,landscape,space-exterior,place,daytime|street|green,sai ma,https://maps.google.com/maps/contrib/100478471333799384039,false,Photo: sai ma via Google Maps,google-maps-contributor,https://lh3.googleusercontent.com/gps-cs-s/AHRPTWmH6HbT_3Y8D06IwgdV1HBqpjMGWGDzWg7cmtL4UIZWsTITqhxqpFchu0_d8JMXGWYvX4SowZ1Ep9i4LVmZQrd1pQ9SSBXumQPt18EUiaw_xkXGyb0vQx0AmkO-oWkSiM0KNamzDt9ZboQ=s2048,https://www.google.com/maps?cid=15553848987210822049
tokyo-hatto-coffee,テラスカフェ HATTO COFFEE（ハットコーヒー）原宿,alt-2,tokyo/photos/tokyo-hatto-coffee/alt-2.webp,1200,1600,portrait,drink,place,bright|minimal,K & K,https://maps.google.com/maps/contrib/102294581565499546098,false,Photo: K & K via Google Maps,google-maps-contributor,https://lh3.googleusercontent.com/gps-cs-s/AHRPTWkBsKk5Eh713vKwTfRLPZA2LBTCGg6Jd7sE577Uc5KqauFq8Y5Rplq9mulyki960uGYsxGDolAikfcDBtBp8aIkVUFLCrmiJwasuzWhwqDirXvYloaRR9B-DJ-vAxS78eYW8hMuHsz6iI_E=s2048,https://www.google.com/maps?cid=15553848987210822049
tokyo-hatto-coffee,テラスカフェ HATTO COFFEE（ハットコーヒー）原宿,alt-3,tokyo/photos/tokyo-hatto-coffee/alt-3.webp,1600,1067,landscape,food,place,bright|daytime,HATTO COFFEE,https://maps.google.com/maps/contrib/101429848274450977334,true,Photo: HATTO COFFEE via Google Maps,google-maps-contributor,https://lh3.googleusercontent.com/gps-cs-s/AHRPTWmm9clADog_KUolUEBj3p1rvny_faDcGQLNYgHYsQceyGHGukvKda4nqt36vt3hgWPcFN70rhvDTRjO8ZS1ptDhdYk_fA9IeWeCJYOdNU9-lJYt6dndKAI6mZ09zk2sBWHqtNzc=s2048,https://www.google.com/maps?cid=15553848987210822049
tokyo-2,まるえ中華そば 巣鴨,hero,tokyo/photos/tokyo-2/hero.webp,1600,1200,landscape,food,place,bright,mu,https://maps.google.com/maps/contrib/115515553707399632525,false,Photo: mu via Google Maps,google-maps-contributor,https://lh3.googleusercontent.com/gps-cs-s/AHRPTWnxCnmsD97VkBiYaotmvyXT3sb7vqP6IhKcXC9p7aciuTxZ5od65jFF1YO8dg9IPUCUZhphdBbJ22abhNWJ1hWuQHcI3CPwVJP1W8BAzHsRskArGCYug_Htk3dCilfubNKOe08pRV_ZUzfa=s2048,https://www.google.com/maps?cid=13819751080753019118
tokyo-2,まるえ中華そば 巣鴨,alt-1,tokyo/photos/tokyo-2/alt-1.webp,1600,1600,square,space-exterior,place,night|street,harapecooh,https://maps.google.com/maps/contrib/109791319287060680775,false,Photo: harapecooh via Google Maps,google-maps-contributor,https://lh3.googleusercontent.com/gps-cs-s/AHRPTWn3J8NdLegpEhxMmNEckhhGzCEVcYkGvaKCmNwCxC-HYdV6RR8lSgUrTv8Wg3SXfhIsmkWjWEzKYTNgt6isqLWE5heC0Fax3SzuLJBI6oUXx3qo043U7xYHuR1m6-Nqy04aeJTN6DhNBjbV=s2048,https://www.google.com/maps?cid=13819751080753019118
tokyo-2,まるえ中華そば 巣鴨,alt-2,tokyo/photos/tokyo-2/alt-2.webp,1600,1200,landscape,food,place,cozy,masashi m,https://maps.google.com/maps/contrib/117120152394485700818,false,Photo: masashi m via Google Maps,google-maps-contributor,https://lh3.googleusercontent.com/gps-cs-s/AHRPTWlsfZ2kng-cUjTcXBU5yDN8gE-lVioffoBsjQN3Bjd2vuqK-1VnqapmkQheBqQqeeysGVN_JgUWj4GNVnQHkKsgttcZMoBr1k0FKOEoF0oRu1sl2JOB-NsAD2J64eDnkD1BiybpzyKtYHMG=s2048,https://www.google.com/maps?cid=13819751080753019118
tokyo-2,まるえ中華そば 巣鴨,alt-3,tokyo/photos/tokyo-2/alt-3.webp,1200,1600,portrait,detail,place,street|retro,Bon,https://maps.google.com/maps/contrib/112178763339092314793,false,Photo: Bon via Google Maps,google-maps-contributor,https://lh3.googleusercontent.com/gps-cs-s/AHRPTWmZPgi03I7uZH7QRU4LU2cIGoeFc41v0a_-syri-7mrf6TzMiaUTHX5n3QfLUIemGblf_vwZ0UXJUQFqYj1yEsM9p9AeFjU7luxeNB7OthRIwAHmvk49p-DXq6L_LF393WO9qhnrFO9SA1l=s2048,https://www.google.com/maps?cid=13819751080753019118
tokyo-jazz-club-t-music-bar-since1986,六本木Jazz club t music & bar since1986,hero,tokyo/photos/tokyo-jazz-club-t-music-bar-since1986/hero.webp,1600,1200,landscape,activity,place,night|moody|intimate,Tanner Cassidy,https://maps.google.com/maps/contrib/102464874134429147090,false,Photo: Tanner Cassidy via Google Maps,google-maps-contributor,https://lh3.googleusercontent.com/grass-cs/ACvplmNB4rx1cFtrYClc4vgZABj5q17we54J5hwWxD_5hdlNNkkMRXWL3bJUl0XqYfdXJi1ZeEpwOaMJ_-sL4AFuGLC1t6cCFx7Dg7ru-dlFyY9rbqx4rXGrTHSa3-vd90wF6KP0TWu1-06908lH=s2048,https://www.google.com/maps?cid=11975919727926698535
tokyo-jazz-club-t-music-bar-since1986,六本木Jazz club t music & bar since1986,alt-1,tokyo/photos/tokyo-jazz-club-t-music-bar-since1986/alt-1.webp,1600,1200,landscape,activity,place,moody|intimate,Shinya Suzuki,https://maps.google.com/maps/contrib/107651069172962974844,false,Photo: Shinya Suzuki via Google Maps,google-maps-contributor,https://lh3.googleusercontent.com/gps-cs-s/AHRPTWmm3ZgPR2rndvZ6SDwFkbg8_ZJe-pZaLajxhVptWOAZ5IPjsv1MGYtdiH5-tzgsQdAhbMiKUlP4QHo8B2V_6fyxwwYrFVnZiYU_0F2I7Ss-Bdv4_4CYLdl6Or9FPorbcJ4VbBlASm4bIc4=s2048,https://www.google.com/maps?cid=11975919727926698535
tokyo-jazz-club-t-music-bar-since1986,六本木Jazz club t music & bar since1986,alt-2,tokyo/photos/tokyo-jazz-club-t-music-bar-since1986/alt-2.webp,1200,1600,portrait,drink,place,intimate|moody,Eishi Kan (tigergem210),https://maps.google.com/maps/contrib/109590615065655632924,false,Photo: Eishi Kan (tigergem210) via Google Maps,google-maps-contributor,https://lh3.googleusercontent.com/gps-cs-s/AHRPTWndnn6WIXx5zB698qJKQxt7P7cVrVebW5xmL0T4NG7CL1i8SJqvvVK3nOe_o1t6NMaesWCLzPW1HT4cKne7GHQcqShkckw4NAqHiVWU_rc6mI0kHDsSwqbo51or0bnpTtb102A=s2048,https://www.google.com/maps?cid=11975919727926698535
tokyo-1,六本木戸田ビル 1階,hero,tokyo/photos/tokyo-1/hero.webp,1600,1066,landscape,space-interior,place,night|moody|counter-seating|retro,BAR 莨樽 ro-taru whisky＆gallery 六本木本店,https://maps.google.com/maps/contrib/110951180518075831347,true,Photo: BAR 莨樽 ro-taru whisky＆gallery 六本木本店 via Google Maps,google-maps-contributor,https://lh3.googleusercontent.com/gps-cs-s/AHRPTWkpAV6XOOKVMvcCMLd3udmdqN3Q9yX6YGggmP3jaTcGSKIDcHybaTyQ-kvnPQ9-CI5jXpLlMQOnYSzBAqoFPQYowOikeGEwaz_cTQLZ1mzUSSd7vNsPe2GeVKTKy_oA4dYoZoD8=s2048,https://www.google.com/maps?cid=15455227608225267995
tokyo-1,六本木戸田ビル 1階,alt-1,tokyo/photos/tokyo-1/alt-1.webp,1600,1098,landscape,space-interior,place,moody|retro|cozy,BAR 莨樽 ro-taru whisky＆gallery 六本木本店,https://maps.google.com/maps/contrib/110951180518075831347,true,Photo: BAR 莨樽 ro-taru whisky＆gallery 六本木本店 via Google Maps,google-maps-contributor,https://lh3.googleusercontent.com/gps-cs-s/AHRPTWnKPCw8p4VfcQbxu6wKbisL_09KbcL7m5BsrfOIipPM5foyzaHnm4S5f-jtDbUsykAVlZRPyQD6Hi2sexqWz4zgRPTlGAM8wC8AFdRnUZG1d6HpkGCNn2qS37Wi9biwt6GQKKn_=s2048,https://www.google.com/maps?cid=15455227608225267995
tokyo-1,六本木戸田ビル 1階,alt-2,tokyo/photos/tokyo-1/alt-2.webp,1600,1066,landscape,drink,place,candlelit|moody,BAR 莨樽 ro-taru whisky＆gallery 六本木本店,https://maps.google.com/maps/contrib/110951180518075831347,true,Photo: BAR 莨樽 ro-taru whisky＆gallery 六本木本店 via Google Maps,google-maps-contributor,https://lh3.googleusercontent.com/gps-cs-s/AHRPTWlmbcuo9r_wT53-cA4AyGdev0FYPtflJwFjGXgZrZXiYW-n_8oXXAYuEohxNO7WVHOg3vXLije02-UPVwfeNnJmRleijzyEcvyCM-ZfItl8X-O8udA4WK9UL2U-zIT5sxYePjWM=s2048,https://www.google.com/maps?cid=15455227608225267995
tokyo-1,六本木戸田ビル 1階,alt-3,tokyo/photos/tokyo-1/alt-3.webp,1600,1066,landscape,detail,place,moody|retro,BAR 莨樽 ro-taru whisky＆gallery 六本木本店,https://maps.google.com/maps/contrib/110951180518075831347,true,Photo: BAR 莨樽 ro-taru whisky＆gallery 六本木本店 via Google Maps,google-maps-contributor,https://lh3.googleusercontent.com/gps-cs-s/AHRPTWnCG0YhVEDknBSA3njJBH6dgrjQ3vkLerKLtw2d31eOzSNaUynJyM15-tFc0kyb9amJlmB1xjRvcIa_hOB_6blXSk-0nKwDgUOiduWT6SrzdQS097wtf0eu8Cvr19nltGwwruA=s2048,https://www.google.com/maps?cid=15455227608225267995
tokyo-3,台湾料理 香味,hero,tokyo/photos/tokyo-3/hero.webp,1600,1200,landscape,food,place,cozy,SirCharlesB34,https://maps.google.com/maps/contrib/101371106998081812935,false,Photo: SirCharlesB34 via Google Maps,google-maps-contributor,https://lh3.googleusercontent.com/gps-cs-s/ANWiy9RqVuHuQAm7HlY6J0oAul8aNGfjVBRKOsO_TH8dttlRYbgOjhWvIkQ5X-x6ucauOpjy1o5Xi9Qu7S20LaHN91iXDUMWSFJSoobjeidN90yZYpCRJTu0JHJAdf-723MJaOc4jKlCYa1TC2lX=s2048,https://www.google.com/maps?cid=4750210180062897087
tokyo-3,台湾料理 香味,alt-1,tokyo/photos/tokyo-3/alt-1.webp,1600,1205,landscape,space-interior,place,retro|cozy,Tateomi Fujino,https://maps.google.com/maps/contrib/101779909174379658446,false,Photo: Tateomi Fujino via Google Maps,google-maps-contributor,https://lh3.googleusercontent.com/gps-cs-s/ANWiy9QVYtSN7h3G5PaL8c6vJFJpUn1NvQr2UcQiHmnOplNPiVq21TBBxsadZh6CcK24ousBQ2ZWQ52XsZhucyjdjg3ARCLmdmP7InYtKDZYO-uWog1in2L9G9WqOZLkD5ACRJgU6UTalTrRsDax=s2048,https://www.google.com/maps?cid=4750210180062897087
tokyo-3,台湾料理 香味,alt-2,tokyo/photos/tokyo-3/alt-2.webp,1600,1205,landscape,space-exterior,place,street|retro|daytime,Tateomi Fujino,https://maps.google.com/maps/contrib/101779909174379658446,false,Photo: Tateomi Fujino via Google Maps,google-maps-contributor,https://lh3.googleusercontent.com/grass-cs/ACvplmPVPoHB7_rDCntMl4zVc5yShIqDEi7U_BNtHeDxnu0Fauqgn9EX4fieYTyGX44CbOI4mcPIW-88jSWo0-JWfvYcKrSFbwpZQRqyffINIOjbaKiczdgHDbcvQAdFDi1H4q2fHneUkbb1EpM=s2048,https://www.google.com/maps?cid=4750210180062897087
tokyo-3,台湾料理 香味,alt-3,tokyo/photos/tokyo-3/alt-3.webp,1600,1201,landscape,food,place,cozy,SirCharlesB34,https://maps.google.com/maps/contrib/101371106998081812935,false,Photo: SirCharlesB34 via Google Maps,google-maps-contributor,https://lh3.googleusercontent.com/gps-cs-s/ANWiy9QHQha0zR1jRjRftkcn_pwcE1cICIV_iAjM6uJcvAUIJYiY8dAdY-2-_Y_ro7uJCdtvr0XDZ2NuOc2nQXKwZZs1wz0ygeyv79D0-yhOsUy_dkPbcSZDcOlcXL1OUriIY-v3svU2PKClZplu=s2048,https://www.google.com/maps?cid=4750210180062897087
tokyo-4,器 日本橋夢東本店 / 日本橋左近本店,hero,tokyo/photos/tokyo-4/hero.webp,1600,959,landscape,space-interior,place,minimal|bright|design,Kayo,https://maps.google.com/maps/contrib/115335136363069078061,false,Photo: Kayo via Google Maps,google-maps-contributor,https://lh3.googleusercontent.com/gps-cs-s/AHRPTWnDtBqRr006fJqJX2rxmDPMuakg6cf1nJ94mJ2aPb8GpSy_xiactL-07M_urGqLqfZbKU0V_8s-4LlvYGn1m0GyoahekaUujsDzN1W89xEjwWNND2uxEgSd-ACqedg4L0NcfK4f=s2048,https://www.google.com/maps?cid=17607628693674624765
tokyo-4,器 日本橋夢東本店 / 日本橋左近本店,alt-1,tokyo/photos/tokyo-4/alt-1.webp,1200,1600,portrait,art,place,design,YASUE YOSHIDA,https://maps.google.com/maps/contrib/100442459310991514816,false,Photo: YASUE YOSHIDA via Google Maps,google-maps-contributor,https://lh3.googleusercontent.com/gps-cs-s/AHRPTWkUvXxVHOEb_wXvX5SXBTwFlk33x9LieZgerQETNa2zzUrZ3DStBKmSd_zBoTpZ1m5yIZLK9YWXQq2nLvG32sYSvgxNgYUKopqgNyUMhlANa2YGGQ1RTOjOV5IWEztnl52xMrR3SSI11XU=s2048,https://www.google.com/maps?cid=17607628693674624765
tokyo-4,器 日本橋夢東本店 / 日本橋左近本店,alt-2,tokyo/photos/tokyo-4/alt-2.webp,1200,1600,portrait,activity,place,bright,YASUE YOSHIDA,https://maps.google.com/maps/contrib/100442459310991514816,false,Photo: YASUE YOSHIDA via Google Maps,google-maps-contributor,https://lh3.googleusercontent.com/gps-cs-s/AHRPTWnLuZrWBJ8zVn6ScvUSakETTNpo6HyPhXWrZa8zCuk1nw9syaLsQ25_1kv8hVGrrqqCs8BS2rBzFnn0LHlYE3gbBWJ36pC12B5XkGI2HkVEw8yFOin3HyGhJjbGeaCvqr3JMW70sfRJEWGJ=s2048,https://www.google.com/maps?cid=17607628693674624765
tokyo-4,器 日本橋夢東本店 / 日本橋左近本店,alt-3,tokyo/photos/tokyo-4/alt-3.webp,1200,1600,portrait,space-exterior,place,street|daytime,Akihito Yoshida,https://maps.google.com/maps/contrib/109573600418962204184,false,Photo: Akihito Yoshida via Google Maps,google-maps-contributor,https://lh3.googleusercontent.com/gps-cs-s/AHRPTWlcDxnxsTIM9DOEmKNc-RrZK-VBGqb9fsKv6KbcgmlLj292aN5whHm_C9X_3AeK-ObjtyfnVLB2UjzT5WJ7l63FNxCd1wW9NIT12Coskd8pECOsHtq5oeSo1nABJKMwr1zMoacnYtV7MeJe=s2048,https://www.google.com/maps?cid=17607628693674624765
tokyo-5,戦前のレール街灯,hero,tokyo/photos/tokyo-5/hero.webp,1600,800,landscape,detail,place,green|daytime,清水俊一,https://maps.google.com/maps/contrib/118144138167472361217,false,Photo: 清水俊一 via Google Maps,google-maps-contributor,https://lh3.googleusercontent.com/gps-cs-s/AHRPTWlkA45dPZP604QbVQ2lAQpk9xPifQJNJLAZGPlulHXwY1jz75QlV-c5wxrtljkS_uJdGomnrJ_iumRR27Uzrt83se7PQDJ-kBNzYQTaFoywTlKkVkqS4C8L47Hvys5G3_HcHLAE=s2048,https://www.google.com/maps?cid=10249151839035373802
tokyo-5,戦前のレール街灯,alt-1,tokyo/photos/tokyo-5/alt-1.webp,1200,1600,portrait,space-exterior,place,street|daytime|green,鑫#イ言θ月（覚満）,https://maps.google.com/maps/contrib/109012747184534266323,false,Photo: 鑫#イ言θ月（覚満） via Google Maps,google-maps-contributor,https://lh3.googleusercontent.com/grass-cs/ACvplmMjEj2J3O92wAMCSceCXSDtjCUq8pyPQe9dLmZ0mE1CzUNVgUwuKK5Xa12lhqRBi4i2WgnI7GKRsNRpiQdlLSIsRCdV_fLyqKo8Pdyc8HSdsdhMcrzmbVkfuCAb-LMu_byUjo56Yg=s2048,https://www.google.com/maps?cid=10249151839035373802
tokyo-5,戦前のレール街灯,alt-2,tokyo/photos/tokyo-5/alt-2.webp,1200,1600,portrait,detail,place,retro|green,立川藩主,https://maps.google.com/maps/contrib/104621410158023044956,false,Photo: 立川藩主 via Google Maps,google-maps-contributor,https://lh3.googleusercontent.com/gps-cs-s/AHRPTWkA5xIsDUmuKpxEEa9hP3DHkf6dTn9sMNRxHT_UL3NiHUvsPM6-4oxTR6esBfkJZYuXeQyKyS6zYS3JIpK3C5cyJ80kOYeKJ62DE8pwaJcpBTcz-a7KkDqtXRT9DIRgqhhWNWcFaIGO7dEM=s2048,https://www.google.com/maps?cid=10249151839035373802
tokyo-6,松陰鶴水,hero,tokyo/photos/tokyo-6/hero.webp,1600,1200,landscape,food,place,cozy,haute9,https://maps.google.com/maps/contrib/107793994965007962118,false,Photo: haute9 via Google Maps,google-maps-contributor,https://lh3.googleusercontent.com/gps-cs-s/ANWiy9Q-Np6vY2hJO6LKh-vn-nNx6ZwlvUqJegWTXZPs1eQRpUMICVDPRMCaegmNBIf627ZseVEBs_-Hvhav1EV1H9O7YWCZkgFVOd3rTv4Eezb3mGV9fmPQIUGxt-_-OAb_KPLEAfriokDJClwE=s2048,https://www.google.com/maps?cid=15309918296808985294
tokyo-6,松陰鶴水,alt-1,tokyo/photos/tokyo-6/alt-1.webp,1600,1600,square,food,place,design|moody,松陰鶴水,https://maps.google.com/maps/contrib/115581820921321056468,true,Photo: 松陰鶴水 via Google Maps,google-maps-contributor,https://lh3.googleusercontent.com/gps-cs-s/ANWiy9RxdOLbMUecD-zllx9jHvM93c36bI5QUhrg0d0Ua423VOhIXQ_Qra84wM56mIoyxfOZybyhGlIzdRaeEuxln6lc1vbXTGhZa251po5Bx6Qj3vGP_VCTIqq5a-34oZeeM50-FkE=s2048,https://www.google.com/maps?cid=15309918296808985294
tokyo-6,松陰鶴水,alt-2,tokyo/photos/tokyo-6/alt-2.webp,1200,1600,portrait,space-exterior,place,street|intimate,Y Oka,https://maps.google.com/maps/contrib/113568864413748644880,false,Photo: Y Oka via Google Maps,google-maps-contributor,https://lh3.googleusercontent.com/gps-cs-s/ANWiy9RSVCWbPTkOLyDy-cbzASsvuIWuh0o4UWaLY_RjdZYyrA4Z83Oy2uCAOqSUjVtN18glPTkitjhygz6Vt14eGeoRwvv541m7h7fNiUyY863z_BpwDeH1S6Q-S-xdYpJtfmRAllkILDyNqvZJ=s2048,https://www.google.com/maps?cid=15309918296808985294
tokyo-6,松陰鶴水,alt-3,tokyo/photos/tokyo-6/alt-3.webp,1200,1600,portrait,drink,place,cozy,haute9,https://maps.google.com/maps/contrib/107793994965007962118,false,Photo: haute9 via Google Maps,google-maps-contributor,https://lh3.googleusercontent.com/gps-cs-s/ANWiy9T2Q2pqXLRsT-dSBkpv7v_0uWoVf-wwYFbtqjgxdB--kNuAm1CyjyagWLpSd-dhvE611y-ejQs2Enb3K7zi1KIiWeVC1XxHBEcEMWUooWJWwcSDMOrqZS_ZhgVtvn3KF7rRcXIUWy9Kol4=s2048,https://www.google.com/maps?cid=15309918296808985294
tokyo-seisuke-knife-premium-knife-store,清助刃物(包丁専門店) かっぱ橋店 - Seisuke Knife (Premium Knife Store),hero,tokyo/photos/tokyo-seisuke-knife-premium-knife-store/hero.webp,1600,1200,landscape,space-interior,place,neon|design|moody,Steph McDowall,https://maps.google.com/maps/contrib/111359850071848597930,false,Photo: Steph McDowall via Google Maps,google-maps-contributor,https://lh3.googleusercontent.com/gps-cs-s/AHRPTWlRZWduUzHpU8uWj8vvdSgL1kFVweLqafaytP7e81b921gqAP_W7bnEznlh1Kds7KCz4YG8cfVqLV-o5tIutjcVd_iFr7lcxJhEmcQGeNoFDKPjfL1sqCTejiVkytn71WvR6kWybqZBcwsa=s2048,https://www.google.com/maps?cid=14774500254797966320
tokyo-seisuke-knife-premium-knife-store,清助刃物(包丁専門店) かっぱ橋店 - Seisuke Knife (Premium Knife Store),alt-1,tokyo/photos/tokyo-seisuke-knife-premium-knife-store/alt-1.webp,1600,1200,landscape,space-interior,place,neon|design,Kalam Party Hire,https://maps.google.com/maps/contrib/109960850768017314872,false,Photo: Kalam Party Hire via Google Maps,google-maps-contributor,https://lh3.googleusercontent.com/gps-cs-s/AHRPTWnNSDN1paXBewX_eDc2eydbTpxqBp8_9428C0F16qPMUpyIKaV6Z-SVOvES9l2kuDVl9_uFv8hJKXg-ZP0JMdixCZFrhUFGyTel5oiH6HBkj2WmbYwTwF3zi2AxWwh5fhne9Q83Dtywwm85=s2048,https://www.google.com/maps?cid=14774500254797966320
tokyo-seisuke-knife-premium-knife-store,清助刃物(包丁専門店) かっぱ橋店 - Seisuke Knife (Premium Knife Store),alt-2,tokyo/photos/tokyo-seisuke-knife-premium-knife-store/alt-2.webp,1200,1600,portrait,detail,place,design,陳陳,https://maps.google.com/maps/contrib/116127801812216881511,false,Photo: 陳陳 via Google Maps,google-maps-contributor,https://lh3.googleusercontent.com/gps-cs-s/AHRPTWkslep46ajA5bFDZNqtfZszUMosvxv1W9FotJXXy5yICKahgL4CsTURuMfIMHZun8hEGSKhTcB3e4oJzS5Lip2Pa6ieCx6Y9SKp1FS25Rh8qoD93nSVe88A-apKpSrU4wSz1zX8LABZ2wo=s2048,https://www.google.com/maps?cid=14774500254797966320
tokyo-seisuke-knife-premium-knife-store,清助刃物(包丁専門店) かっぱ橋店 - Seisuke Knife (Premium Knife Store),alt-3,tokyo/photos/tokyo-seisuke-knife-premium-knife-store/alt-3.webp,1600,1565,square,space-exterior,place,street|daytime,Sam Aberman,https://maps.google.com/maps/contrib/111941996399252793572,false,Photo: Sam Aberman via Google Maps,google-maps-contributor,https://lh3.googleusercontent.com/gps-cs-s/AHRPTWkvi9TMP3TEVU7izxu6y4eCsqhuDbYuKxu5PnomKhd_gGcWtLauOK-FSj9FSB-1AuicWZjYYY6vwAdhUfTo6vFZk39NtRvctbjJ6HV5jbNA_MIHsQidETJA2JFQnGTG4up-rKPk_r_R2ns=s2048,https://www.google.com/maps?cid=14774500254797966320
tokyo-izakaya-ajito,炭火焼鳥＆海鮮 居酒屋 味斗 新宿東口本店 IZAKAYA AJITO,hero,tokyo/photos/tokyo-izakaya-ajito/hero.webp,1600,1066,landscape,space-interior,place,moody|cozy|night,炭火焼鳥＆海鮮 居酒屋 味斗 新宿東口本店,https://maps.google.com/maps/contrib/111152471847223718971,false,Photo: 炭火焼鳥＆海鮮 居酒屋 味斗 新宿東口本店 via Google Maps,google-maps-contributor,https://lh3.googleusercontent.com/grass-cs/ACvplmP33BXXMSjgV9ux7SHrGE5keI_Iv6foxvT-QcQ5PY5XRzeRIf-lfJKVooL5wkQhVKiEgZBcqkVVRmK4Td1wMk4JRuCc8m2BkfTECT6Z5dkJmOXRkOr1VXG8d5SimnMXd5XLuA1lHCo1aGad=s2048,https://www.google.com/maps?cid=7751447338446385462
tokyo-izakaya-ajito,炭火焼鳥＆海鮮 居酒屋 味斗 新宿東口本店 IZAKAYA AJITO,alt-1,tokyo/photos/tokyo-izakaya-ajito/alt-1.webp,1600,1205,landscape,food,place,cozy,Miteesh Dhawotal,https://maps.google.com/maps/contrib/115929898587036430818,false,Photo: Miteesh Dhawotal via Google Maps,google-maps-contributor,https://lh3.googleusercontent.com/gps-cs-s/AHRPTWnq_6so8e79tyvlro_Oz18vSTm5bqade8uA8IRf5yWUEBh2mZAbkI8OWsW77QtZAQVTLzdhqxd9Xjrzzn_ODCVlK9RZEke1FtDmeqjO7dMSj7kqLDXrKCv4-sDB9m4vtMZqEEpFfBiuGyWX=s2048,https://www.google.com/maps?cid=7751447338446385462
tokyo-izakaya-ajito,炭火焼鳥＆海鮮 居酒屋 味斗 新宿東口本店 IZAKAYA AJITO,alt-2,tokyo/photos/tokyo-izakaya-ajito/alt-2.webp,1036,825,landscape,food,place,cozy,Joanne Van,https://maps.google.com/maps/contrib/101992156111292158059,false,Photo: Joanne Van via Google Maps,google-maps-contributor,https://lh3.googleusercontent.com/gps-cs-s/AHRPTWl_jxw-lwN-IjSHGkiBxzZ-T1867pIDQGL_AqiFSfSlACiXDVd0gYmqm55rIj5h1epzwGn9-s47NI0Ij4qWjWs85rU3N7LNEKIZ0RVYV9FqdIpjy5-K7tvtYBUmgkwfttVPH8K6fthjdz8j=s2048,https://www.google.com/maps?cid=7751447338446385462
tokyo-izakaya-ajito,炭火焼鳥＆海鮮 居酒屋 味斗 新宿東口本店 IZAKAYA AJITO,alt-3,tokyo/photos/tokyo-izakaya-ajito/alt-3.webp,1600,900,landscape,food,place,lively,suu,https://maps.google.com/maps/contrib/103112361268002091708,false,Photo: suu via Google Maps,google-maps-contributor,https://lh3.googleusercontent.com/gps-cs-s/AHRPTWkFpR-0Oe8CI63qzmYEGYiju0Svo4VEROX4-IRyUiwe0WD79BdQ8yUIXflL5DqQI1orbinCl-dD0hiUG7Pxx9Rs-pqh-An-Sz1fpxF36kqzGMsAr6oADMORqWfATcan7NkLN5rfDQ=s2048,https://www.google.com/maps?cid=7751447338446385462
tokyo-spa-re,発酵SPA Re + リプラス,hero,tokyo/photos/tokyo-spa-re/hero.webp,1600,1066,landscape,space-interior,place,serene|minimal|design,発酵SPA Re + リプラス,https://maps.google.com/maps/contrib/101439161612678786563,true,Photo: 発酵SPA Re + リプラス via Google Maps,google-maps-contributor,https://lh3.googleusercontent.com/gps-cs-s/AHRPTWkVtMltO1vsyoYnx-q5uFCXrTubvDfvzbY9iubTEkhTcc6A83NU71oH8J1xTCMTrVZL8YlCtVQckRdsA8Fa7lsES_XnA22wqV-7TWJw6PABncFwmxqazNdHk7W2cHXfc9Ba-3NQ_tP83Us8=s2048,https://www.google.com/maps?cid=9647626679624385813
tokyo-spa-re,発酵SPA Re + リプラス,alt-1,tokyo/photos/tokyo-spa-re/alt-1.webp,1600,1066,landscape,space-interior,place,minimal|bright|design,発酵SPA Re + リプラス,https://maps.google.com/maps/contrib/101439161612678786563,true,Photo: 発酵SPA Re + リプラス via Google Maps,google-maps-contributor,https://lh3.googleusercontent.com/gps-cs-s/AHRPTWllAH26LLy7x_aCZDsaXumvU5l9tnwknOaDE-GrJG0FmAFzdT9pC8hYQDtGFFkP_a3jAaOIpIxWO2nyQrpMiXrYmQ-Hw2xGvSJIqC0tEVH4wkb492ObPgYIDg8jKjDUFfrLGGWrExIXtH1Z=s2048,https://www.google.com/maps?cid=9647626679624385813
tokyo-spa-re,発酵SPA Re + リプラス,alt-2,tokyo/photos/tokyo-spa-re/alt-2.webp,1200,1600,portrait,space-interior,place,minimal|serene,にっしー,https://maps.google.com/maps/contrib/107468587437619010236,false,Photo: にっしー via Google Maps,google-maps-contributor,https://lh3.googleusercontent.com/gps-cs-s/AHRPTWn7ICOSssruxusDTfjC2RBqNaTgBMwWz5k3i0aI1mVfiiSK0YufDBpE9kEUUAp6jmNH9a8gNKECmkdz9wa3sgCNDH6RAijov5Q_BZ9OI1c9rhi1l11tFFHtAoFwQNbJqF72KKR0=s2048,https://www.google.com/maps?cid=9647626679624385813
tokyo-spa-re,発酵SPA Re + リプラス,alt-3,tokyo/photos/tokyo-spa-re/alt-3.webp,1200,1600,portrait,detail,place,minimal|bright,にっしー,https://maps.google.com/maps/contrib/107468587437619010236,false,Photo: にっしー via Google Maps,google-maps-contributor,https://lh3.googleusercontent.com/gps-cs-s/AHRPTWmLIjB5HMWigql1EXP26aERfMrht7x3GcZ1J1S-z5UNBNBwNcCLa2mX3g_P2ew6G0fjcp5GCa_7xX2bj0iGoY6kpftBm3c7A3eVwuxEVk7hqDG7pWa982k7XAJLoKniCyHxPU5U=s2048,https://www.google.com/maps?cid=9647626679624385813
tokyo-mitsuki,翠月 / Mitsuki,hero,tokyo/photos/tokyo-mitsuki/hero.webp,1600,1200,landscape,activity,place,neon|night|moody,Tak O.,https://maps.google.com/maps/contrib/108968570957290785575,false,Photo: Tak O. via Google Maps,google-maps-contributor,https://lh3.googleusercontent.com/gps-cs-s/ANWiy9TnJ84wajBkhoRJdsK9NzeoI4ZVQX5z7gRT3tcCSZ7_-S5e95AqKnbkXO89iFJDkSk0_NisuhekwRU3uRNvSF8SiAEQNTbLTfuFfe_ANFmcIZ3njdguZAHcTtHpTQl6PzATKAk1wg=s2048,https://www.google.com/maps?cid=10930138044644250116
tokyo-mitsuki,翠月 / Mitsuki,alt-1,tokyo/photos/tokyo-mitsuki/alt-1.webp,1200,1600,portrait,space-interior,place,neon|moody,B,https://maps.google.com/maps/contrib/109741097125426120571,false,Photo: B via Google Maps,google-maps-contributor,https://lh3.googleusercontent.com/gps-cs-s/ANWiy9RQDBckrwQV305WlAt-87WjEZ0IYkeIQFm8agE-NW_qe3s8Lj0MFB-Ulxjx-mJEjrKFRC5Xj-Ux1IdRzXvZctC84p66_vYSBOCesRHlaznFgME50GS3Px-V4rlooZZ6Qyq7EjgL=s2048,https://www.google.com/maps?cid=10930138044644250116
tokyo-mitsuki,翠月 / Mitsuki,alt-2,tokyo/photos/tokyo-mitsuki/alt-2.webp,1200,1600,portrait,detail,place,moody|neon,Max From P.,https://maps.google.com/maps/contrib/112271400082352972544,false,Photo: Max From P. via Google Maps,google-maps-contributor,https://lh3.googleusercontent.com/gps-cs-s/ANWiy9TMIClNq3cqjwbug3TwkR_ixP_XOmyGMkNmpjszhyxy_jGKvtj_B_Kdnh-L7-yy2qyULj0udPQjNSZbN3KAB-6pyLnK3J7Ejah_cYYrSGXpK8ClqK8Kve8VsK-gM206j5XqwJXWcClSiYqR=s2048,https://www.google.com/maps?cid=10930138044644250116
tokyo-mitsuki,翠月 / Mitsuki,alt-3,tokyo/photos/tokyo-mitsuki/alt-3.webp,1600,1200,landscape,space-exterior,place,street|daytime|retro,¡Vamos!,https://maps.google.com/maps/contrib/113504838925999761121,false,Photo: ¡Vamos! via Google Maps,google-maps-contributor,https://lh3.googleusercontent.com/grass-cs/ACvplmOcnvinHDY8rzu5ASCpimf6tE8FNma3xR0Wj8hni-RAM9Mic1CPKk2wChThMn7AgzNPeLlfxB-T4TaZ0LxJfHSiwIwHBOdxs3BBH5sBQNRjsuMmV0Na8PSgLUA12S0o2tNQVPrbeO4uVmOg=s2048,https://www.google.com/maps?cid=10930138044644250116
tokyo-7,自家製熟成麺 吉岡 目白総本店,hero,tokyo/photos/tokyo-7/hero.webp,1600,1200,landscape,food,place,cozy,けー,https://maps.google.com/maps/contrib/117342529892170682724,false,Photo: けー via Google Maps,google-maps-contributor,https://lh3.googleusercontent.com/gps-cs-s/ANWiy9Srl9pi2YzVTzUv0rVCwNFhEsafUiOBWyt-Iny2nemf1P22pR7m3ReJ3jd4AQ-LbAlk5nNTga8TvH_GvD8_W59IhJuKwpWlJNzbxqyWwxp6-ZyIq9WhSy3J4oHwhDs1DmNi7ERYs55EZiA=s2048,https://www.google.com/maps?cid=14237898800347415108
tokyo-7,自家製熟成麺 吉岡 目白総本店,alt-1,tokyo/photos/tokyo-7/alt-1.webp,1600,1200,landscape,food,place,cozy,すっぱぃみかん,https://maps.google.com/maps/contrib/114793105861568903741,false,Photo: すっぱぃみかん via Google Maps,google-maps-contributor,https://lh3.googleusercontent.com/gps-cs-s/ANWiy9Tl80ec1M8iB3bQ4Fbh-15KGuWkqo58NkF8HBc3ay64hvR_sI83e_grX9dLulN0CziUtphrE6sVXEw55jgL87Yrye2b3RIn4q-RNClSOTQcN8Pvc6p806H4mtQ_15y_iMAjs7Et09cpCSM=s2048,https://www.google.com/maps?cid=14237898800347415108
tokyo-7,自家製熟成麺 吉岡 目白総本店,alt-2,tokyo/photos/tokyo-7/alt-2.webp,1600,1200,landscape,food,place,cozy,にじよん,https://maps.google.com/maps/contrib/112785476531191996041,false,Photo: にじよん via Google Maps,google-maps-contributor,https://lh3.googleusercontent.com/gps-cs-s/ANWiy9QPKocgi2BxKfOoA23eV2gB0vW4QBWSuq8TDrhQbGDx7UJl85_LUc6OMcy_L7piABtHBePBpdRdcEO1fJAgb545ckmX9DXUfco6Y13blwjrCxqpS37ED4RZBvrnwT8xDin-qAgSMEMbUVss=s2048,https://www.google.com/maps?cid=14237898800347415108
tokyo-7,自家製熟成麺 吉岡 目白総本店,alt-3,tokyo/photos/tokyo-7/alt-3.webp,1600,1200,landscape,space-interior,place,bright,かなた,https://maps.google.com/maps/contrib/104886218461246375351,false,Photo: かなた via Google Maps,google-maps-contributor,https://lh3.googleusercontent.com/gps-cs-s/AHRPTWmf9tSyL_yCYlKS9rHWY-8Z_cPLm8nnL6Yg43zse9tDZoylbLtfKDI4pdvLnDsBP1b8GHnbwPkCMZZFOESelyJiwFW4GLoEO4d6coV9zLsLGCHbXvjpd4yIpWBnZdkiDT3zUPB8kHUaCzA=s2048,https://www.google.com/maps?cid=14237898800347415108
tokyo-8,菅野ビル,hero,tokyo/photos/tokyo-8/hero.webp,1600,1063,landscape,space-exterior,surroundings,green|serene,福原邦展,,,Photo: 福原邦展 via Wikimedia Commons,CC BY 3.0,https://thumb.wikimedia.org/wikipedia/commons/thumb/8/82/%E5%85%AB%E5%B9%A1%E7%A5%9E%E7%A4%BE%28%E9%BA%BB%E5%B8%83%29_-_panoramio.jpg/3840px-%E5%85%AB%E5%B9%A1%E7%A5%9E%E7%A4%BE%28%E9%BA%BB%E5%B8%83%29_-_panoramio.jpg,https://www.google.com/maps?cid=5813678340442233983
tokyo-8,菅野ビル,alt-1,tokyo/photos/tokyo-8/alt-1.webp,1600,1205,landscape,view,surroundings,skyline|green|daytime,Syced,,,Photo: Syced via Wikimedia Commons,CC0,https://thumb.wikimedia.org/wikipedia/commons/thumb/7/75/Azabudai_Hills%2C_opening_day_41.jpg/3840px-Azabudai_Hills%2C_opening_day_41.jpg,https://www.google.com/maps?cid=5813678340442233983
tokyo-8,菅野ビル,alt-2,tokyo/photos/tokyo-8/alt-2.webp,1600,1205,landscape,detail,surroundings,serene|garden,Syced,,,Photo: Syced via Wikimedia Commons,CC0,https://thumb.wikimedia.org/wikipedia/commons/thumb/2/2a/Buildings_around_Roppongi_9.jpg/3840px-Buildings_around_Roppongi_9.jpg,https://www.google.com/maps?cid=5813678340442233983
tokyo-8,菅野ビル,alt-3,tokyo/photos/tokyo-8/alt-3.webp,1600,1205,landscape,space-exterior,surroundings,design|daytime|garden,Syced,,,Photo: Syced via Wikimedia Commons,CC0,https://thumb.wikimedia.org/wikipedia/commons/thumb/1/14/Azabudai_Hills%2C_opening_day_6.jpg/3840px-Azabudai_Hills%2C_opening_day_6.jpg,https://www.google.com/maps?cid=5813678340442233983
tokyo-ren,蓮 Ren,hero,tokyo/photos/tokyo-ren/hero.webp,1600,1200,landscape,food,place,moody|design,蓮 Ren,https://maps.google.com/maps/contrib/110874614600739038775,true,Photo: 蓮 Ren via Google Maps,google-maps-contributor,https://lh3.googleusercontent.com/gps-cs-s/AHRPTWlrdpd4sykSm9FFotLFHCD-q1xiuS5BDf1EpNKilJM_tqqT9A5zFQoMkBzlrdy-sMNgAEG3bj41GbH8_TlpaXfkkvS6hLhx2rYL-ozA43jweS2m1GzyPirsL6Zk72f5Z2oFMWDbIMZ0T0i2=s2048,https://www.google.com/maps?cid=14468150098588917179
tokyo-ren,蓮 Ren,alt-1,tokyo/photos/tokyo-ren/alt-1.webp,1200,1600,portrait,space-interior,place,counter-seating|moody|design,蓮 Ren,https://maps.google.com/maps/contrib/110874614600739038775,true,Photo: 蓮 Ren via Google Maps,google-maps-contributor,https://lh3.googleusercontent.com/gps-cs-s/AHRPTWkDosHoGR0_jbQ0Bbt4_Q6Bmvp26i-kyg6R_HWP91DrALzn4P1raGjrtHwnIhmYwUBx1L2qhCiXA3Doa6We1aV468Om8Eh8rQ2h18kgm5YtpJ5OLHcmrBrc3cykIHELO9mvEidFUffUtGx5=s2048,https://www.google.com/maps?cid=14468150098588917179
tokyo-ren,蓮 Ren,alt-2,tokyo/photos/tokyo-ren/alt-2.webp,1600,1067,landscape,food,place,moody,蓮 Ren,https://maps.google.com/maps/contrib/110874614600739038775,true,Photo: 蓮 Ren via Google Maps,google-maps-contributor,https://lh3.googleusercontent.com/gps-cs-s/AHRPTWk_A4BWMJfmDRcDOhTBryob5cBmolvrPfvhKpFb1SUWUh6umyyn1Vt-OqZkrY5zNMedmQkJTjNTH8FehLtgqV27RoVZinwyPAYXUUWJv9y8do_vx0calDUJfj_2akaMCLl1_jpbuiRqVdSo=s2048,https://www.google.com/maps?cid=14468150098588917179
tokyo-ren,蓮 Ren,alt-3,tokyo/photos/tokyo-ren/alt-3.webp,1200,1600,portrait,food,place,intimate,Hii,https://maps.google.com/maps/contrib/104655558021587629731,false,Photo: Hii via Google Maps,google-maps-contributor,https://lh3.googleusercontent.com/gps-cs-s/AHRPTWnNIGhcww9-PEMOBEteyNeP64533eRvZqnslXJo3ZWUbiH7ZXyFfFJy8bKNSPTusyWYBKenJH5NTwdQ5SCdibP5l0nVP9BhfMdI5OGMTys8L88w3YGBSwB6SnKwU4SsO84mnJ9qOX1Gp8ky=s2048,https://www.google.com/maps?cid=14468150098588917179
tokyo-zorokuyuzan-roppongi,蔵六雄山 六本木本店 ZOROKUYUZAN ROPPONGI,hero,tokyo/photos/tokyo-zorokuyuzan-roppongi/hero.webp,1600,1065,landscape,space-interior,place,counter-seating|design|serene,蔵六雄山,https://maps.google.com/maps/contrib/117609962862393523337,true,Photo: 蔵六雄山 via Google Maps,google-maps-contributor,https://lh3.googleusercontent.com/grass-cs/ACvplmM6RN1gv1Vbz19OzdSHOVOtx5LEF5yQq1VV8l3O-3Fvnp_kpBgx0pS0bomZX4_n2fYx_o1k7-gosGkH-lwFEu6vNul8mjt6ch0EGiN61ok20KLbNoAcNmijAOB405JzHo_aTMbMGqDKRbE=s2048,https://www.google.com/maps?cid=17716496910165501172
tokyo-zorokuyuzan-roppongi,蔵六雄山 六本木本店 ZOROKUYUZAN ROPPONGI,alt-1,tokyo/photos/tokyo-zorokuyuzan-roppongi/alt-1.webp,1600,1065,landscape,food,place,moody|minimal,蔵六雄山,https://maps.google.com/maps/contrib/117609962862393523337,true,Photo: 蔵六雄山 via Google Maps,google-maps-contributor,https://lh3.googleusercontent.com/gps-cs-s/AHRPTWnkpbJjFu07knS96HsoD_pPUOW5XFhI8UGHuMienwjfWzH7f-hnmo1oeaqgsGFfXooa8gHgOLBqE4CdQwyafvtszAQfc3MlO-1UyDkgttSRPXMkC4tL-yBsxr0wAjw6ArkgZcnzXPA-zNi2=s2048,https://www.google.com/maps?cid=17716496910165501172
tokyo-zorokuyuzan-roppongi,蔵六雄山 六本木本店 ZOROKUYUZAN ROPPONGI,alt-2,tokyo/photos/tokyo-zorokuyuzan-roppongi/alt-2.webp,1600,1065,landscape,detail,place,design|serene,蔵六雄山,https://maps.google.com/maps/contrib/117609962862393523337,true,Photo: 蔵六雄山 via Google Maps,google-maps-contributor,https://lh3.googleusercontent.com/gps-cs-s/AHRPTWmPzTSx3P1kSAiwZs8pLvzPu7rUgrudumOBVnBMKmWNXNwTY6PHFjGeQzn9iL6vayD9P9gNVeRJ_COXiBVk3gb3WkQ_UQOjbhdagmq__l1N7rRqYz0Y9kpgqDPrksFVLMTrJaYsQsPTHN5E=s2048,https://www.google.com/maps?cid=17716496910165501172
tokyo-zorokuyuzan-roppongi,蔵六雄山 六本木本店 ZOROKUYUZAN ROPPONGI,alt-3,tokyo/photos/tokyo-zorokuyuzan-roppongi/alt-3.webp,1176,1176,square,food,place,counter-seating|minimal,ツバサバサ,https://maps.google.com/maps/contrib/114242191659937909804,false,Photo: ツバサバサ via Google Maps,google-maps-contributor,https://lh3.googleusercontent.com/gps-cs-s/AHRPTWm8iJJIlVnCunV3qIIoEoMbsxXe_kEQbTfcm8vUZTpUUuUNSsm58hPYovsro3AWRPEKMR3sPZJnSasYaMQ_CLMhU627g2DN9tiuTTQmIJDbtEc5oVo89xu-WOGUHqKf2iXVB62PPsp3PwVn=s2048,https://www.google.com/maps?cid=17716496910165501172
tokyo-ototo,青山Ototo（青山おとと）,hero,tokyo/photos/tokyo-ototo/hero.webp,1600,1200,landscape,food,place,cozy,Meguyoshi Tong,https://maps.google.com/maps/contrib/118396173074959793135,false,Photo: Meguyoshi Tong via Google Maps,google-maps-contributor,https://lh3.googleusercontent.com/gps-cs-s/AHRPTWl5BXgDn68c9biHJu7xZFXvumTUXsYvt37oDcoVQP2LFwB02UqshlY6vmrxRrWGnvDf4TzcGYckGeOEzRpLBiIsbi_jaWHP7GBxE8ebAWrhDrJxGjIzXXvLCFPT-mFrvROYtjLi-JP9Be4E=s2048,https://www.google.com/maps?cid=9931385806924503180
tokyo-ototo,青山Ototo（青山おとと）,alt-1,tokyo/photos/tokyo-ototo/alt-1.webp,1600,1200,landscape,activity,place,counter-seating|cozy,Sunny Chang,https://maps.google.com/maps/contrib/100188339394054869397,false,Photo: Sunny Chang via Google Maps,google-maps-contributor,https://lh3.googleusercontent.com/gps-cs-s/AHRPTWntEm1hkW4-brF1O6sCE2dAAhpucvr5GKVAby_Hh4DwotzWwTqcyHmx09wlQh1sdWRuZ--QnMWUlOahne1oplpT30KNhVBPe8RRH33zLDCV9YSWqcCQrA0-6U6GC-HxGGzpQ9tqDbu_6iPM=s2048,https://www.google.com/maps?cid=9931385806924503180
tokyo-ototo,青山Ototo（青山おとと）,alt-2,tokyo/photos/tokyo-ototo/alt-2.webp,1446,1600,square,food,place,cozy,Y. COCO (COCO1128),https://maps.google.com/maps/contrib/114821146170184145595,false,Photo: Y. COCO (COCO1128) via Google Maps,google-maps-contributor,https://lh3.googleusercontent.com/gps-cs-s/AHRPTWlfukrQXX2XpjRVDgPU2CDkM7f5YZzHypWjTm8jaWIUyqXkmJn-EmfIhbOheWh36euoi7FIVv_nh7Jn4dJSbE3Q9GEguBvGESA4nFYHKLOPWOsGvcMWB-TP1_i_a1gueIaGotnPoDDcdas=s2048,https://www.google.com/maps?cid=9931385806924503180
tokyo-ototo,青山Ototo（青山おとと）,alt-3,tokyo/photos/tokyo-ototo/alt-3.webp,1600,1600,square,space-interior,place,counter-seating|cozy,金子洋平,https://maps.google.com/maps/contrib/116716057532627353676,false,Photo: 金子洋平 via Google Maps,google-maps-contributor,https://lh3.googleusercontent.com/gps-cs-s/AHRPTWnPSe9QpKzr27HQ7Q8fb4LLb43jRUm_D-F1183o-3uYwgJZuYhwFb3Yt4UEZTvX9RzvT9mJSi_4Cuqbw1T23aFk1mLYzlfd0NkLV5ZGq6PfWgzbVWv5_bwQOL571-tThJoMMzDnTmchePVN=s2048,https://www.google.com/maps?cid=9931385806924503180
tokyo-9,魚河岸 次郎松,hero,tokyo/photos/tokyo-9/hero.webp,1005,670,landscape,food,place,minimal,魚河岸 次郎松,https://maps.google.com/maps/contrib/116199769602869837675,false,Photo: 魚河岸 次郎松 via Google Maps,google-maps-contributor,https://lh3.googleusercontent.com/gps-cs-s/ANWiy9Tqviz2b56JrvRf9lvJXieCjLWkzEW8MpW_RFZG9xUPqYgRsgaJSM9NrCVWRCYZ_-puS5sv1_ODdm-cZNlU_m2aLmWWtJD8DOrlrEYostkgc2C1ssc-pjsd2gjdfO4LU5k3c_U08bIRU-rw=s2048,https://www.google.com/maps?cid=16069581854058243341
tokyo-9,魚河岸 次郎松,alt-1,tokyo/photos/tokyo-9/alt-1.webp,1600,1200,landscape,space-exterior,place,retro|cozy,爆牙兔Laura,https://maps.google.com/maps/contrib/101919159691037057393,false,Photo: 爆牙兔Laura via Google Maps,google-maps-contributor,https://lh3.googleusercontent.com/grass-cs/ACvplmNSp5S8Ns5UNqNyUXKVIJEY_jCTW100d75RXF8wQX3h0XEE70takwdH058-649TuoRU3QualZguxgwexD4PrW_gWm7r46r0k_eDPQII9jWf_HplGUGGAz1HUhSnXbWxOWMjkow5y6Nm5fE=s2048,https://www.google.com/maps?cid=16069581854058243341
tokyo-9,魚河岸 次郎松,alt-2,tokyo/photos/tokyo-9/alt-2.webp,1600,1598,square,food,place,minimal|counter-seating,ごんた,https://maps.google.com/maps/contrib/108611857665133500094,false,Photo: ごんた via Google Maps,google-maps-contributor,https://lh3.googleusercontent.com/gps-cs-s/ANWiy9TQYOEV4Eb3NdDWEAAAyz7pUuft6guE2W9-p6LWP1kSz_3Rpikj4UCJ2bjXDzrQF7gBQUgyzY0zI4j3NTsCKyDzknno4jKegKu7F0HXBU-LaFS5ykTJKAkf3Ng-FHYfEGgWNwkLpQ=s2048,https://www.google.com/maps?cid=16069581854058243341
tokyo-9,魚河岸 次郎松,alt-3,tokyo/photos/tokyo-9/alt-3.webp,1200,1600,portrait,food,place,cozy,Jorge Gonzalez,https://maps.google.com/maps/contrib/108137129279836758294,false,Photo: Jorge Gonzalez via Google Maps,google-maps-contributor,https://lh3.googleusercontent.com/gps-cs-s/ANWiy9Th9wt0oKcEWNswKO8GnitfMa1OuO26Fxp2hIgr0NMDwDUygY_NsIgiARnz3N5AVPB1HtqUBLB5S4WP6fJJVUn-GHE30MnSis0pYKkQ0_ARe5WEmiovcQRREJkFymO5fwzfx1DJ_umRyfr8=s2048,https://www.google.com/maps?cid=16069581854058243341
